Date,Store ID,Product Name,Category,Region,Year,Quarter,Day,DayOfWeek,EWMA
2011-03-15,0,0,0,0,2011,1,15,1,22.271069491735332
2011-03-17,0,0,0,0,2011,1,17,3,37.103302118801494
2011-03-18,0,0,0,0,2011,1,18,4,36.67747658910112
2011-03-20,0,0,0,0,2011,1,20,6,34.14560744182584
2011-03-21,0,0,0,0,2011,1,21,0,46.00920558136938
2011-03-22,0,0,0,0,2011,1,22,1,41.14440418602704
2011-03-23,0,0,0,0,2011,1,23,2,60.10830313952028
2011-03-24,0,0,0,0,2011,1,24,3,48.031227354640215
2011-03-27,0,0,0,0,2011,1,27,6,56.42342051598016
2011-03-28,0,0,0,0,2011,1,28,0,60.017565386985126
2011-03-29,0,0,0,0,2011,1,29,1,103.51317404023885
2011-03-30,0,0,0,0,2011,1,30,2,98.03488053017915
2011-04-01,0,0,0,0,2011,2,1,4,82.37616039763435
2011-04-03,0,0,0,0,2011,2,3,6,65.46962029822576
2011-04-04,0,0,0,0,2011,2,4,0,69.50221522366931
2011-04-05,0,0,0,0,2011,2,5,1,72.77666141775198
2011-04-06,0,0,0,0,2011,2,6,2,63.432496063313984
2011-04-07,0,0,0,0,2011,2,7,3,50.52437204748549
2011-04-08,0,0,0,0,2011,2,8,4,47.48077903561412
2011-04-11,0,0,0,0,2011,2,11,0,46.67308427671059
2011-04-12,0,0,0,0,2011,2,12,1,55.40481320753294
2011-04-13,0,0,0,0,2011,2,13,2,70.80360990564971
2011-04-14,0,0,0,0,2011,2,14,3,58.265207429237286
2011-04-18,0,0,0,0,2011,2,18,0,89.66140557192796
2011-04-19,0,0,0,0,2011,2,19,1,71.67105417894597
2011-04-26,0,0,0,0,2011,2,26,1,148.62829063420946
2011-04-28,0,0,0,0,2011,2,28,3,131.8712179756571
2011-05-03,0,0,0,0,2011,2,3,1,116.60341348174282
2011-05-04,0,0,0,0,2011,2,4,2,100.72756011130713
2011-05-05,0,0,0,0,2011,2,5,3,82.18317008348035
2011-05-06,0,0,0,0,2011,2,6,4,127.26237756261025
2011-05-08,0,0,0,0,2011,2,8,6,108.7217831719577
2011-05-09,0,0,0,0,2011,2,9,0,183.54133737896828
2011-05-10,0,0,0,0,2011,2,10,1,179.93100303422622
2011-05-11,0,0,0,0,2011,2,11,2,172.31075227566964
2011-05-12,0,0,0,0,2011,2,12,3,155.78306420675224
2011-05-13,0,0,0,0,2011,2,13,4,121.26229815506419
2011-05-15,0,0,0,0,2011,2,15,6,104.22172361629815
2011-05-17,0,0,0,0,2011,2,17,1,102.99129271222361
2011-05-18,0,0,0,0,2011,2,18,2,99.3684695341677
2011-05-19,0,0,0,0,2011,2,19,3,78.95135215062577
2011-05-20,0,0,0,0,2011,2,20,4,76.91351411296932
2011-05-22,0,0,0,0,2011,2,22,6,62.11013558472699
2011-05-23,0,0,0,0,2011,2,23,0,91.80760168854523
2011-05-24,0,0,0,0,2011,2,24,1,88.03070126640893
2011-05-25,0,0,0,0,2011,2,25,2,74.8730259498067
2011-05-26,0,0,0,0,2011,2,26,3,548.634769462355
2011-05-29,0,0,0,0,2011,2,29,6,412.9510770967663
2011-06-01,0,0,0,0,2011,2,1,2,314.13830782257475
2011-06-03,0,0,0,0,2011,2,3,4,244.45373086693107
2011-06-05,0,0,0,0,2011,2,5,6,201.04029815019828
2011-06-06,0,0,0,0,2011,2,6,0,205.10522361264873
2011-06-07,0,0,0,0,2011,2,7,1,174.22891770948655
2011-06-10,0,0,0,0,2011,2,10,4,139.52168828211492
2011-06-15,0,0,0,0,2011,2,15,2,130.20376621158618
2011-06-19,0,0,0,0,2011,2,19,6,140.66532465868963
2011-06-21,0,0,0,0,2011,2,21,1,108.44899349401722
2011-06-23,0,0,0,0,2011,2,23,3,101.98674512051292
2011-06-26,0,0,0,0,2011,2,26,6,96.89005884038468
2011-06-29,0,0,0,0,2011,2,29,2,95.28004413028852
2011-06-30,0,0,0,0,2011,2,30,3,84.7350330977164
2011-07-01,0,0,0,0,2011,3,1,4,64.2887748232873
2011-07-03,0,0,0,0,2011,3,3,6,52.64158111746548
2011-07-07,0,0,0,0,2011,3,7,3,43.906185838099105
2011-07-10,0,0,0,0,2011,3,10,6,36.61713937857433
2011-07-11,0,0,0,0,2011,3,11,0,29.675354533930744
2011-07-12,0,0,0,0,2011,3,12,1,128.88651590044807
2011-07-13,0,0,0,0,2011,3,13,2,102.56488692533605
2011-07-14,0,0,0,0,2011,3,14,3,180.64866519400204
2011-07-18,0,0,0,0,2011,3,18,0,156.87399889550153
2011-07-19,0,0,0,0,2011,3,19,1,199.25549917162613
2011-07-20,0,0,0,0,2011,3,20,2,155.34162437871962
2011-07-21,0,0,0,0,2011,3,21,3,119.4562182840397
2011-07-22,0,0,0,0,2011,3,22,4,134.81716371302977
2011-07-24,0,0,0,0,2011,3,24,6,141.91287278477233
2011-07-27,0,0,0,0,2011,3,27,2,126.83465458857924
2011-07-28,0,0,0,0,2011,3,28,3,483.9259909414344
2011-07-29,0,0,0,0,2011,3,29,4,382.1194932060758
2011-07-31,0,0,0,0,2011,3,31,6,327.38961990455687
2011-08-01,0,0,0,0,2011,3,1,0,249.96721492841766
2011-08-03,0,0,0,0,2011,3,3,2,218.45041119631324
2011-08-04,0,0,0,0,2011,3,4,3,184.48780839723494
2011-08-05,0,0,0,0,2011,3,5,4,150.9033562979262
2011-08-07,0,0,0,0,2011,3,7,6,144.64001722344466
2011-08-08,0,0,0,0,2011,3,8,0,128.88001291758349
2011-08-09,0,0,0,0,2011,3,9,1,100.34750968818761
2011-08-10,0,0,0,0,2011,3,10,2,116.0606322661407
2011-08-11,0,0,0,0,2011,3,11,3,107.44547419960551
2011-08-14,0,0,0,0,2011,3,14,6,87.95910564970413
2011-08-15,0,0,0,0,2011,3,15,0,68.91932923727809
2011-08-16,0,0,0,0,2011,3,16,1,55.37699692795857
2011-08-17,0,0,0,0,2011,3,17,2,50.38274769596893
2011-08-18,0,0,0,0,2011,3,18,3,39.9995607719767
2011-08-23,0,0,0,0,2011,3,23,1,96.36217057898253
2011-08-24,0,0,0,0,2011,3,24,2,92.67162793423691
2011-08-31,0,0,0,0,2011,3,31,2,89.9037209506777
2011-09-01,0,0,0,0,2011,3,1,3,85.12779071300828
2011-09-02,0,0,0,0,2011,3,2,4,72.69584303475622
2011-09-05,0,0,0,0,2011,3,5,0,67.79688227606717
2011-09-06,0,0,0,0,2011,3,6,1,104.92266170705038
2011-09-11,0,0,0,0,2011,3,11,6,119.00449628028778
2011-09-13,0,0,0,0,2011,3,13,1,91.46587221021585
2011-09-14,0,0,0,0,2011,3,14,2,73.02440415766189
2011-09-15,0,0,0,0,2011,3,15,3,138.58080311824642
2011-09-19,0,0,0,0,2011,3,19,0,124.58560233868482
2011-09-20,0,0,0,0,2011,3,20,1,382.4142017540137
2011-09-25,0,0,0,0,2011,3,25,6,316.06065131551026
2011-09-26,0,0,0,0,2011,3,26,0,241.4704884866327
2011-09-28,0,0,0,0,2011,3,28,2,232.9653663649745
2011-09-29,0,0,0,0,2011,3,29,3,195.1240247737309
2011-09-30,0,0,0,0,2011,3,30,4,150.7680185802982
2011-10-02,0,0,0,0,2011,4,2,6,113.81351393522364
2011-10-04,0,0,0,0,2011,4,4,1,86.83513545141773
2011-10-05,0,0,0,0,2011,4,5,2,81.35135158856329
2011-10-07,0,0,0,0,2011,4,7,4,66.91351369142247
2011-10-10,0,0,0,0,2011,4,10,0,60.510135268566856
2011-10-13,0,0,0,0,2011,4,13,3,47.595101451425144
2011-10-20,0,0,0,0,2011,4,20,3,48.97132608856886
2011-10-21,0,0,0,0,2011,4,21,4,38.20349456642665
2011-10-24,0,0,0,0,2011,4,24,0,33.07762092481998
2011-10-25,0,0,0,0,2011,4,25,1,27.758215693614986
2011-10-27,0,0,0,0,2011,4,27,3,50.068661770211236
2011-10-28,0,0,0,0,2011,4,28,4,78.35149632765842
2011-10-30,0,0,0,0,2011,4,30,6,98.33862224574382
2011-10-31,0,0,0,0,2011,4,31,0,94.15396668430787
2011-11-01,0,0,0,0,2011,4,1,1,72.0904750132309
2011-11-03,0,0,0,0,2011,4,3,3,1056.1178562599232
2011-11-04,0,0,0,0,2011,4,4,4,816.9133921949424
2011-11-06,0,0,0,0,2011,4,6,6,625.2225441462068
2011-11-07,0,0,0,0,2011,4,7,0,471.86690810965507
2011-11-08,0,0,0,0,2011,4,8,1,380.45018108224133
2011-11-10,0,0,0,0,2011,4,10,3,286.07513581168104
2011-11-11,0,0,0,0,2011,4,11,4,248.23135185876077
2011-11-13,0,0,0,0,2011,4,13,6,210.2610138940706
2011-11-14,0,0,0,0,2011,4,14,0,413.6957604205529
2011-11-15,0,0,0,0,2011,4,15,1,316.9093203154147
2011-11-16,0,0,0,0,2011,4,16,2,287.331990236561
2011-11-17,0,0,0,0,2011,4,17,3,233.19899267742073
2011-11-18,0,0,0,0,2011,4,18,4,179.32424450806556
2011-11-20,0,0,0,0,2011,4,20,6,184.14318338104917
2011-11-21,0,0,0,0,2011,4,21,0,147.69488753578688
2011-11-22,0,0,0,0,2011,4,22,1,131.17116565184017
2011-11-23,0,0,0,0,2011,4,23,2,100.59087423888013
2011-11-25,0,0,0,0,2011,4,25,4,157.0431556791601
2011-11-28,0,0,0,0,2011,4,28,0,138.18236675937007
2011-11-29,0,0,0,0,2011,4,29,1,130.67427506952754
2011-11-30,0,0,0,0,2011,4,30,2,115.70570630214566
2011-12-01,0,0,0,0,2011,4,1,3,90.46677972660925
2011-12-02,0,0,0,0,2011,4,2,4,75.96258479495692
2011-12-04,0,0,0,0,2011,4,4,6,58.4469385962177
2011-12-05,0,0,0,0,2011,4,5,0,61.535203947163275
2011-12-07,0,0,0,0,2011,4,7,2,66.55140296037246
2011-12-08,0,0,0,0,2011,4,8,3,70.31355222027935
2011-03-15,0,1,1,0,2011,1,15,1,54.65751050867672
2011-03-17,0,1,1,0,2011,1,17,3,45.86813288150754
2011-03-20,0,1,1,0,2011,1,20,6,49.02609966113066
2011-03-21,0,1,1,0,2011,1,21,0,51.39457474584799
2011-03-22,0,1,1,0,2011,1,22,1,39.520931059385994
2011-03-23,0,1,1,0,2011,1,23,2,30.6156982945395
2011-03-28,0,1,1,0,2011,1,28,0,28.811773720904625
2011-03-29,0,1,1,0,2011,1,29,1,67.73383029067847
2011-03-30,0,1,1,0,2011,1,30,2,138.17537271800884
2011-04-04,0,1,1,0,2011,2,4,0,157.41652953850664
2011-04-05,0,1,1,0,2011,2,5,1,162.81239715387997
2011-04-13,0,1,1,0,2011,2,13,2,132.50929786541
2011-04-15,0,1,1,0,2011,2,15,4,109.7819733990575
2011-04-18,0,1,1,0,2011,2,18,0,127.08648004929313
2011-04-20,0,1,1,0,2011,2,20,2,100.51486003696985
2011-04-21,0,1,1,0,2011,2,21,3,120.1361450277274
2011-04-26,0,1,1,0,2011,2,26,1,134.85210877079555
2011-05-04,0,1,1,0,2011,2,4,2,103.73908157809666
2011-05-06,0,1,1,0,2011,2,6,4,83.5243111835725
2011-05-08,0,1,1,0,2011,2,8,6,73.04323338767938
2011-05-10,0,1,1,0,2011,2,10,1,109.93242504075954
2011-05-11,0,1,1,0,2011,2,11,2,87.64931878056966
2011-05-13,0,1,1,0,2011,2,13,4,110.48698908542724
2011-05-17,0,1,1,0,2011,2,17,1,93.26524181407044
2011-05-19,0,1,1,0,2011,2,19,3,85.54893136055281
2011-05-20,0,1,1,0,2011,2,20,4,169.2616985204146
2011-05-22,0,1,1,0,2011,2,22,6,152.94627389031095
2011-05-23,0,1,1,0,2011,2,23,0,180.2597054177332
2011-05-24,0,1,1,0,2011,2,24,1,140.3947790632999
2011-05-27,0,1,1,0,2011,2,27,4,115.69608429747493
2011-05-31,0,1,1,0,2011,2,31,1,90.93206322310618
2011-06-03,0,1,1,0,2011,2,3,4,79.63904741732964
2011-06-05,0,1,1,0,2011,2,5,6,66.48928556299722
2011-06-07,0,1,1,0,2011,2,7,1,106.57696417224793
2011-06-08,0,1,1,0,2011,2,8,2,90.33272312918595
2011-06-09,0,1,1,0,2011,2,9,3,78.14954234688946
2011-06-12,0,1,1,0,2011,2,12,6,103.3621567601671
2011-06-15,0,1,1,0,2011,2,15,2,110.28161757012533
2011-06-16,0,1,1,0,2011,2,16,3,87.91121317759401
2011-06-21,0,1,1,0,2011,2,21,1,115.88340988319551
2011-06-23,0,1,1,0,2011,2,23,3,93.15255741239663
2011-06-27,0,1,1,0,2011,2,27,0,114.61441805929748
2011-06-29,0,1,1,0,2011,2,29,2,91.16081354447311
2011-06-30,0,1,1,0,2011,2,30,3,68.89061015835483
2011-07-01,0,1,1,0,2011,3,1,4,56.86795761876613
2011-07-03,0,1,1,0,2011,3,3,6,44.73096821407459
2011-07-05,0,1,1,0,2011,3,5,1,43.94822616055594
2011-07-06,0,1,1,0,2011,3,6,2,84.47116962041696
2011-07-12,0,1,1,0,2011,3,12,1,65.43337721531272
2011-07-13,0,1,1,0,2011,3,13,2,50.635032911484544
2011-07-14,0,1,1,0,2011,3,14,3,43.176274683613414
2011-07-17,0,1,1,0,2011,3,17,6,34.98220601271006
2011-07-18,0,1,1,0,2011,3,18,0,29.356654509532543
2011-07-19,0,1,1,0,2011,3,19,1,23.057490882149406
2011-07-20,0,1,1,0,2011,3,20,2,62.04311816161206
2011-07-21,0,1,1,0,2011,3,21,3,62.132338621209044
2011-07-22,0,1,1,0,2011,3,22,4,51.799253965906786
2011-07-25,0,1,1,0,2011,3,25,0,44.04944047443009
2011-07-26,0,1,1,0,2011,3,26,1,38.23708035582257
2011-07-29,0,1,1,0,2011,3,29,4,33.87781026686693
2011-08-01,0,1,1,0,2011,3,1,0,160.1783577001502
2011-08-02,0,1,1,0,2011,3,2,1,125.33376827511266
2011-08-03,0,1,1,0,2011,3,3,2,102.3203262063345
2011-08-04,0,1,1,0,2011,3,4,3,97.54024465475088
2011-08-07,0,1,1,0,2011,3,7,6,83.55518349106316
2011-08-08,0,1,1,0,2011,3,8,0,107.41638761829736
2011-08-09,0,1,1,0,2011,3,9,1,85.76229071372303
2011-08-10,0,1,1,0,2011,3,10,2,74.72171803529228
2011-08-11,0,1,1,0,2011,3,11,3,71.64128852646922
2011-08-15,0,1,1,0,2011,3,15,0,54.77096639485192
2011-08-16,0,1,1,0,2011,3,16,1,43.67822479613894
2011-08-17,0,1,1,0,2011,3,17,2,37.95866859710421
2011-08-18,0,1,1,0,2011,3,18,3,49.26900144782816
2011-08-21,0,1,1,0,2011,3,21,6,55.151751085871126
2011-08-22,0,1,1,0,2011,3,22,0,67.36381331440334
2011-08-24,0,1,1,0,2011,3,24,2,55.722859985802515
2011-08-25,0,1,1,0,2011,3,25,3,52.19214498935188
2011-08-26,0,1,1,0,2011,3,26,4,49.54410874201391
2011-09-01,0,1,1,0,2011,3,1,3,42.358081556510434
2011-09-02,0,1,1,0,2011,3,2,4,47.36856116738283
2011-09-04,0,1,1,0,2011,3,4,6,37.60642087553712
2011-09-05,0,1,1,0,2011,3,5,0,39.64481565665284
2011-09-06,0,1,1,0,2011,3,6,1,34.93361174248963
2011-09-07,0,1,1,0,2011,3,7,2,73.55020880686723
2011-09-11,0,1,1,0,2011,3,11,6,60.88265660515042
2011-09-13,0,1,1,0,2011,3,13,1,46.701992453862815
2011-09-15,0,1,1,0,2011,3,15,3,46.466494340397105
2011-09-16,0,1,1,0,2011,3,16,4,50.44987075529783
2011-09-19,0,1,1,0,2011,3,19,0,39.39740306647337
2011-09-20,0,1,1,0,2011,3,20,1,34.74805229985503
2011-09-21,0,1,1,0,2011,3,21,2,115.56103922489127
2011-09-22,0,1,1,0,2011,3,22,3,162.32077941866845
2011-09-25,0,1,1,0,2011,3,25,6,137.34058456400135
2011-09-27,0,1,1,0,2011,3,27,1,157.43043842300102
2011-09-28,0,1,1,0,2011,3,28,2,127.43282881725077
2011-09-29,0,1,1,0,2011,3,29,3,103.37462161293807
2011-10-05,0,1,1,0,2011,4,5,2,127.48096620970355
2011-10-06,0,1,1,0,2011,4,6,3,100.81072465727767
2011-10-07,0,1,1,0,2011,4,7,4,120.35804349295826
2011-10-09,0,1,1,0,2011,4,9,6,95.4685326197187
2011-10-10,0,1,1,0,2011,4,10,0,82.00139946478903
2011-10-11,0,1,1,0,2011,4,11,1,71.90104959859178
2011-10-17,0,1,1,0,2011,4,17,0,60.16578719894384
2011-10-18,0,1,1,0,2011,4,18,1,46.16434039920788
2011-10-21,0,1,1,0,2011,4,21,4,35.66325529940591
2011-10-23,0,1,1,0,2011,4,23,6,28.307441474554434
2011-10-25,0,1,1,0,2011,4,25,1,26.430581105915824
2011-10-27,0,1,1,0,2011,4,27,3,20.34293582943687
2011-10-30,0,1,1,0,2011,4,30,6,20.45720187207765
2011-11-02,0,1,1,0,2011,4,2,2,16.382901404058238
2011-11-03,0,1,1,0,2011,4,3,3,17.48717605304368
2011-11-04,0,1,1,0,2011,4,4,4,14.155382039782758
2011-11-06,0,1,1,0,2011,4,6,6,32.99153652983707
2011-11-07,0,1,1,0,2011,4,7,0,45.5436523973778
2011-11-08,0,1,1,0,2011,4,8,1,64.31773929803336
2011-11-09,0,1,1,0,2011,4,9,2,103.90830447352502
2011-11-10,0,1,1,0,2011,4,10,3,531.6712283551437
2011-11-13,0,1,1,0,2011,4,13,6,401.3534212663578
2011-11-14,0,1,1,0,2011,4,14,0,306.21506594976836
2011-11-15,0,1,1,0,2011,4,15,1,240.06129946232628
2011-11-16,0,1,1,0,2011,4,16,2,198.2459745967447
2011-11-17,0,1,1,0,2011,4,17,3,153.88448094755853
2011-11-18,0,1,1,0,2011,4,18,4,115.9333607106689
2011-11-20,0,1,1,0,2011,4,20,6,94.23002053300166
2011-11-21,0,1,1,0,2011,4,21,0,75.87251539975125
2011-11-22,0,1,1,0,2011,4,22,1,62.10438654981344
2011-11-23,0,1,1,0,2011,4,23,2,51.77828991236008
2011-11-24,0,1,1,0,2011,4,24,3,49.233717434270055
2011-11-25,0,1,1,0,2011,4,25,4,42.64528807570254
2011-11-27,0,1,1,0,2011,4,27,6,42.383966056776906
2011-11-28,0,1,1,0,2011,4,28,0,33.86797454258268
2011-11-29,0,1,1,0,2011,4,29,1,33.200980906937005
2011-11-30,0,1,1,0,2011,4,30,2,29.060735680202754
2011-12-01,0,1,1,0,2011,4,1,3,24.395551760152067
2011-12-02,0,1,1,0,2011,4,2,4,23.496663820114048
2011-12-05,0,1,1,0,2011,4,5,0,38.42249786508553
2011-12-06,0,1,1,0,2011,4,6,1,29.33687339881415
2011-12-08,0,1,1,0,2011,4,8,3,47.48265504911061
2011-03-16,0,2,2,0,2011,1,16,2,118.62893168346906
2011-03-17,0,2,2,0,2011,1,17,3,132.77169876260177
2011-03-21,0,2,2,0,2011,1,21,0,159.31627407195134
2011-03-22,0,2,2,0,2011,1,22,1,141.79970555396352
2011-03-23,0,2,2,0,2011,1,23,2,328.5372791654726
2011-03-24,0,2,2,0,2011,1,24,3,249.59045937410446
2011-03-25,0,2,2,0,2011,1,25,4,203.13034453057833
2011-03-28,0,2,2,0,2011,1,28,0,196.97275839793375
2011-03-30,0,2,2,0,2011,1,30,2,210.65456879845033
2011-03-31,0,2,2,0,2011,1,31,3,223.69092659883773
2011-04-04,0,2,2,0,2011,2,4,0,190.08069494912831
2011-04-05,0,2,2,0,2011,2,5,1,158.49802121184624
2011-04-06,0,2,2,0,2011,2,6,2,122.06101590888468
2011-04-07,0,2,2,0,2011,2,7,3,101.10826193166352
2011-04-08,0,2,2,0,2011,2,8,4,79.01869644874765
2011-04-11,0,2,2,0,2011,2,11,0,150.05152233656074
2011-04-12,0,2,2,0,2011,2,12,1,115.72614175242055
2011-04-13,0,2,2,0,2011,2,13,2,89.98210631431542
2011-04-14,0,2,2,0,2011,2,14,3,155.08657973573656
2011-04-18,0,2,2,0,2011,2,18,0,122.68993480180242
2011-04-19,0,2,2,0,2011,2,19,1,95.20495110135181
2011-04-20,0,2,2,0,2011,2,20,2,103.27871332601386
2011-04-28,0,2,2,0,2011,2,28,3,134.0090349945104
2011-05-03,0,2,2,0,2011,2,3,1,141.9442762458828
2011-05-04,0,2,2,0,2011,2,4,2,112.8332071844121
2011-05-05,0,2,2,0,2011,2,5,3,159.88740538830905
2011-05-06,0,2,2,0,2011,2,6,4,139.0405540412318
2011-05-08,0,2,2,0,2011,2,8,6,136.15541553092385
2011-05-10,0,2,2,0,2011,2,10,1,118.05406164819289
2011-05-11,0,2,2,0,2011,2,11,2,104.47804623614466
2011-05-12,0,2,2,0,2011,2,12,3,425.9835346771085
2011-05-13,0,2,2,0,2011,2,13,4,325.86265100783135
2011-05-16,0,2,2,0,2011,2,16,0,247.5844882558735
2011-05-17,0,2,2,0,2011,2,17,1,188.87586619190512
2011-05-19,0,2,2,0,2011,2,19,3,320.04439964392884
2011-05-20,0,2,2,0,2011,2,20,4,359.5082997329466
2011-05-24,0,2,2,0,2011,2,24,1,311.06872479970997
2011-05-25,0,2,2,0,2011,2,25,2,239.67654359978246
2011-05-27,0,2,2,0,2011,2,27,4,186.13240769983685
2011-05-29,0,2,2,0,2011,2,29,6,149.16180577487762
2011-05-31,0,2,2,0,2011,2,31,1,115.05885433115822
2011-06-01,0,2,2,0,2011,2,1,2,99.04414074836866
2011-06-07,0,2,2,0,2011,2,7,1,93.4081055612765
2011-06-08,0,2,2,0,2011,2,8,2,79.61857917095737
2011-06-09,0,2,2,0,2011,2,9,3,103.51393437821802
2011-06-14,0,2,2,0,2011,2,14,1,84.01045078366352
2011-06-15,0,2,2,0,2011,2,15,2,69.38283808774764
2011-06-20,0,2,2,0,2011,2,20,0,58.41212856581073
2011-06-21,0,2,2,0,2011,2,21,1,150.53409642435804
2011-06-22,0,2,2,0,2011,2,22,2,116.08807231826853
2011-06-23,0,2,2,0,2011,2,23,3,130.8660542387014
2011-06-24,0,2,2,0,2011,2,24,4,104.52454067902605
2011-06-27,0,2,2,0,2011,2,27,0,84.76840550926954
2011-06-28,0,2,2,0,2011,2,28,1,69.95130413195216
2011-06-30,0,2,2,0,2011,2,30,3,71.58847809896412
2011-07-01,0,2,2,0,2011,3,1,4,113.42885857422309
2011-07-03,0,2,2,0,2011,3,3,6,94.6341439306673
2011-07-06,0,2,2,0,2011,3,6,2,114.77560794800048
2011-07-14,0,2,2,0,2011,3,14,3,399.0567059610003
2011-07-15,0,2,2,0,2011,3,15,4,315.23002947075025
2011-07-18,0,2,2,0,2011,3,18,0,242.7975221030627
2011-07-19,0,2,2,0,2011,3,19,1,225.89814157729705
2011-07-20,0,2,2,0,2011,3,20,2,182.17360618297278
2011-07-21,0,2,2,0,2011,3,21,3,230.60520463722958
2011-07-22,0,2,2,0,2011,3,22,4,376.4289034779222
2011-07-25,0,2,2,0,2011,3,25,0,285.50917760844163
2011-07-28,0,2,2,0,2011,3,28,3,220.50688320633122
2011-07-29,0,2,2,0,2011,3,29,4,174.94266240474843
2011-08-03,0,2,2,0,2011,3,3,2,150.3319968035613
2011-08-04,0,2,2,0,2011,3,4,3,194.87399760267098
2011-08-07,0,2,2,0,2011,3,7,6,205.89299820200324
2011-08-08,0,2,2,0,2011,3,8,0,198.2197486515024
2011-08-09,0,2,2,0,2011,3,9,1,155.0398114886268
2011-08-11,0,2,2,0,2011,3,11,3,125.84235861647011
2011-08-15,0,2,2,0,2011,3,15,0,100.75676896235258
2011-08-17,0,2,2,0,2011,3,17,2,119.36757672176444
2011-08-18,0,2,2,0,2011,3,18,3,186.68818254132333
2011-08-19,0,2,2,0,2011,3,19,4,143.20363690599248
2011-08-21,0,2,2,0,2011,3,21,6,113.77772767949436
2011-08-24,0,2,2,0,2011,3,24,2,123.58329575962077
2011-08-25,0,2,2,0,2011,3,25,3,139.67497181971555
2011-09-01,0,2,2,0,2011,3,1,3,148.55622886478665
2011-09-11,0,2,2,0,2011,3,11,6,246.00467164858998
2011-09-12,0,2,2,0,2011,3,12,0,203.6285037364425
2011-09-13,0,2,2,0,2011,3,13,1,184.59637780233186
2011-09-18,0,2,2,0,2011,3,18,6,148.0097833517489
2011-09-20,0,2,2,0,2011,3,20,1,130.13233751381168
2011-09-21,0,2,2,0,2011,3,21,2,103.97425313535877
2011-09-22,0,2,2,0,2011,3,22,3,84.35568985151907
2011-09-27,0,2,2,0,2011,3,27,1,172.76676738863932
2011-09-29,0,2,2,0,2011,3,29,3,132.7625755414795
2011-10-02,0,2,2,0,2011,4,2,6,102.75943165610963
2011-10-03,0,2,2,0,2011,4,3,0,83.44457374208221
2011-10-06,0,2,2,0,2011,4,6,3,172.08343030656167
2011-10-10,0,2,2,0,2011,4,10,0,141.81257272992124
2011-10-11,0,2,2,0,2011,4,11,1,109.54692954744093
2011-10-14,0,2,2,0,2011,4,14,4,88.5351971605807
2011-10-16,0,2,2,0,2011,4,16,6,72.77639787043552
2011-10-17,0,2,2,0,2011,4,17,0,67.33229840282664
2011-10-18,0,2,2,0,2011,4,18,1,60.06172380211998
2011-10-19,0,2,2,0,2011,4,19,2,54.60879285158998
2011-10-20,0,2,2,0,2011,4,20,3,44.144094638692486
2011-10-23,0,2,2,0,2011,4,23,6,39.48307097901937
2011-10-25,0,2,2,0,2011,4,25,1,45.54980323426452
2011-10-26,0,2,2,0,2011,4,26,2,77.96235242569838
2011-10-27,0,2,2,0,2011,4,27,3,99.90926431927379
2011-10-28,0,2,2,0,2011,4,28,4,81.30694823945534
2011-10-31,0,2,2,0,2011,4,31,0,123.9052111795915
2011-11-03,0,2,2,0,2011,4,3,3,131.1789083846936
2011-11-04,0,2,2,0,2011,4,4,4,339.2841812885202
2011-11-06,0,2,2,0,2011,4,6,6,257.65063596639015
2011-11-08,0,2,2,0,2011,4,8,1,199.61297697479262
2011-11-10,0,2,2,0,2011,4,10,3,159.27223273109445
2011-11-14,0,2,2,0,2011,4,14,0,122.64167454832084
2011-11-15,0,2,2,0,2011,4,15,1,101.54375591124062
2011-11-17,0,2,2,0,2011,4,17,3,123.14531693343046
2011-11-20,0,2,2,0,2011,4,20,6,95.54648770007284
2011-11-21,0,2,2,0,2011,4,21,0,84.40986577505464
2011-11-22,0,2,2,0,2011,4,22,1,72.86989933129098
2011-11-23,0,2,2,0,2011,4,23,2,104.82742449846823
2011-11-25,0,2,2,0,2011,4,25,4,94.55806837385117
2011-11-29,0,2,2,0,2011,4,29,1,289.9185512803884
2011-11-30,0,2,2,0,2011,4,30,2,223.8139134602913
2011-12-01,0,2,2,0,2011,4,1,3,174.23543509521846
2011-12-02,0,2,2,0,2011,4,2,4,156.17657632141385
2011-12-05,0,2,2,0,2011,4,5,0,123.50743224106039
2011-12-06,0,2,2,0,2011,4,6,1,443.03057418079527
2011-12-08,0,2,2,0,2011,4,8,3,338.6479306355965
2011-03-16,0,3,3,0,2011,1,16,2,36.164809331359514
2011-03-17,0,3,3,0,2011,1,17,3,47.403606998519635
2011-03-18,0,3,3,0,2011,1,18,4,41.04520524888972
2011-03-21,0,3,3,0,2011,1,21,0,34.163903936667296
2011-03-22,0,3,3,0,2011,1,22,1,29.00292795250047
2011-03-24,0,3,3,0,2011,1,24,3,31.892195964375354
2011-03-25,0,3,3,0,2011,1,25,4,27.299146973281513
2011-03-28,0,3,3,0,2011,1,28,0,47.514360229961135
2011-03-30,0,3,3,0,2011,1,30,2,39.01577017247085
2011-04-05,0,3,3,0,2011,2,5,1,104.16182762935314
2011-04-08,0,3,3,0,2011,2,8,4,91.64137072201486
2011-04-11,0,3,3,0,2011,2,11,0,82.25102804151113
2011-04-12,0,3,3,0,2011,2,12,1,78.58827103113336
2011-04-13,0,3,3,0,2011,2,13,2,69.08120327335001
2011-04-14,0,3,3,0,2011,2,14,3,68.7109024550125
2011-04-17,0,3,3,0,2011,2,17,6,54.91317684125938
2011-04-18,0,3,3,0,2011,2,18,0,56.39488263094454
2011-04-19,0,3,3,0,2011,2,19,1,52.4361619732084
2011-04-20,0,3,3,0,2011,2,20,2,46.087121479906294
2011-04-26,0,3,3,0,2011,2,26,1,48.085341109929715
2011-04-28,0,3,3,0,2011,2,28,3,49.58400583244729
2011-05-04,0,3,3,0,2011,2,4,2,40.568004374335466
2011-05-06,0,3,3,0,2011,2,6,4,54.0860032807516
2011-05-08,0,3,3,0,2011,2,8,6,50.7045024605637
2011-05-09,0,3,3,0,2011,2,9,0,44.788376845422775
2011-05-10,0,3,3,0,2011,2,10,1,60.631282634067084
2011-05-11,0,3,3,0,2011,2,11,2,48.85346197555032
2011-05-12,0,3,3,0,2011,2,12,3,56.92009648166274
2011-05-13,0,3,3,0,2011,2,13,4,46.07007236124706
2011-05-17,0,3,3,0,2011,2,17,1,37.93255427093529
2011-05-18,0,3,3,0,2011,2,18,2,31.829415703201466
2011-05-20,0,3,3,0,2011,2,20,4,47.5320617774011
2011-05-23,0,3,3,0,2011,2,23,0,42.40904633305082
2011-05-24,0,3,3,0,2011,2,24,1,55.46678474978812
2011-05-25,0,3,3,0,2011,2,25,2,47.092588562341085
2011-05-29,0,3,3,0,2011,2,29,6,38.699441421755814
2011-05-31,0,3,3,0,2011,2,31,1,42.544581066316866
2011-06-02,0,3,3,0,2011,2,2,3,42.048435799737646
2011-06-03,0,3,3,0,2011,2,3,4,55.196326849803235
2011-06-05,0,3,3,0,2011,2,5,6,54.917245137352424
2011-06-08,0,3,3,0,2011,2,8,2,47.94793385301431
2011-06-10,0,3,3,0,2011,2,10,4,46.10095038976073
2011-06-16,0,3,3,0,2011,2,16,3,44.71571279232055
2011-06-17,0,3,3,0,2011,2,17,4,40.71928459424041
2011-06-19,0,3,3,0,2011,2,19,6,33.919463445680314
2011-06-20,0,3,3,0,2011,2,20,0,28.819597584260233
2011-06-21,0,3,3,0,2011,2,21,1,30.909698188195172
2011-06-22,0,3,3,0,2011,2,22,2,33.32227364114638
2011-06-23,0,3,3,0,2011,2,23,3,38.51170523085979
2011-06-30,0,3,3,0,2011,2,30,3,32.26377892314484
2011-07-01,0,3,3,0,2011,3,1,4,30.957834192358632
2011-07-06,0,3,3,0,2011,3,6,2,33.358375644268975
2011-07-07,0,3,3,0,2011,3,7,3,41.918781733201726
2011-07-10,0,3,3,0,2011,3,10,6,38.199086299901296
2011-07-11,0,3,3,0,2011,3,11,0,30.339314724925973
2011-07-12,0,3,3,0,2011,3,12,1,26.13448604369448
2011-07-13,0,3,3,0,2011,3,13,2,23.825864532770858
2011-07-17,0,3,3,0,2011,3,17,6,24.629398399578143
2011-07-20,0,3,3,0,2011,3,20,2,22.697048799683607
2011-07-21,0,3,3,0,2011,3,21,3,20.402786599762702
2011-07-22,0,3,3,0,2011,3,22,4,22.062089949822024
2011-07-24,0,3,3,0,2011,3,24,6,19.926567462366517
2011-07-25,0,3,3,0,2011,3,25,0,21.704925596774885
2011-07-27,0,3,3,0,2011,3,27,2,29.798694197581163
2011-07-28,0,3,3,0,2011,3,28,3,32.48902064818587
2011-07-29,0,3,3,0,2011,3,29,4,48.0267654861394
2011-07-31,0,3,3,0,2011,3,31,6,42.78007411460455
2011-08-01,0,3,3,0,2011,3,1,0,38.84505558595341
2011-08-03,0,3,3,0,2011,3,3,2,35.893791689465054
2011-08-04,0,3,3,0,2011,3,4,3,38.32784376709879
2011-08-05,0,3,3,0,2011,3,5,4,43.5333828253241
2011-08-07,0,3,3,0,2011,3,7,6,90.65003711899307
2011-08-10,0,3,3,0,2011,3,10,2,91.6475278392448
2011-08-17,0,3,3,0,2011,3,17,2,78.8756458794336
2011-08-18,0,3,3,0,2011,3,18,3,65.91673440957521
2011-08-19,0,3,3,0,2011,3,19,4,62.957550807181406
2011-08-24,0,3,3,0,2011,3,24,2,67.49816310538606
2011-08-25,0,3,3,0,2011,3,25,3,170.00362232903953
2011-08-28,0,3,3,0,2011,3,28,6,130.88271674677964
2011-09-02,0,3,3,0,2011,3,2,4,101.54203756008472
2011-09-06,0,3,3,0,2011,3,6,1,82.91652817006354
2011-09-08,0,3,3,0,2011,3,8,3,75.70739612754765
2011-09-13,0,3,3,0,2011,3,13,1,77.06054709566074
2011-09-15,0,3,3,0,2011,3,15,3,115.79541032174555
2011-09-16,0,3,3,0,2011,3,16,4,103.74655774130918
2011-09-19,0,3,3,0,2011,3,19,0,87.94991830598188
2011-09-20,0,3,3,0,2011,3,20,1,69.3424387294864
2011-09-21,0,3,3,0,2011,3,21,2,58.766829047114804
2011-09-22,0,3,3,0,2011,3,22,3,115.59512178533609
2011-09-25,0,3,3,0,2011,3,25,6,96.83634133900206
2011-09-27,0,3,3,0,2011,3,27,1,82.76725600425155
2011-09-28,0,3,3,0,2011,3,28,2,68.83544200318866
2011-09-29,0,3,3,0,2011,3,29,3,82.04658150239149
2011-10-05,0,3,3,0,2011,4,5,2,81.81493612679361
2011-10-06,0,3,3,0,2011,4,6,3,95.1612020950952
2011-10-07,0,3,3,0,2011,4,7,4,78.13090157132142
2011-10-09,0,3,3,0,2011,4,9,6,59.02067617849106
2011-10-10,0,3,3,0,2011,4,10,0,54.4055071338683
2011-10-11,0,3,3,0,2011,4,11,1,47.56413035040122
2011-10-13,0,3,3,0,2011,4,13,3,49.19309776280092
2011-10-16,0,3,3,0,2011,4,16,6,53.79482332210069
2011-10-17,0,3,3,0,2011,4,17,0,47.10611749157552
2011-10-19,0,3,3,0,2011,4,19,2,46.31458811868164
2011-10-20,0,3,3,0,2011,4,20,3,38.11594108901124
2011-10-21,0,3,3,0,2011,4,21,4,31.966955816758425
2011-10-23,0,3,3,0,2011,4,23,6,40.87521686256882
2011-10-25,0,3,3,0,2011,4,25,1,44.176412646926615
2011-10-27,0,3,3,0,2011,4,27,3,36.51230948519496
2011-10-28,0,3,3,0,2011,4,28,4,34.14423211389622
2011-10-30,0,3,3,0,2011,4,30,6,55.183174085422166
2011-11-01,0,3,3,0,2011,4,1,1,102.76738056406663
2011-11-02,0,3,3,0,2011,4,2,2,80.45553542304997
2011-11-03,0,3,3,0,2011,4,3,3,97.52165156728748
2011-11-04,0,3,3,0,2011,4,4,4,83.28123867546562
2011-11-06,0,3,3,0,2011,4,6,6,71.75592900659922
2011-11-09,0,3,3,0,2011,4,9,2,67.33694675494941
2011-11-10,0,3,3,0,2011,4,10,3,57.26271006621206
2011-11-11,0,3,3,0,2011,4,11,4,69.98703254965903
2011-11-13,0,3,3,0,2011,4,13,6,59.25027441224427
2011-11-14,0,3,3,0,2011,4,14,0,78.23770580918321
2011-11-15,0,3,3,0,2011,4,15,1,63.32577935688741
2011-11-16,0,3,3,0,2011,4,16,2,79.18183451766555
2011-11-18,0,3,3,0,2011,4,18,4,66.14637588824917
2011-11-20,0,3,3,0,2011,4,20,6,57.21478191618688
2011-11-21,0,3,3,0,2011,4,21,0,63.19108643714016
2011-11-22,0,3,3,0,2011,4,22,1,57.53331482785512
2011-11-23,0,3,3,0,2011,4,23,2,46.529986120891344
2011-11-24,0,3,3,0,2011,4,24,3,37.0099895906685
2011-11-25,0,3,3,0,2011,4,25,4,89.13749219300138
2011-11-28,0,3,3,0,2011,4,28,0,73.61311914475104
2011-11-29,0,3,3,0,2011,4,29,1,58.58983935856328
2011-11-30,0,3,3,0,2011,4,30,2,54.082379518922465
2011-12-01,0,3,3,0,2011,4,1,3,47.32178463919185
2011-12-02,0,3,3,0,2011,4,2,4,113.77133847939389
2011-12-04,0,3,3,0,2011,4,4,6,86.17350385954542
2011-12-06,0,3,3,0,2011,4,6,1,126.01012789465906
2011-12-09,0,3,3,0,2011,4,9,4,101.26759592099431
2011-03-16,0,4,4,0,2011,1,16,2,64.40057415404246
2011-03-18,0,4,4,0,2011,1,18,4,58.20043061553184
2011-03-20,0,4,4,0,2011,1,20,6,100.47532296164889
2011-03-21,0,4,4,0,2011,1,21,0,110.00649222123667
2011-03-24,0,4,4,0,2011,1,24,3,92.40486916592751
2011-03-25,0,4,4,0,2011,1,25,4,76.72865187444563
2011-03-28,0,4,4,0,2011,1,28,0,77.34648890583422
2011-03-30,0,4,4,0,2011,1,30,2,114.83486667937566
2011-04-08,0,4,4,0,2011,2,8,4,126.96365000953176
2011-04-11,0,4,4,0,2011,2,11,0,105.12273750714883
2011-04-12,0,4,4,0,2011,2,12,1,83.79205313036162
2011-04-13,0,4,4,0,2011,2,13,2,67.79403984777122
2011-04-14,0,4,4,0,2011,2,14,3,118.80802988582842
2011-04-19,0,4,4,0,2011,2,19,1,106.43102241437131
2011-04-20,0,4,4,0,2011,2,20,2,84.77326681077848
2011-04-21,0,4,4,0,2011,2,21,3,167.3299501080839
2011-04-26,0,4,4,0,2011,2,26,1,136.63496258106292
2011-04-28,0,4,4,0,2011,2,28,3,117.32622193579718
2011-05-01,0,4,4,0,2011,2,1,6,91.70716645184788
2011-05-03,0,4,4,0,2011,2,3,1,78.68037483888591
2011-05-04,0,4,4,0,2011,2,4,2,83.76028112916444
2011-05-06,0,4,4,0,2011,2,6,4,144.39521084687334
2011-05-08,0,4,4,0,2011,2,8,6,124.38390813515501
2011-05-10,0,4,4,0,2011,2,10,1,167.43793110136625
2011-05-11,0,4,4,0,2011,2,11,2,135.47844832602468
2011-05-12,0,4,4,0,2011,2,12,3,176.2338362445185
2011-05-13,0,4,4,0,2011,2,13,4,142.0753771833889
2011-05-17,0,4,4,0,2011,2,17,1,111.50653288754167
2011-05-18,0,4,4,0,2011,2,18,2,91.05489966565625
2011-05-19,0,4,4,0,2011,2,19,3,78.1911747492422
2011-05-20,0,4,4,0,2011,2,20,4,113.09338106193165
2011-05-22,0,4,4,0,2011,2,22,6,124.42003579644873
2011-05-23,0,4,4,0,2011,2,23,0,98.26502684733656
2011-05-25,0,4,4,0,2011,2,25,2,78.64877013550242
2011-05-26,0,4,4,0,2011,2,26,3,68.88657760162681
2011-05-31,0,4,4,0,2011,2,31,1,56.61493320122011
2011-06-03,0,4,4,0,2011,2,3,4,47.411199900915086
2011-06-05,0,4,4,0,2011,2,5,6,52.88339992568632
2011-06-06,0,4,4,0,2011,2,6,0,44.61254994426474
2011-06-07,0,4,4,0,2011,2,7,1,38.40941245819856
2011-06-08,0,4,4,0,2011,2,8,2,98.00705934364892
2011-06-09,0,4,4,0,2011,2,9,3,111.8677945077367
2011-06-14,0,4,4,0,2011,2,14,1,103.70084588080253
2011-06-15,0,4,4,0,2011,2,15,2,82.7256344106019
2011-06-16,0,4,4,0,2011,2,16,3,76.89422580795141
2011-06-19,0,4,4,0,2011,2,19,6,63.85816935596356
2011-06-20,0,4,4,0,2011,2,20,0,60.26862701697267
2011-06-22,0,4,4,0,2011,2,22,2,63.7639702627295
2011-06-23,0,4,4,0,2011,2,23,3,82.47297769704713
2011-06-27,0,4,4,0,2011,2,27,0,63.09223327278534
2011-06-29,0,4,4,0,2011,2,29,2,57.21917495458901
2011-06-30,0,4,4,0,2011,2,30,3,62.714381215941756
2011-07-01,0,4,4,0,2011,3,1,4,66.83578591195632
2011-07-03,0,4,4,0,2011,3,3,6,55.076839433967244
2011-07-04,0,4,4,0,2011,3,4,0,93.18262957547543
2011-07-05,0,4,4,0,2011,3,5,1,81.02447218160658
2011-07-07,0,4,4,0,2011,3,7,3,65.71835413620494
2011-07-08,0,4,4,0,2011,3,8,4,54.238765602153705
2011-07-12,0,4,4,0,2011,3,12,1,45.62907420161528
2011-07-13,0,4,4,0,2011,3,13,2,44.12180565121146
2011-07-14,0,4,4,0,2011,3,14,3,34.328854238408596
2011-07-18,0,4,4,0,2011,3,18,0,28.221640678806448
2011-07-19,0,4,4,0,2011,3,19,1,50.86623050910484
2011-07-22,0,4,4,0,2011,3,22,4,99.92467288182863
2011-07-24,0,4,4,0,2011,3,24,6,79.89350466137147
2011-07-25,0,4,4,0,2011,3,25,0,69.8201284960286
2011-07-26,0,4,4,0,2011,3,26,1,67.21509637202146
2011-07-27,0,4,4,0,2011,3,27,2,75.1613222790161
2011-07-28,0,4,4,0,2011,3,28,3,108.24599170926209
2011-07-29,0,4,4,0,2011,3,29,4,86.13449378194657
2011-07-31,0,4,4,0,2011,3,31,6,84.40087033645993
2011-08-03,0,4,4,0,2011,3,3,2,83.10065275234494
2011-08-04,0,4,4,0,2011,3,4,3,127.81298956425871
2011-08-05,0,4,4,0,2011,3,5,4,105.75974217319404
2011-08-07,0,4,4,0,2011,3,7,6,86.74480662989554
2011-08-09,0,4,4,0,2011,3,9,1,67.53360497242164
2011-08-10,0,4,4,0,2011,3,10,2,55.600203729316235
2011-08-15,0,4,4,0,2011,3,15,0,42.93765279698717
2011-08-17,0,4,4,0,2011,3,17,2,47.05323959774038
2011-08-19,0,4,4,0,2011,3,19,4,50.13992969830529
2011-08-22,0,4,4,0,2011,3,22,0,47.504947273728966
2011-08-25,0,4,4,0,2011,3,25,3,139.37871045529675
2011-08-26,0,4,4,0,2011,3,26,4,109.48403284147257
2011-08-28,0,4,4,0,2011,3,28,6,83.35052463110442
2011-09-01,0,4,4,0,2011,3,1,3,72.41289347332832
2011-09-02,0,4,4,0,2011,3,2,4,64.20967010499625
2011-09-06,0,4,4,0,2011,3,6,1,104.9822525787472
2011-09-08,0,4,4,0,2011,3,8,3,83.6866894340604
2011-09-09,0,4,4,0,2011,3,9,4,66.47751707554531
2011-09-11,0,4,4,0,2011,3,11,6,74.60813780665899
2011-09-13,0,4,4,0,2011,3,13,1,60.906103354994244
2011-09-14,0,4,4,0,2011,3,14,2,51.867077516245686
2011-09-18,0,4,4,0,2011,3,18,6,47.56280813718427
2011-09-19,0,4,4,0,2011,3,19,0,40.6221061028882
2011-09-20,0,4,4,0,2011,3,20,1,35.416579577166154
2011-09-22,0,4,4,0,2011,3,22,3,41.88743468287461
2011-09-25,0,4,4,0,2011,3,25,6,41.31557601215596
2011-09-26,0,4,4,0,2011,3,26,0,33.46168200911697
2011-09-29,0,4,4,0,2011,3,29,3,34.996261506837726
2011-10-03,0,4,4,0,2011,4,3,0,31.197196130128294
2011-10-07,0,4,4,0,2011,4,7,4,37.010397097596226
2011-10-10,0,4,4,0,2011,4,10,0,30.23279782319717
2011-10-11,0,4,4,0,2011,4,11,1,27.624598367397876
2011-10-12,0,4,4,0,2011,4,12,2,30.61844877554841
2011-10-16,0,4,4,0,2011,4,16,6,30.388836581661305
2011-10-17,0,4,4,0,2011,4,17,0,25.26662743624598
2011-10-18,0,4,4,0,2011,4,18,1,23.899970577184483
2011-10-19,0,4,4,0,2011,4,19,2,20.399977932888362
2011-10-24,0,4,4,0,2011,4,24,0,16.537483449666272
2011-10-25,0,4,4,0,2011,4,25,1,32.203112587249706
2011-10-27,0,4,4,0,2011,4,27,3,31.57733444043728
2011-10-28,0,4,4,0,2011,4,28,4,28.63300083032796
2011-10-31,0,4,4,0,2011,4,31,0,36.32475062274597
2011-11-01,0,4,4,0,2011,4,1,1,28.481062967059476
2011-11-03,0,4,4,0,2011,4,3,3,26.310797225294607
2011-11-04,0,4,4,0,2011,4,4,4,49.43309791897096
2011-11-06,0,4,4,0,2011,4,6,6,42.26232343922822
2011-11-07,0,4,4,0,2011,4,7,0,36.646742579421165
2011-11-08,0,4,4,0,2011,4,8,1,28.722556934565876
2011-11-09,0,4,4,0,2011,4,9,2,40.10441770092441
2011-11-11,0,4,4,0,2011,4,11,4,49.8783132756933
2011-11-14,0,4,4,0,2011,4,14,0,41.121234956769975
2011-11-23,0,4,4,0,2011,4,23,2,46.92842621757748
2011-11-24,0,4,4,0,2011,4,24,3,41.38381966318311
2011-11-25,0,4,4,0,2011,4,25,4,35.987864747387334
2011-11-29,0,4,4,0,2011,4,29,1,31.9408985605405
2011-12-01,0,4,4,0,2011,4,1,3,28.905673920405373
2011-12-02,0,4,4,0,2011,4,2,4,34.05425544030403
2011-03-14,0,5,0,0,2011,1,14,0,73.47899478509584
2011-03-17,0,5,0,0,2011,1,17,3,59.23424608882188
2011-03-20,0,5,0,0,2011,1,20,6,45.66318456661641
2011-03-21,0,5,0,0,2011,1,21,0,54.87238842496231
2011-03-22,0,5,0,0,2011,1,22,1,45.27929131872173
2011-03-24,0,5,0,0,2011,1,24,3,34.3719684890413
2011-03-28,0,5,0,0,2011,1,28,0,27.016476366780974
2011-03-30,0,5,0,0,2011,1,30,2,56.51235727508573
2011-04-03,0,5,0,0,2011,2,3,6,46.921767956314305
2011-04-04,0,5,0,0,2011,2,4,0,39.31632596723573
2011-04-07,0,5,0,0,2011,2,7,3,29.899744475426797
2011-04-08,0,5,0,0,2011,2,8,4,26.549808356570097
2011-04-11,0,5,0,0,2011,2,11,0,28.162356267427572
2011-04-14,0,5,0,0,2011,2,14,3,29.37176720057068
2011-04-15,0,5,0,0,2011,2,15,4,26.153825400428012
2011-04-18,0,5,0,0,2011,2,18,0,55.86536905032101
2011-04-19,0,5,0,0,2011,2,19,1,46.02402678774075
2011-04-20,0,5,0,0,2011,2,20,2,40.705520090805564
2011-04-28,0,5,0,0,2011,2,28,3,31.766640068104174
2011-05-05,0,5,0,0,2011,2,5,3,25.06248005107813
2011-05-06,0,5,0,0,2011,2,6,4,27.046860038308598
2011-05-09,0,5,0,0,2011,2,9,0,28.53514502873145
2011-05-11,0,5,0,0,2011,2,11,2,25.526358771548587
2011-05-12,0,5,0,0,2011,2,12,3,20.79476907866144
2011-05-13,0,5,0,0,2011,2,13,4,19.72107680899608
2011-05-16,0,5,0,0,2011,2,16,0,27.16580760674706
2011-05-22,0,5,0,0,2011,2,22,6,24.499355705060296
2011-05-23,0,5,0,0,2011,2,23,0,30.749516778795222
2011-05-24,0,5,0,0,2011,2,24,1,31.312137584096416
2011-05-27,0,5,0,0,2011,2,27,4,59.73410318807231
2011-05-29,0,5,0,0,2011,2,29,6,45.213077391054235
2011-05-31,0,5,0,0,2011,2,31,1,38.85980804329068
2011-06-03,0,5,0,0,2011,2,3,4,33.68235603246801
2011-06-05,0,5,0,0,2011,2,5,6,32.274267024351005
2011-06-07,0,5,0,0,2011,2,7,1,60.45570026826326
2011-06-08,0,5,0,0,2011,2,8,2,61.84177520119744
2011-06-09,0,5,0,0,2011,2,9,3,50.506331400898084
2011-06-12,0,5,0,0,2011,2,12,6,39.94224855067356
2011-06-15,0,5,0,0,2011,2,15,2,44.39418641300517
2011-06-16,0,5,0,0,2011,2,16,3,37.83313980975388
2011-06-20,0,5,0,0,2011,2,20,0,29.612354857315413
2011-06-23,0,5,0,0,2011,2,23,3,27.984266142986563
2011-06-26,0,5,0,0,2011,2,26,6,29.23819960723992
2011-06-30,0,5,0,0,2011,2,30,3,26.46614970542994
2011-07-03,0,5,0,0,2011,3,3,6,22.324612279072454
2011-07-04,0,5,0,0,2011,3,4,0,20.86845920930434
2011-07-05,0,5,0,0,2011,3,5,1,19.776344406978254
2011-07-06,0,5,0,0,2011,3,6,2,16.06975830523369
2011-07-10,0,5,0,0,2011,3,10,6,12.877318728925268
2011-07-12,0,5,0,0,2011,3,12,1,13.78298904669395
2011-07-13,0,5,0,0,2011,3,13,2,13.224741785020463
2011-07-17,0,5,0,0,2011,3,17,6,11.981056338765347
2011-07-18,0,5,0,0,2011,3,18,0,10.22329225407401
2011-07-19,0,5,0,0,2011,3,19,1,20.042469190555508
2011-07-22,0,5,0,0,2011,3,22,4,19.15685189291663
2011-07-24,0,5,0,0,2011,3,24,6,50.61763891968747
2011-07-25,0,5,0,0,2011,3,25,0,42.088229189765606
2011-07-28,0,5,0,0,2011,3,28,3,31.978671892324208
2011-08-01,0,5,0,0,2011,3,1,0,28.109003919243158
2011-08-02,0,5,0,0,2011,3,2,1,25.20675293943237
2011-08-03,0,5,0,0,2011,3,3,2,27.15506470457428
2011-08-04,0,5,0,0,2011,3,4,3,25.728798528430712
2011-08-05,0,5,0,0,2011,3,5,4,20.94659889632303
2011-08-07,0,5,0,0,2011,3,7,6,16.122449172242273
2011-08-08,0,5,0,0,2011,3,8,0,48.341836879181706
2011-08-09,0,5,0,0,2011,3,9,1,36.66887765938628
2011-08-10,0,5,0,0,2011,3,10,2,28.32665824453971
2011-08-11,0,5,0,0,2011,3,11,3,41.869993683404786
2011-08-16,0,5,0,0,2011,3,16,1,40.47749526255359
2011-08-17,0,5,0,0,2011,3,17,2,34.48312144691519
2011-08-18,0,5,0,0,2011,3,18,3,34.112341085186394
2011-08-22,0,5,0,0,2011,3,22,0,25.9967558138898
2011-08-23,0,5,0,0,2011,3,23,1,28.98506686041735
2011-08-25,0,5,0,0,2011,3,25,3,29.988800145313014
2011-08-26,0,5,0,0,2011,3,26,4,26.616600108984763
2011-09-05,0,5,0,0,2011,3,5,0,21.612450081738572
2011-09-06,0,5,0,0,2011,3,6,1,20.33433756130393
2011-09-07,0,5,0,0,2011,3,7,2,57.688253170977944
2011-09-11,0,5,0,0,2011,3,11,6,44.50368987823346
2011-09-14,0,5,0,0,2011,3,14,2,37.5027674086751
2011-09-15,0,5,0,0,2011,3,15,3,32.25207555650633
2011-09-20,0,5,0,0,2011,3,20,1,29.551556667379746
2011-09-22,0,5,0,0,2011,3,22,3,24.22616750053481
2011-09-25,0,5,0,0,2011,3,25,6,22.294625625401107
2011-09-27,0,5,0,0,2011,3,27,1,17.54596921905083
2011-09-28,0,5,0,0,2011,3,28,2,14.80947691428812
2011-09-29,0,5,0,0,2011,3,29,3,27.60710768571609
2011-10-03,0,5,0,0,2011,4,3,0,24.83033076428707
2011-10-04,0,5,0,0,2011,4,4,1,19.4477480732153
2011-10-05,0,5,0,0,2011,4,5,2,22.835811054911474
2011-10-07,0,5,0,0,2011,4,7,4,21.251858291183606
2011-10-10,0,5,0,0,2011,4,10,0,16.351393718387705
2011-10-11,0,5,0,0,2011,4,11,1,24.63854528879078
2011-10-12,0,5,0,0,2011,4,12,2,30.853908966593085
2011-10-13,0,5,0,0,2011,4,13,3,23.552931724944816
2011-10-14,0,5,0,0,2011,4,14,4,21.789698793708613
2011-10-19,0,5,0,0,2011,4,19,2,20.46727409528146
2011-10-23,0,5,0,0,2011,4,23,6,17.000455571461096
2011-10-25,0,5,0,0,2011,4,25,1,13.575341678595821
2011-10-26,0,5,0,0,2011,4,26,2,26.681506258946868
2011-10-30,0,5,0,0,2011,4,30,6,21.66112969421015
2011-11-03,0,5,0,0,2011,4,3,3,20.370847270657613
2011-11-04,0,5,0,0,2011,4,4,4,27.65313545299321
2011-11-06,0,5,0,0,2011,4,6,6,24.86485158974491
2011-11-07,0,5,0,0,2011,4,7,0,22.77363869230868
2011-11-08,0,5,0,0,2011,4,8,1,21.61772901923151
2011-11-09,0,5,0,0,2011,4,9,2,24.46329676442363
2011-11-10,0,5,0,0,2011,4,10,3,24.122472573317722
2011-11-16,0,5,0,0,2011,4,16,2,23.454354429988292
2011-11-20,0,5,0,0,2011,4,20,6,20.065765822491223
2011-11-23,0,5,0,0,2011,4,23,2,19.17432436686842
2011-11-24,0,5,0,0,2011,4,24,3,18.505743275151314
2011-11-25,0,5,0,0,2011,4,25,4,19.654307456363483
2011-11-28,0,5,0,0,2011,4,28,0,22.990730592272612
2011-11-29,0,5,0,0,2011,4,29,1,20.13054794420446
2011-12-02,0,5,0,0,2011,4,2,4,27.472910958153342
2011-12-04,0,5,0,0,2011,4,4,6,21.429683218615008
2011-12-05,0,5,0,0,2011,4,5,0,16.897262413961254
2011-12-06,0,5,0,0,2011,4,6,1,16.79794681047094
2011-12-07,0,5,0,0,2011,4,7,2,16.723460107853207
2011-12-08,0,5,0,0,2011,4,8,3,12.955095080889905
2011-03-15,0,6,1,0,2011,1,15,1,43.00496599058465
2011-03-17,0,6,1,0,2011,1,17,3,36.37872449293849
2011-03-20,0,6,1,0,2011,1,20,6,32.64654336970386
2011-03-21,0,6,1,0,2011,1,21,0,40.9849075272779
2011-03-22,0,6,1,0,2011,1,22,1,31.563680645458422
2011-03-25,0,6,1,0,2011,1,25,4,24.497760484093817
2011-03-28,0,6,1,0,2011,1,28,0,19.198320363070362
2011-04-04,0,6,1,0,2011,2,4,0,16.46124027230277
2011-04-14,0,6,1,0,2011,2,14,3,16.470930204227077
2011-04-20,0,6,1,0,2011,2,20,2,14.415697653170309
2011-04-26,0,6,1,0,2011,2,26,1,23.18677323987773
2011-04-28,0,6,1,0,2011,2,28,3,17.802579929908298
2011-05-03,0,6,1,0,2011,2,3,1,17.476934947431225
2011-05-04,0,6,1,0,2011,2,4,2,49.77020121057342
2011-05-05,0,6,1,0,2011,2,5,3,38.56515090793006
2011-05-06,0,6,1,0,2011,2,6,4,37.17386318094755
2011-05-09,0,6,1,0,2011,2,9,0,32.005397385710666
2011-05-10,0,6,1,0,2011,2,10,1,60.254048039283
2011-05-11,0,6,1,0,2011,2,11,2,49.31553602946225
2011-05-12,0,6,1,0,2011,2,12,3,38.63665202209669
2011-05-16,0,6,1,0,2011,2,16,0,41.35248901657252
2011-05-17,0,6,1,0,2011,2,17,1,35.13936676242939
2011-05-19,0,6,1,0,2011,2,19,3,34.60452507182204
2011-05-22,0,6,1,0,2011,2,22,6,30.07839380386653
2011-05-23,0,6,1,0,2011,2,23,0,34.93379535289989
2011-05-24,0,6,1,0,2011,2,24,1,30.32534651467492
2011-05-29,0,6,1,0,2011,2,29,6,28.519009886006188
2011-05-31,0,6,1,0,2011,2,31,1,22.21425741450464
2011-06-02,0,6,1,0,2011,2,2,3,52.91069306087848
2011-06-03,0,6,1,0,2011,2,3,4,40.50801979565886
2011-06-05,0,6,1,0,2011,2,5,6,45.231014846744145
2011-06-06,0,6,1,0,2011,2,6,0,35.16076113505811
2011-06-08,0,6,1,0,2011,2,8,2,42.87057085129358
2011-06-12,0,6,1,0,2011,2,12,6,33.390428138470185
2011-06-15,0,6,1,0,2011,2,15,2,37.00532110385264
2011-06-16,0,6,1,0,2011,2,16,3,28.578990827889477
2011-06-17,0,6,1,0,2011,2,17,4,21.84674312091711
2011-06-20,0,6,1,0,2011,2,20,0,53.872557340687834
2011-06-21,0,6,1,0,2011,2,21,1,41.22941800551588
2011-06-23,0,6,1,0,2011,2,23,3,36.69706350413691
2011-06-30,0,6,1,0,2011,2,30,3,29.172797628102686
2011-07-01,0,6,1,0,2011,3,1,4,26.004598221077014
2011-07-05,0,6,1,0,2011,3,5,1,23.62844866580776
2011-07-06,0,6,1,0,2011,3,6,2,19.37133649935582
2011-07-10,0,6,1,0,2011,3,10,6,16.591002374516865
2011-07-11,0,6,1,0,2011,3,11,0,13.268251780887649
2011-07-12,0,6,1,0,2011,3,12,1,14.076188835665736
2011-07-13,0,6,1,0,2011,3,13,2,15.507141626749302
2011-07-14,0,6,1,0,2011,3,14,3,22.355356220061978
2011-07-17,0,6,1,0,2011,3,17,6,18.829017165046483
2011-07-19,0,6,1,0,2011,3,19,1,22.371762873784864
2011-07-21,0,6,1,0,2011,3,21,3,20.90382215533865
2011-07-22,0,6,1,0,2011,3,22,4,19.802866616503987
2011-07-25,0,6,1,0,2011,3,25,0,23.10214996237799
2011-07-26,0,6,1,0,2011,3,26,1,54.81411247178349
2011-07-28,0,6,1,0,2011,3,28,3,46.06058435383762
2011-08-02,0,6,1,0,2011,3,2,1,38.670438265378216
2011-08-04,0,6,1,0,2011,3,4,3,33.127828699033664
2011-08-05,0,6,1,0,2011,3,5,4,30.620871524275245
2011-08-07,0,6,1,0,2011,3,7,6,23.378153643206435
2011-08-10,0,6,1,0,2011,3,10,2,38.98361523240483
2011-08-11,0,6,1,0,2011,3,11,3,45.737711424303626
2011-08-16,0,6,1,0,2011,3,16,1,39.66578356822772
2011-08-18,0,6,1,0,2011,3,18,3,33.87433767617079
2011-08-21,0,6,1,0,2011,3,21,6,27.46825325712809
2011-08-23,0,6,1,0,2011,3,23,1,22.251189942846068
2011-08-24,0,6,1,0,2011,3,24,2,20.81339245713455
2011-08-25,0,6,1,0,2011,3,25,3,27.985044342850912
2011-08-28,0,6,1,0,2011,3,28,6,25.113783257138184
2011-09-01,0,6,1,0,2011,3,1,3,22.96033744285364
2011-09-05,0,6,1,0,2011,3,5,0,20.107753082140228
2011-09-06,0,6,1,0,2011,3,6,1,19.205814811605173
2011-09-07,0,6,1,0,2011,3,7,2,20.59186110870388
2011-09-11,0,6,1,0,2011,3,11,6,17.09389583152791
2011-09-12,0,6,1,0,2011,3,12,0,16.945421873645934
2011-09-13,0,6,1,0,2011,3,13,1,17.65906640523445
2011-09-15,0,6,1,0,2011,3,15,3,17.369299803925838
2011-09-16,0,6,1,0,2011,3,16,4,17.151974852944377
2011-09-20,0,6,1,0,2011,3,20,1,13.276481139708283
2011-09-21,0,6,1,0,2011,3,21,2,18.207360854781214
2011-09-22,0,6,1,0,2011,3,22,3,19.34302064108591
2011-09-23,0,6,1,0,2011,3,23,4,18.632265480814432
2011-09-27,0,6,1,0,2011,3,27,1,14.799199110610823
2011-09-29,0,6,1,0,2011,3,29,3,19.349399332958118
2011-10-05,0,6,1,0,2011,4,5,2,22.76204949971859
2011-10-07,0,6,1,0,2011,4,7,4,18.72153712478894
2011-10-09,0,6,1,0,2011,4,9,6,16.516152843591705
2011-10-10,0,6,1,0,2011,4,10,0,14.037114632693779
2011-10-12,0,6,1,0,2011,4,12,2,18.777835974520336
2011-10-14,0,6,1,0,2011,4,14,4,18.20837698089025
2011-10-18,0,6,1,0,2011,4,18,1,15.718782735667688
2011-10-19,0,6,1,0,2011,4,19,2,20.039087051750766
2011-10-21,0,6,1,0,2011,4,21,4,16.266815288813074
2011-10-23,0,6,1,0,2011,4,23,6,13.437611466609805
2011-10-24,0,6,1,0,2011,4,24,0,10.490708599957353
2011-10-27,0,6,1,0,2011,4,27,3,11.993031449968015
2011-10-31,0,6,1,0,2011,4,31,0,11.057273587476011
2011-11-04,0,6,1,0,2011,4,4,4,21.080455190607008
2011-11-06,0,6,1,0,2011,4,6,6,18.285341392955253
2011-11-07,0,6,1,0,2011,4,7,0,17.83900604471644
2011-11-08,0,6,1,0,2011,4,8,1,13.79175453353733
2011-11-09,0,6,1,0,2011,4,9,2,18.593815900152997
2011-11-10,0,6,1,0,2011,4,10,3,14.357861925114747
2011-11-11,0,6,1,0,2011,4,11,4,11.18089644383606
2011-11-14,0,6,1,0,2011,4,14,0,9.210672332877044
2011-11-16,0,6,1,0,2011,4,16,2,7.733004249657783
2011-11-17,0,6,1,0,2011,4,17,3,8.274753187243338
2011-11-18,0,6,1,0,2011,4,18,4,10.331064890432504
2011-11-20,0,6,1,0,2011,4,20,6,10.223298667824377
2011-11-21,0,6,1,0,2011,4,21,0,9.729974000868282
2011-11-22,0,6,1,0,2011,4,22,1,7.709980500651211
2011-11-23,0,6,1,0,2011,4,23,2,9.907485375488408
2011-11-24,0,6,1,0,2011,4,24,3,11.555614031616306
2011-11-27,0,6,1,0,2011,4,27,6,10.72921052371223
2011-11-28,0,6,1,0,2011,4,28,0,16.296907892784173
2011-12-01,0,6,1,0,2011,4,1,3,15.935180919588127
2011-12-02,0,6,1,0,2011,4,2,4,24.326385689691094
2011-12-04,0,6,1,0,2011,4,4,6,19.48228926726832
2011-12-05,0,6,1,0,2011,4,5,0,15.43671695045124
2011-12-06,0,6,1,0,2011,4,6,1,15.70253771283843
2011-12-08,0,6,1,0,2011,4,8,3,15.901903284628823
2011-03-14,0,7,2,0,2011,1,14,0,27.175530315257223
2011-03-15,0,7,2,0,2011,1,15,1,22.85664773644292
2011-03-16,0,7,2,0,2011,1,16,2,20.854985802332187
2011-03-17,0,7,2,0,2011,1,17,3,23.06623935174914
2011-03-21,0,7,2,0,2011,1,21,0,25.962179513811854
2011-03-24,0,7,2,0,2011,1,24,3,31.84663463535889
2011-03-28,0,7,2,0,2011,1,28,0,33.78497597651916
2011-03-31,0,7,2,0,2011,1,31,3,26.576231982389373
2011-04-04,0,7,2,0,2011,2,4,0,23.64467398679203
2011-04-12,0,7,2,0,2011,2,12,1,21.446005490094024
2011-05-04,0,7,2,0,2011,2,4,2,17.32200411757052
2011-06-08,0,7,2,0,2011,2,8,2,16.704003088177892
2011-06-10,0,7,2,0,2011,2,10,4,17.47800231613342
2011-06-12,0,7,2,0,2011,2,12,6,16.821001737100065
2011-06-14,0,7,2,0,2011,2,14,1,49.25325130282505
2011-06-15,0,7,2,0,2011,2,15,2,38.177438477118784
2011-06-16,0,7,2,0,2011,2,16,3,235.8080788578391
2011-06-22,0,7,2,0,2011,2,22,2,183.04355914337933
2011-06-23,0,7,2,0,2011,2,23,3,172.52016935753448
2011-06-30,0,7,2,0,2011,2,30,3,133.10262701815086
2011-07-01,0,7,2,0,2011,3,1,4,103.53947026361314
2011-07-04,0,7,2,0,2011,3,4,0,85.07960269770986
2011-07-07,0,7,2,0,2011,3,7,3,71.2347020232824
2011-07-13,0,7,2,0,2011,3,13,2,57.13852651746179
2011-07-17,0,7,2,0,2011,3,17,6,45.32889488809634
2011-07-19,0,7,2,0,2011,3,19,1,41.42167116607226
2011-07-20,0,7,2,0,2011,3,20,2,42.203753374554196
2011-07-21,0,7,2,0,2011,3,21,3,34.12781503091565
2011-07-22,0,7,2,0,2011,3,22,4,42.92086127318674
2011-07-24,0,7,2,0,2011,3,24,6,35.90314595489005
2011-07-28,0,7,2,0,2011,3,28,3,31.877359466167537
2011-07-29,0,7,2,0,2011,3,29,4,57.90801959962565
2011-07-31,0,7,2,0,2011,3,31,6,50.85601469971924
2011-08-02,0,7,2,0,2011,3,2,1,41.854511024789424
2011-08-03,0,7,2,0,2011,3,3,2,32.62838326859207
2011-08-10,0,7,2,0,2011,3,10,2,28.183787451444047
2011-08-11,0,7,2,0,2011,3,11,3,28.562840588583036
2011-08-17,0,7,2,0,2011,3,17,2,214.46213044143727
2011-08-23,0,7,2,0,2011,3,23,1,167.03409783107796
2011-08-24,0,7,2,0,2011,3,24,2,142.27557337330848
2011-08-25,0,7,2,0,2011,3,25,3,111.65668002998136
2011-08-28,0,7,2,0,2011,3,28,6,84.98001002248601
2011-09-08,0,7,2,0,2011,3,8,3,67.44750751686452
2011-09-11,0,7,2,0,2011,3,11,6,94.4856306376484
2011-09-13,0,7,2,0,2011,3,13,1,75.8142229782363
2011-09-16,0,7,2,0,2011,3,16,4,60.573167233677225
2011-09-20,0,7,2,0,2011,3,20,1,841.6823754252579
2011-09-21,0,7,2,0,2011,3,21,2,638.6867815689434
2011-09-22,0,7,2,0,2011,3,22,3,552.4100861767075
2011-09-23,0,7,2,0,2011,3,23,4,421.7325646325307
2011-09-25,0,7,2,0,2011,3,25,6,321.249423474398
2011-09-28,0,7,2,0,2011,3,28,2,244.6495676057985
2011-09-29,0,7,2,0,2011,3,29,3,187.1996757043489
2011-10-02,0,7,2,0,2011,4,2,6,141.63725677826167
2011-10-04,0,7,2,0,2011,4,4,1,123.22794258369626
2011-10-17,0,7,2,0,2011,4,17,0,96.1334569377722
2011-10-20,0,7,2,0,2011,4,20,3,75.81259270332916
2011-10-23,0,7,2,0,2011,4,23,6,59.33444452749687
2011-10-26,0,7,2,0,2011,4,26,2,48.21333339562265
2011-10-27,0,7,2,0,2011,4,27,3,42.34750004671699
2011-11-02,0,7,2,0,2011,4,2,2,35.47312503503774
2011-11-03,0,7,2,0,2011,4,3,3,30.317343776278307
2011-11-04,0,7,2,0,2011,4,4,4,26.45050783220873
2011-11-06,0,7,2,0,2011,4,6,6,24.787880874156546
2011-11-07,0,7,2,0,2011,4,7,0,22.303410655617412
2011-11-11,0,7,2,0,2011,4,11,4,17.96505799171306
2011-11-13,0,7,2,0,2011,4,13,6,20.898793493784794
2011-11-15,0,7,2,0,2011,4,15,1,18.149095120338597
2011-11-16,0,7,2,0,2011,4,16,2,19.799321340253947
2011-11-17,0,7,2,0,2011,4,17,3,22.274491005190463
2011-11-20,0,7,2,0,2011,4,20,6,21.655868253892844
2011-11-25,0,7,2,0,2011,4,25,4,18.716901190419634
2011-11-27,0,7,2,0,2011,4,27,6,15.275175892814726
2011-11-29,0,7,2,0,2011,4,29,1,74.89138191961105
2011-12-01,0,7,2,0,2011,4,1,3,62.35603643970829
2011-12-02,0,7,2,0,2011,4,2,4,50.47952732978121
2011-12-05,0,7,2,0,2011,4,5,0,41.57214549733591
2011-12-08,0,7,2,0,2011,4,8,3,42.31660912300193
2011-05-08,0,8,3,0,2011,2,8,6,20.8
2011-05-10,0,8,3,0,2011,2,10,1,25.35
2011-05-11,0,8,3,0,2011,2,11,2,29.087500000000002
2011-05-13,0,8,3,0,2011,2,13,4,37.415625000000006
2011-05-15,0,8,3,0,2011,2,15,6,30.661718750000006
2011-05-16,0,8,3,0,2011,2,16,0,67.74628906250001
2011-05-17,0,8,3,0,2011,2,17,1,61.20971679687501
2011-05-19,0,8,3,0,2011,2,19,3,86.53228759765625
2011-05-20,0,8,3,0,2011,2,20,4,152.2742156982422
2011-05-23,0,8,3,0,2011,2,23,0,124.28066177368164
2011-05-24,0,8,3,0,2011,2,24,1,114.01049633026123
2011-05-25,0,8,3,0,2011,2,25,2,95.90787224769593
2011-05-27,0,8,3,0,2011,2,27,4,76.80590418577195
2011-05-31,0,8,3,0,2011,2,31,1,62.80442813932896
2011-06-03,0,8,3,0,2011,2,3,4,53.343321104496724
2011-06-05,0,8,3,0,2011,2,5,6,55.08749082837254
2011-06-07,0,8,3,0,2011,2,7,1,47.0356181212794
2011-06-15,0,8,3,0,2011,2,15,2,73.23671359095954
2011-06-16,0,8,3,0,2011,2,16,3,65.32753519321966
2011-06-20,0,8,3,0,2011,2,20,0,54.19565139491475
2011-06-21,0,8,3,0,2011,2,21,1,45.84673854618606
2011-06-23,0,8,3,0,2011,2,23,3,44.785053909639544
2011-06-24,0,8,3,0,2011,2,24,4,43.988790432229656
2011-06-30,0,8,3,0,2011,2,30,3,34.03159282417224
2011-07-05,0,8,3,0,2011,3,5,1,30.723694618129183
2011-07-06,0,8,3,0,2011,3,6,2,35.522770963596884
2011-07-08,0,8,3,0,2011,3,8,4,47.44207822269766
2011-07-10,0,8,3,0,2011,3,10,6,36.621558667023244
2011-07-13,0,8,3,0,2011,3,13,2,37.86616900026743
2011-07-14,0,8,3,0,2011,3,14,3,38.799626750200574
2011-07-17,0,8,3,0,2011,3,17,6,36.89972006265043
2011-07-19,0,8,3,0,2011,3,19,1,32.874790046987826
2011-07-20,0,8,3,0,2011,3,20,2,29.85609253524087
2011-07-21,0,8,3,0,2011,3,21,3,37.992069401430655
2011-07-22,0,8,3,0,2011,3,22,4,34.73405205107299
2011-07-24,0,8,3,0,2011,3,24,6,41.65053903830474
2011-07-25,0,8,3,0,2011,3,25,0,46.83790427872856
2011-07-26,0,8,3,0,2011,3,26,1,45.00842820904642
2011-07-27,0,8,3,0,2011,3,27,2,38.95632115678482
2011-07-29,0,8,3,0,2011,3,29,4,34.41724086758862
2011-08-01,0,8,3,0,2011,3,1,0,115.83293065069145
2011-08-02,0,8,3,0,2011,3,2,1,107.6746979880186
2011-08-03,0,8,3,0,2011,3,3,2,85.95602349101395
2011-08-04,0,8,3,0,2011,3,4,3,76.42701761826046
2011-08-05,0,8,3,0,2011,3,5,4,58.88026321369535
2011-08-07,0,8,3,0,2011,3,7,6,59.760197410271516
2011-08-09,0,8,3,0,2011,3,9,1,50.020148057703636
2011-08-10,0,8,3,0,2011,3,10,2,42.71511104327773
2011-08-11,0,8,3,0,2011,3,11,3,42.4363332824583
2011-08-12,0,8,3,0,2011,3,12,4,37.02724996184373
2011-08-14,0,8,3,0,2011,3,14,6,34.0104374713828
2011-08-16,0,8,3,0,2011,3,16,1,43.7078281035371
2011-08-17,0,8,3,0,2011,3,17,2,43.180871077652824
2011-08-18,0,8,3,0,2011,3,18,3,42.78565330823962
2011-08-21,0,8,3,0,2011,3,21,6,37.28923998117972
2011-08-22,0,8,3,0,2011,3,22,0,48.766929985884786
2011-08-23,0,8,3,0,2011,3,23,1,81.3251974894136
2011-08-24,0,8,3,0,2011,3,24,2,69.3138981170602
2011-08-28,0,8,3,0,2011,3,28,6,52.50542358779516
2011-09-01,0,8,3,0,2011,3,1,3,49.77906769084637
2011-09-05,0,8,3,0,2011,3,5,0,66.45430076813477
2011-09-06,0,8,3,0,2011,3,6,1,55.04072557610108
2011-09-07,0,8,3,0,2011,3,7,2,43.880544182075816
2011-09-08,0,8,3,0,2011,3,8,3,38.11040813655686
2011-09-11,0,8,3,0,2011,3,11,6,40.02280610241765
2011-09-13,0,8,3,0,2011,3,13,1,40.41710457681324
2011-09-14,0,8,3,0,2011,3,14,2,35.51282843260993
2011-09-15,0,8,3,0,2011,3,15,3,57.83462132445745
2011-09-16,0,8,3,0,2011,3,16,4,58.97596599334309
2011-09-20,0,8,3,0,2011,3,20,1,54.63197449500731
2011-09-21,0,8,3,0,2011,3,21,2,141.9139808712555
2011-09-22,0,8,3,0,2011,3,22,3,165.93548565344162
2011-09-25,0,8,3,0,2011,3,25,6,145.2516142400812
2011-09-28,0,8,3,0,2011,3,28,2,205.1987106800609
2011-09-29,0,8,3,0,2011,3,29,3,169.49903301004568
2011-10-05,0,8,3,0,2011,4,5,2,137.52427475753427
2011-10-06,0,8,3,0,2011,4,6,3,113.54320606815071
2011-10-07,0,8,3,0,2011,4,7,4,95.55740455111304
2011-10-09,0,8,3,0,2011,4,9,6,74.26805341333477
2011-10-10,0,8,3,0,2011,4,10,0,60.90104006000108
2011-10-11,0,8,3,0,2011,4,11,1,56.075780045000805
2011-10-12,0,8,3,0,2011,4,12,2,47.256835033750605
2011-10-13,0,8,3,0,2011,4,13,3,46.362626275312955
2011-10-16,0,8,3,0,2011,4,16,6,35.29196970648472
2011-10-17,0,8,3,0,2011,4,17,0,31.66897727986354
2011-10-18,0,8,3,0,2011,4,18,1,24.791732959897654
2011-10-19,0,8,3,0,2011,4,19,2,28.99379971992324
2011-10-21,0,8,3,0,2011,4,21,4,24.345349789942432
2011-10-23,0,8,3,0,2011,4,23,6,18.779012342456824
2011-10-27,0,8,3,0,2011,4,27,3,26.04425925684262
2011-10-30,0,8,3,0,2011,4,30,6,29.933194442631965
2011-10-31,0,8,3,0,2011,4,31,0,27.649895831973975
2011-11-03,0,8,3,0,2011,4,3,3,46.73742187398048
2011-11-04,0,8,3,0,2011,4,4,4,45.45306640548536
2011-11-06,0,8,3,0,2011,4,6,6,56.46479980411402
2011-11-10,0,8,3,0,2011,4,10,3,52.748599853085516
2011-11-13,0,8,3,0,2011,4,13,6,57.241449889814135
2011-11-14,0,8,3,0,2011,4,14,0,53.8510874173606
2011-11-15,0,8,3,0,2011,4,15,1,61.708315563020456
2011-11-16,0,8,3,0,2011,4,16,2,72.80123667226535
2011-11-17,0,8,3,0,2011,4,17,3,59.80092750419901
2011-11-18,0,8,3,0,2011,4,18,4,51.61069562814925
2011-11-20,0,8,3,0,2011,4,20,6,44.94802172111194
2011-11-23,0,8,3,0,2011,4,23,2,83.66101629083396
2011-11-24,0,8,3,0,2011,4,24,3,78.34576221812546
2011-11-25,0,8,3,0,2011,4,25,4,63.959321663594096
2011-11-27,0,8,3,0,2011,4,27,6,60.96949124769557
2011-11-29,0,8,3,0,2011,4,29,1,51.44711843577168
2011-12-01,0,8,3,0,2011,4,1,3,45.86533882682876
2011-12-02,0,8,3,0,2011,4,2,4,39.59900412012158
2011-12-05,0,8,3,0,2011,4,5,0,34.899253090091186
2011-12-07,0,8,3,0,2011,4,7,2,31.37443981756839
2011-12-08,0,8,3,0,2011,4,8,3,28.730829863176293
2011-03-15,0,9,4,0,2011,1,15,1,28.15980935978405
2011-03-17,0,9,4,0,2011,1,17,3,22.357357019838037
2011-03-21,0,9,4,0,2011,1,21,0,29.14301776487853
2011-03-22,0,9,4,0,2011,1,22,1,25.9822633236589
2011-03-24,0,9,4,0,2011,1,24,3,24.436697492744173
2011-03-28,0,9,4,0,2011,1,28,0,27.40252311955813
2011-04-01,0,9,4,0,2011,2,1,4,20.9643923396686
2011-04-03,0,9,4,0,2011,2,3,6,16.54829425475145
2011-04-08,0,9,4,0,2011,2,8,4,21.486220691063586
2011-04-12,0,9,4,0,2011,2,12,1,20.23966551829769
2011-04-14,0,9,4,0,2011,2,14,3,19.304749138723267
2011-04-15,0,9,4,0,2011,2,15,4,18.60356185404245
2011-04-17,0,9,4,0,2011,2,17,6,14.777671390531836
2011-04-26,0,9,4,0,2011,2,26,1,24.283253542898876
2011-04-28,0,9,4,0,2011,2,28,3,18.62494015717416
2011-05-05,0,9,4,0,2011,2,5,3,15.206205117880618
2011-05-06,0,9,4,0,2011,2,6,4,23.779653838410464
2011-05-08,0,9,4,0,2011,2,8,6,21.959740378807847
2011-05-09,0,9,4,0,2011,2,9,0,20.594805284105885
2011-05-10,0,9,4,0,2011,2,10,1,19.571103963079413
2011-05-11,0,9,4,0,2011,2,11,2,18.80332797230956
2011-05-12,0,9,4,0,2011,2,12,3,15.75249597923217
2011-05-19,0,9,4,0,2011,2,19,3,24.189371984424128
2011-05-23,0,9,4,0,2011,2,23,0,18.967028988318095
2011-05-25,0,9,4,0,2011,2,25,2,15.462771741238573
2011-05-27,0,9,4,0,2011,2,27,4,56.09707880592893
2011-05-29,0,9,4,0,2011,2,29,6,47.0228091044467
2011-05-31,0,9,4,0,2011,2,31,1,39.392106828335024
2011-06-03,0,9,4,0,2011,2,3,4,38.20658012125127
2011-06-05,0,9,4,0,2011,2,5,6,33.604935090938454
2011-06-07,0,9,4,0,2011,2,7,1,29.32870131820384
2011-06-08,0,9,4,0,2011,2,8,2,26.12152598865288
2011-06-09,0,9,4,0,2011,2,9,3,27.84114449148966
2011-06-10,0,9,4,0,2011,2,10,4,29.130858368617247
2011-06-15,0,9,4,0,2011,2,15,2,23.085643776462934
2011-06-16,0,9,4,0,2011,2,16,3,18.1392328323472
2011-06-20,0,9,4,0,2011,2,20,0,14.8419246242604
2011-06-21,0,9,4,0,2011,2,21,1,11.9564434681953
2011-06-23,0,9,4,0,2011,2,23,3,18.867332601146472
2011-06-30,0,9,4,0,2011,2,30,3,18.275499450859854
2011-07-01,0,9,4,0,2011,3,1,4,18.65662458814489
2011-07-04,0,9,4,0,2011,3,4,0,18.117468441108667
2011-07-05,0,9,4,0,2011,3,5,1,17.7131013308315
2011-07-06,0,9,4,0,2011,3,6,2,14.522325998123623
2011-07-08,0,9,4,0,2011,3,8,4,15.016744498592718
2011-07-10,0,9,4,0,2011,3,10,6,11.67505837394454
2011-07-14,0,9,4,0,2011,3,14,3,10.818793780458405
2011-07-19,0,9,4,0,2011,3,19,1,20.489095335343805
2011-07-20,0,9,4,0,2011,3,20,2,19.491821501507854
2011-07-21,0,9,4,0,2011,3,21,3,18.74386612613089
2011-07-22,0,9,4,0,2011,3,22,4,22.30789959459817
2011-07-24,0,9,4,0,2011,3,24,6,20.855924695948627
2011-07-26,0,9,4,0,2011,3,26,1,56.84194352196147
2011-07-27,0,9,4,0,2011,3,27,2,50.8814576414711
2011-07-28,0,9,4,0,2011,3,28,3,39.81109323110332
2011-08-03,0,9,4,0,2011,3,3,2,38.10831992332749
2011-08-04,0,9,4,0,2011,3,4,3,31.056239942495623
2011-08-05,0,9,4,0,2011,3,5,4,24.942179956871716
2011-08-09,0,9,4,0,2011,3,9,1,19.11913496765379
2011-08-10,0,9,4,0,2011,3,10,2,23.41435122574034
2011-08-11,0,9,4,0,2011,3,11,3,25.810763419305253
2011-08-16,0,9,4,0,2011,3,16,1,37.09557256447894
2011-08-17,0,9,4,0,2011,3,17,2,31.946679423359207
2011-08-21,0,9,4,0,2011,3,21,6,34.27250956751941
2011-08-23,0,9,4,0,2011,3,23,1,26.116882175639557
2011-08-25,0,9,4,0,2011,3,25,3,31.962661631729667
2011-08-26,0,9,4,0,2011,3,26,4,29.746996223797247
2011-09-01,0,9,4,0,2011,3,1,3,31.797747167847934
2011-09-05,0,9,4,0,2011,3,5,0,33.74831037588595
2011-09-08,0,9,4,0,2011,3,8,3,29.436232781914462
2011-09-13,0,9,4,0,2011,3,13,1,27.027174586435844
2011-09-15,0,9,4,0,2011,3,15,3,21.507880939826883
2011-09-27,0,9,4,0,2011,3,27,1,16.95591070487016
2011-09-28,0,9,4,0,2011,3,28,2,18.491933028652618
2011-10-03,0,9,4,0,2011,4,3,0,17.99394977148946
2011-10-04,0,9,4,0,2011,4,4,1,17.620462328617094
2011-10-05,0,9,4,0,2011,4,5,2,17.34034674646282
2011-10-09,0,9,4,0,2011,4,9,6,15.480260059847115
2011-10-10,0,9,4,0,2011,4,10,0,12.847695044885338
2011-10-11,0,9,4,0,2011,4,11,1,13.760771283664003
2011-10-12,0,9,4,0,2011,4,12,2,14.445578462748003
2011-10-14,0,9,4,0,2011,4,14,4,14.959183847061002
2011-10-23,0,9,4,0,2011,4,23,6,12.869387885295753
2011-10-28,0,9,4,0,2011,4,28,4,17.902040913971817
2011-10-30,0,9,4,0,2011,4,30,6,15.901530685478862
2011-10-31,0,9,4,0,2011,4,31,0,13.576148014109148
2011-11-01,0,9,4,0,2011,4,1,1,11.007111010581859
2011-11-04,0,9,4,0,2011,4,4,4,16.505333257936392
2011-11-06,0,9,4,0,2011,4,6,6,14.028999943452295
2011-11-07,0,9,4,0,2011,4,7,0,11.759249957589223
2011-11-08,0,9,4,0,2011,4,8,1,12.944437468191918
2011-11-09,0,9,4,0,2011,4,9,2,26.208328101143938
2011-11-10,0,9,4,0,2011,4,10,3,22.131246075857952
2011-11-14,0,9,4,0,2011,4,14,0,20.723434556893466
2011-11-16,0,9,4,0,2011,4,16,2,15.955075917670099
2011-11-17,0,9,4,0,2011,4,17,3,13.616306938252574
2011-11-18,0,9,4,0,2011,4,18,4,14.33723020368943
2011-11-20,0,9,4,0,2011,4,20,6,13.227922652767072
2011-11-21,0,9,4,0,2011,4,21,0,11.570941989575305
2011-11-22,0,9,4,0,2011,4,22,1,9.090706492181479
2011-11-23,0,9,4,0,2011,4,23,2,11.35552986913611
2011-11-24,0,9,4,0,2011,4,24,3,8.929147401852083
2011-11-25,0,9,4,0,2011,4,25,4,10.821860551389062
2011-11-27,0,9,4,0,2011,4,27,6,12.241395413541795
2011-11-28,0,9,4,0,2011,4,28,0,26.918546560156347
2011-11-29,0,9,4,0,2011,4,29,1,22.663909920117263
2011-12-02,0,9,4,0,2011,4,2,4,21.947932440087946
2011-12-04,0,9,4,0,2011,4,4,6,16.87344933006596
2011-12-05,0,9,4,0,2011,4,5,0,16.780086997549468
2011-03-24,0,10,0,0,2011,1,24,3,48.98598746219649
2011-07-05,0,10,0,0,2011,3,5,1,45.58949059664737
2011-07-28,0,10,0,0,2011,3,28,3,38.617117947485525
2011-07-29,0,10,0,0,2011,3,29,4,33.38783846061415
2011-08-02,0,10,0,0,2011,3,2,1,50.54087884546061
2011-08-03,0,10,0,0,2011,3,3,2,63.40565913409546
2011-08-04,0,10,0,0,2011,3,4,3,65.2542443505716
2011-08-14,0,10,0,0,2011,3,14,6,53.3656832629287
2011-08-19,0,10,0,0,2011,3,19,4,44.44926244719652
2011-08-30,0,10,0,0,2011,3,30,1,84.33694683539738
2011-09-05,0,10,0,0,2011,3,5,0,103.50271012654804
2011-09-06,0,10,0,0,2011,3,6,1,95.32703259491103
2011-09-07,0,10,0,0,2011,3,7,2,80.34527444618328
2011-09-08,0,10,0,0,2011,3,8,3,64.68395583463746
2011-09-11,0,10,0,0,2011,3,11,6,98.3504668759781
2011-09-12,0,10,0,0,2011,3,12,0,82.61285015698357
2011-09-14,0,10,0,0,2011,3,14,2,75.23463761773768
2011-09-15,0,10,0,0,2011,3,15,3,60.85097821330325
2011-09-16,0,10,0,0,2011,3,16,4,63.33823365997744
2011-09-19,0,10,0,0,2011,3,19,0,60.77867524498308
2011-09-22,0,10,0,0,2011,3,22,3,61.07150643373731
2011-09-23,0,10,0,0,2011,3,23,4,80.15362982530299
2011-09-25,0,10,0,0,2011,3,25,6,107.74022236897724
2011-09-27,0,10,0,0,2011,3,27,1,107.78016677673293
2011-09-29,0,10,0,0,2011,3,29,3,88.2101250825497
2011-10-02,0,10,0,0,2011,4,2,6,66.89509381191228
2011-10-03,0,10,0,0,2011,4,3,0,67.87132035893421
2011-10-04,0,10,0,0,2011,4,4,1,76.40349026920066
2011-10-05,0,10,0,0,2011,4,5,2,62.465117701900496
2011-10-07,0,10,0,0,2011,4,7,4,51.273838276425366
2011-10-09,0,10,0,0,2011,4,9,6,42.14287870731903
2011-10-11,0,10,0,0,2011,4,11,1,40.45715903048927
2011-10-13,0,10,0,0,2011,4,13,3,31.817869272866957
2011-10-16,0,10,0,0,2011,4,16,6,31.238401954650218
2011-10-17,0,10,0,0,2011,4,17,0,183.80380146598768
2011-10-18,0,10,0,0,2011,4,18,1,144.49035109949074
2011-10-19,0,10,0,0,2011,4,19,2,109.10526332461805
2011-10-21,0,10,0,0,2011,4,21,4,116.17894749346354
2011-10-23,0,10,0,0,2011,4,23,6,88.60921062009766
2011-10-24,0,10,0,0,2011,4,24,0,87.10690796507325
2011-10-25,0,10,0,0,2011,4,25,1,111.48018097380495
2011-10-27,0,10,0,0,2011,4,27,3,95.4101357303537
2011-10-30,0,10,0,0,2011,4,30,6,78.93260179776527
2011-10-31,0,10,0,0,2011,4,31,0,66.57445134832395
2011-11-01,0,10,0,0,2011,4,1,1,55.09333851124296
2011-11-02,0,10,0,0,2011,4,2,2,50.17000388343222
2011-11-03,0,10,0,0,2011,4,3,3,55.32750291257417
2011-11-04,0,10,0,0,2011,4,4,4,74.37062718443062
2011-11-06,0,10,0,0,2011,4,6,6,56.51547038832296
2011-11-07,0,10,0,0,2011,4,7,0,46.81160279124222
2011-11-08,0,10,0,0,2011,4,8,1,40.27120209343167
2011-11-10,0,10,0,0,2011,4,10,3,49.378401570073756
2011-11-11,0,10,0,0,2011,4,11,4,45.146301177555316
2011-11-13,0,10,0,0,2011,4,13,6,42.70972588316649
2011-11-14,0,10,0,0,2011,4,14,0,35.71979441237487
2011-11-15,0,10,0,0,2011,4,15,1,40.06484580928115
2011-11-16,0,10,0,0,2011,4,16,2,101.27363435696087
2011-11-17,0,10,0,0,2011,4,17,3,132.85522576772064
2011-11-18,0,10,0,0,2011,4,18,4,106.27891932579048
2011-11-20,0,10,0,0,2011,4,20,6,87.08418949434287
2011-11-21,0,10,0,0,2011,4,21,0,77.11314212075715
2011-11-22,0,10,0,0,2011,4,22,1,186.80985659056785
2011-11-23,0,10,0,0,2011,4,23,2,164.4448924429259
2011-11-24,0,10,0,0,2011,4,24,3,133.65866933219442
2011-11-25,0,10,0,0,2011,4,25,4,103.19400199914581
2011-11-27,0,10,0,0,2011,4,27,6,82.55800149935935
2011-11-28,0,10,0,0,2011,4,28,0,163.9185011245195
2011-11-29,0,10,0,0,2011,4,29,1,126.62637584338964
2011-11-30,0,10,0,0,2011,4,30,2,160.29478188254222
2011-12-01,0,10,0,0,2011,4,1,3,126.12108641190667
2011-12-02,0,10,0,0,2011,4,2,4,116.71581480893
2011-12-04,0,10,0,0,2011,4,4,6,98.5993611066975
2011-12-05,0,10,0,0,2011,4,5,0,116.72452083002312
2011-12-06,0,10,0,0,2011,4,6,1,164.78089062251735
2011-12-07,0,10,0,0,2011,4,7,2,153.510667966888
2011-12-08,0,10,0,0,2011,4,8,3,129.145500975166
2011-12-09,0,10,0,0,2011,4,9,4,105.70912573137448
2011-03-15,0,11,1,0,2011,1,15,1,21.772679280680812
2011-03-18,0,11,1,0,2011,1,18,4,31.629509460510604
2011-03-20,0,11,1,0,2011,1,20,6,26.272132095382954
2011-03-21,0,11,1,0,2011,1,21,0,30.116599071537216
2011-03-23,0,11,1,0,2011,1,23,2,25.13744930365291
2011-03-24,0,11,1,0,2011,1,24,3,23.95308697773968
2011-03-25,0,11,1,0,2011,1,25,4,26.03981523330476
2011-03-28,0,11,1,0,2011,1,28,0,23.77986142497857
2011-04-03,0,11,1,0,2011,2,3,6,20.384896068733926
2011-04-04,0,11,1,0,2011,2,4,0,33.28867205155045
2011-04-10,0,11,1,0,2011,2,10,6,26.666504038662836
2011-04-11,0,11,1,0,2011,2,11,0,22.549878028997128
2011-04-12,0,11,1,0,2011,2,12,1,27.112408521747845
2011-04-13,0,11,1,0,2011,2,13,2,25.434306391310884
2011-04-14,0,11,1,0,2011,2,14,3,24.175729793483164
2011-04-17,0,11,1,0,2011,2,17,6,18.769297345112374
2011-04-20,0,11,1,0,2011,2,20,2,16.62697300883428
2011-04-27,0,11,1,0,2011,2,27,2,14.59522975662571
2011-05-06,0,11,1,0,2011,2,6,4,16.04642231746928
2011-05-09,0,11,1,0,2011,2,9,0,17.13481673810196
2011-05-12,0,11,1,0,2011,2,12,3,23.68861255357647
2011-05-13,0,11,1,0,2011,2,13,4,20.316459415182354
2011-05-16,0,11,1,0,2011,2,16,0,16.087344561386768
2011-05-17,0,11,1,0,2011,2,17,1,14.615508421040076
2011-05-19,0,11,1,0,2011,2,19,3,28.961631315780057
2011-05-23,0,11,1,0,2011,2,23,0,24.271223486835044
2011-05-29,0,11,1,0,2011,2,29,6,24.578417615126284
2011-06-05,0,11,1,0,2011,2,5,6,30.33381321134471
2011-06-08,0,11,1,0,2011,2,8,2,28.487859908508536
2011-06-15,0,11,1,0,2011,2,15,2,27.103394931381402
2011-06-20,0,11,1,0,2011,2,20,0,22.877546198536052
2011-06-21,0,11,1,0,2011,2,21,1,20.558159648902038
2011-06-23,0,11,1,0,2011,2,23,3,16.05611973667653
2011-06-24,0,11,1,0,2011,2,24,4,17.142089802507396
2011-06-28,0,11,1,0,2011,2,28,1,18.169067351880546
2011-06-30,0,11,1,0,2011,2,30,3,31.62680051391041
2011-07-01,0,11,1,0,2011,3,1,4,26.27010038543281
2011-07-04,0,11,1,0,2011,3,4,0,24.802575289074603
2011-07-10,0,11,1,0,2011,3,10,6,19.451931466805952
2011-07-13,0,11,1,0,2011,3,13,2,20.113948600104465
2011-07-14,0,11,1,0,2011,3,14,3,16.360461450078347
2011-07-19,0,11,1,0,2011,3,19,1,17.370346087558758
2011-07-21,0,11,1,0,2011,3,21,3,17.27775956566907
2011-07-24,0,11,1,0,2011,3,24,6,15.0833196742518
2011-07-25,0,11,1,0,2011,3,25,0,17.26248975568885
2011-07-27,0,11,1,0,2011,3,27,2,18.046867316766637
2011-08-03,0,11,1,0,2011,3,3,2,16.08515048757498
2011-08-05,0,11,1,0,2011,3,5,4,18.22636286568123
2011-08-15,0,11,1,0,2011,3,15,0,31.669772149260922
2011-08-17,0,11,1,0,2011,3,17,2,28.852329111945693
2011-08-19,0,11,1,0,2011,3,19,4,32.26424683395927
2011-08-21,0,11,1,0,2011,3,21,6,29.298185125469452
2011-08-22,0,11,1,0,2011,3,22,0,24.52363884410209
2011-08-25,0,11,1,0,2011,3,25,3,19.24272913307657
2011-09-01,0,11,1,0,2011,3,1,3,17.832046849807426
2011-09-05,0,11,1,0,2011,3,5,0,23.57403513735557
2011-09-08,0,11,1,0,2011,3,8,3,25.330526353016676
2011-09-11,0,11,1,0,2011,3,11,6,36.997894764762506
2011-09-12,0,11,1,0,2011,3,12,0,31.14842107357188
2011-09-14,0,11,1,0,2011,3,14,2,41.361315805178904
2011-09-16,0,11,1,0,2011,3,16,4,38.67098685388418
2011-09-19,0,11,1,0,2011,3,19,0,34.52824014041313
2011-09-20,0,11,1,0,2011,3,20,1,33.97118010530985
2011-09-27,0,11,1,0,2011,3,27,1,28.878385078982383
2011-09-28,0,11,1,0,2011,3,28,2,39.65878880923679
2011-09-29,0,11,1,0,2011,3,29,3,32.29409160692759
2011-09-30,0,11,1,0,2011,3,30,4,25.920568705195688
2011-10-03,0,11,1,0,2011,4,3,0,21.990426528896766
2011-10-05,0,11,1,0,2011,4,5,2,21.592819896672573
2011-10-06,0,11,1,0,2011,4,6,3,34.19461492250443
2011-10-07,0,11,1,0,2011,4,7,4,26.92096119187832
2011-10-11,0,11,1,0,2011,4,11,1,24.01572089390874
2011-10-12,0,11,1,0,2011,4,12,2,36.01179067043155
2011-10-13,0,11,1,0,2011,4,13,3,33.17134300282366
2011-10-17,0,11,1,0,2011,4,17,0,25.941007252117746
2011-10-18,0,11,1,0,2011,4,18,1,22.00575543908831
2011-10-19,0,11,1,0,2011,4,19,2,52.50431657931623
2011-10-24,0,11,1,0,2011,4,24,0,48.30323743448717
2011-10-27,0,11,1,0,2011,4,27,3,38.77742807586537
2011-10-30,0,11,1,0,2011,4,30,6,31.20807105689903
2011-10-31,0,11,1,0,2011,4,31,0,43.95605329267427
2011-11-01,0,11,1,0,2011,4,1,1,40.404539969505706
2011-11-02,0,11,1,0,2011,4,2,2,31.15340497712928
2011-11-04,0,11,1,0,2011,4,4,4,31.65255373284696
2011-11-06,0,11,1,0,2011,4,6,6,28.83941529963522
2011-11-08,0,11,1,0,2011,4,8,1,22.479561474726417
2011-11-10,0,11,1,0,2011,4,10,3,34.859671106044814
2011-11-13,0,11,1,0,2011,4,13,6,31.88225332953361
2011-11-14,0,11,1,0,2011,4,14,0,26.03668999715021
2011-11-15,0,11,1,0,2011,4,15,1,43.90251749786266
2011-11-16,0,11,1,0,2011,4,16,2,56.02688812339699
2011-11-17,0,11,1,0,2011,4,17,3,46.90766609254774
2011-11-20,0,11,1,0,2011,4,20,6,39.43074956941081
2011-11-21,0,11,1,0,2011,4,21,0,29.998062177058106
2011-11-22,0,11,1,0,2011,4,22,1,23.348546632793582
2011-11-23,0,11,1,0,2011,4,23,2,60.94890997459518
2011-11-25,0,11,1,0,2011,4,25,4,46.56168248094639
2011-11-27,0,11,1,0,2011,4,27,6,35.558761860709794
2011-11-28,0,11,1,0,2011,4,28,0,30.919071395532345
2011-11-29,0,11,1,0,2011,4,29,1,80.16430354664926
2011-11-30,0,11,1,0,2011,4,30,2,84.49822765998695
2011-12-01,0,11,1,0,2011,4,1,3,68.04867074499022
2011-12-02,0,11,1,0,2011,4,2,4,72.28650305874267
2011-12-04,0,11,1,0,2011,4,4,6,56.127377294057005
2011-12-05,0,11,1,0,2011,4,5,0,56.75803297054276
2011-12-06,0,11,1,0,2011,4,6,1,78.56852472790706
2011-12-07,0,11,1,0,2011,4,7,2,76.9263935459303
2011-12-09,0,11,1,0,2011,4,9,4,62.79479515944772
2011-05-18,0,12,2,0,2011,2,18,2,234.76408030364644
2011-05-19,0,12,2,0,2011,2,19,3,195.52306022773482
2011-05-20,0,12,2,0,2011,2,20,4,151.5922951708011
2011-05-25,0,12,2,0,2011,2,25,2,128.19422137810082
2011-05-26,0,12,2,0,2011,2,26,3,452.23066603357563
2011-05-31,0,12,2,0,2011,2,31,1,349.0729995251817
2011-06-01,0,12,2,0,2011,2,1,2,266.7547496438862
2011-06-02,0,12,2,0,2011,2,2,3,201.71606223291465
2011-06-03,0,12,2,0,2011,2,3,4,172.73704667468598
2011-06-05,0,12,2,0,2011,2,5,6,134.50278500601448
2011-06-06,0,12,2,0,2011,2,6,0,105.82708875451085
2011-06-08,0,12,2,0,2011,2,8,2,93.87031656588314
2011-06-09,0,12,2,0,2011,2,9,3,77.82773742441235
2011-06-12,0,12,2,0,2011,2,12,6,60.020803068309256
2011-06-15,0,12,2,0,2011,2,15,2,54.91560230123194
2011-06-16,0,12,2,0,2011,2,16,3,65.58670172592394
2011-06-22,0,12,2,0,2011,2,22,2,49.60252629444296
2011-06-23,0,12,2,0,2011,2,23,3,42.15189472083222
2011-07-01,0,12,2,0,2011,3,1,4,32.438921040624166
2011-07-05,0,12,2,0,2011,3,5,1,29.279190780468124
2011-07-06,0,12,2,0,2011,3,6,2,23.60939308535109
2011-07-07,0,12,2,0,2011,3,7,3,22.657044814013318
2011-07-08,0,12,2,0,2011,3,8,4,19.46778361050999
2011-07-10,0,12,2,0,2011,3,10,6,18.313337707882493
2011-07-11,0,12,2,0,2011,3,11,0,14.147503280911868
2011-07-12,0,12,2,0,2011,3,12,1,82.1531274606839
2011-07-13,0,12,2,0,2011,3,13,2,76.93984559551294
2011-07-14,0,12,2,0,2011,3,14,3,63.8923841966347
2011-07-18,0,12,2,0,2011,3,18,0,52.86928814747603
2011-07-19,0,12,2,0,2011,3,19,1,42.12696611060702
2011-07-20,0,12,2,0,2011,3,20,2,32.00772458295527
2011-07-21,0,12,2,0,2011,3,21,3,29.36829343721645
2011-07-22,0,12,2,0,2011,3,22,4,30.27622007791234
2011-07-24,0,12,2,0,2011,3,24,6,27.657165058434252
2011-07-26,0,12,2,0,2011,3,26,1,21.567873793825687
2011-07-28,0,12,2,0,2011,3,28,3,46.355905345369266
2011-07-29,0,12,2,0,2011,3,29,4,36.00442900902695
2011-08-05,0,12,2,0,2011,3,5,4,31.95332175677021
2011-08-07,0,12,2,0,2011,3,7,6,25.20249131757766
2011-08-08,0,12,2,0,2011,3,8,0,23.851868488183246
2011-08-11,0,12,2,0,2011,3,11,3,22.838901366137435
2011-08-22,0,12,2,0,2011,3,22,0,22.079176024603075
2011-09-05,0,12,2,0,2011,3,5,0,26.459382018452306
2011-09-06,0,12,2,0,2011,3,6,1,34.694536513839225
2011-09-11,0,12,2,0,2011,3,11,6,36.745902385379416
2011-09-12,0,12,2,0,2011,3,12,0,32.50942678903456
2011-09-14,0,12,2,0,2011,3,14,2,29.332070091775922
2011-09-15,0,12,2,0,2011,3,15,3,26.94905256883194
2011-09-19,0,12,2,0,2011,3,19,0,21.036789426623955
2011-09-20,0,12,2,0,2011,3,20,1,413.68009206996794
2011-09-26,0,12,2,0,2011,3,26,0,315.21006905247594
2011-09-28,0,12,2,0,2011,3,28,2,250.43255178935695
2011-09-29,0,12,2,0,2011,3,29,3,196.8994138420177
2011-10-02,0,12,2,0,2011,4,2,6,148.49956038151328
2011-10-03,0,12,2,0,2011,4,3,0,159.07467028613496
2011-10-05,0,12,2,0,2011,4,5,2,124.25600271460122
2011-10-06,0,12,2,0,2011,4,6,3,98.14200203595092
2011-10-14,0,12,2,0,2011,4,14,4,78.5565015269632
2011-10-18,0,12,2,0,2011,4,18,1,60.979876145222406
2011-10-20,0,12,2,0,2011,4,20,3,50.6849071089168
2011-10-21,0,12,2,0,2011,4,21,4,76.5636803316876
2011-10-23,0,12,2,0,2011,4,23,6,57.83526024876571
2011-10-24,0,12,2,0,2011,4,24,0,58.701445186574276
2011-10-25,0,12,2,0,2011,4,25,1,44.851083889930706
2011-10-27,0,12,2,0,2011,4,27,3,40.650812917448036
2011-10-30,0,12,2,0,2011,4,30,6,32.96310968808603
2011-11-03,0,12,2,0,2011,4,3,3,333.6473322660645
2011-11-04,0,12,2,0,2011,4,4,4,283.23549919954837
2011-11-06,0,12,2,0,2011,4,6,6,221.9141243996613
2011-11-08,0,12,2,0,2011,4,8,1,166.84809329974595
2011-11-10,0,12,2,0,2011,4,10,3,128.43606997480947
2011-11-11,0,12,2,0,2011,4,11,4,98.8020524811071
2011-11-13,0,12,2,0,2011,4,13,6,75.75153936083032
2011-11-16,0,12,2,0,2011,4,16,2,59.701154520622744
2011-11-17,0,12,2,0,2011,4,17,3,49.72586589046706
2011-11-18,0,12,2,0,2011,4,18,4,42.2443994178503
2011-11-20,0,12,2,0,2011,4,20,6,33.333299563387726
2011-11-21,0,12,2,0,2011,4,21,0,32.42497467254079
2011-11-22,0,12,2,0,2011,4,22,1,25.556231004405593
2011-11-24,0,12,2,0,2011,4,24,3,24.117173253304195
2011-11-27,0,12,2,0,2011,4,27,6,20.975379939978144
2011-11-28,0,12,2,0,2011,4,28,0,309.3565349549836
2011-11-29,0,12,2,0,2011,4,29,1,232.4299012162377
2011-11-30,0,12,2,0,2011,4,30,2,181.7474259121783
2011-12-01,0,12,2,0,2011,4,1,3,137.96056943413373
2011-12-02,0,12,2,0,2011,4,2,4,108.4204270756003
2011-12-04,0,12,2,0,2011,4,4,6,82.96532030670024
2011-12-05,0,12,2,0,2011,4,5,0,72.12399023002519
2011-12-08,0,12,2,0,2011,4,8,3,55.330492672518886
2011-12-09,0,12,2,0,2011,4,9,4,46.44786950438916
2011-03-15,0,13,3,0,2011,1,15,1,25.191171137432587
2011-03-16,0,13,3,0,2011,1,16,2,23.31837835307444
2011-03-18,0,13,3,0,2011,1,18,4,26.338783764805832
2011-03-20,0,13,3,0,2011,1,20,6,24.179087823604373
2011-03-21,0,13,3,0,2011,1,21,0,28.459315867703282
2011-03-22,0,13,3,0,2011,1,22,1,23.55698690077746
2011-03-23,0,13,3,0,2011,1,23,2,35.367740175583094
2011-03-24,0,13,3,0,2011,1,24,3,35.37580513168732
2011-03-25,0,13,3,0,2011,1,25,4,30.956853848765494
2011-03-28,0,13,3,0,2011,1,28,0,27.642640386574122
2011-04-04,0,13,3,0,2011,2,4,0,25.15698028993059
2011-04-08,0,13,3,0,2011,2,8,4,36.56773521744795
2011-04-10,0,13,3,0,2011,2,10,6,28.16330141308596
2011-04-12,0,13,3,0,2011,2,12,1,56.147476059814466
2011-04-14,0,13,3,0,2011,2,14,3,50.96060704486085
2011-04-15,0,13,3,0,2011,2,15,4,42.64545528364563
2011-04-17,0,13,3,0,2011,2,17,6,45.259091462734226
2011-04-18,0,13,3,0,2011,2,18,0,38.369318597050665
2011-04-20,0,13,3,0,2011,2,20,2,33.201988947787996
2011-04-26,0,13,3,0,2011,2,26,1,29.326491710840997
2011-04-28,0,13,3,0,2011,2,28,3,22.73236878313075
2011-05-03,0,13,3,0,2011,2,3,1,21.47427658734806
2011-05-04,0,13,3,0,2011,2,4,2,24.95570744051105
2011-05-06,0,13,3,0,2011,2,6,4,27.566780580383288
2011-05-08,0,13,3,0,2011,2,8,6,33.95008543528746
2011-05-10,0,13,3,0,2011,2,10,1,35.7875640764656
2011-05-11,0,13,3,0,2011,2,11,2,31.2656730573492
2011-05-12,0,13,3,0,2011,2,12,3,27.8742547930119
2011-05-18,0,13,3,0,2011,2,18,2,60.355691094758924
2011-05-20,0,13,3,0,2011,2,20,4,49.69176832106919
2011-05-24,0,13,3,0,2011,2,24,1,38.743826240801894
2011-05-26,0,13,3,0,2011,2,26,3,33.482869680601425
2011-06-06,0,13,3,0,2011,2,6,0,33.96215226045107
2011-06-09,0,13,3,0,2011,2,9,3,34.321614195338306
2011-06-14,0,13,3,0,2011,2,14,1,34.59121064650373
2011-06-15,0,13,3,0,2011,2,15,2,31.105907984877803
2011-06-16,0,13,3,0,2011,2,16,3,27.754430988658353
2011-06-19,0,13,3,0,2011,2,19,6,27.453323241493763
2011-06-23,0,13,3,0,2011,2,23,3,21.327492431120323
2011-06-30,0,13,3,0,2011,2,30,3,18.20811932334024
2011-07-05,0,13,3,0,2011,3,5,1,15.13108949250518
2011-07-06,0,13,3,0,2011,3,6,2,24.62331711937889
2011-07-08,0,13,3,0,2011,3,8,4,19.942487839534166
2011-07-11,0,13,3,0,2011,3,11,0,16.431865879650626
2011-07-12,0,13,3,0,2011,3,12,1,42.92389940973797
2011-07-14,0,13,3,0,2011,3,14,3,33.66792455730348
2011-07-19,0,13,3,0,2011,3,19,1,28.20094341797761
2011-07-25,0,13,3,0,2011,3,25,0,38.85070756348321
2011-07-27,0,13,3,0,2011,3,27,2,33.56303067261241
2011-08-03,0,13,3,0,2011,3,3,2,25.90977300445931
2011-08-05,0,13,3,0,2011,3,5,4,28.282329753344484
2011-08-07,0,13,3,0,2011,3,7,6,25.636747315008364
2011-08-08,0,13,3,0,2011,3,8,0,23.652560486256274
2011-08-10,0,13,3,0,2011,3,10,2,35.43942036469221
2011-08-11,0,13,3,0,2011,3,11,3,31.00456527351916
2011-08-17,0,13,3,0,2011,3,17,2,27.67842395513937
2011-08-18,0,13,3,0,2011,3,18,3,26.658817966354526
2011-08-23,0,13,3,0,2011,3,23,1,25.156613474765898
2011-08-25,0,13,3,0,2011,3,25,3,20.342460106074427
2011-08-26,0,13,3,0,2011,3,26,4,19.68184507955582
2011-09-01,0,13,3,0,2011,3,1,3,32.46138380966687
2011-09-02,0,13,3,0,2011,3,2,4,28.771037857250153
2011-09-05,0,13,3,0,2011,3,5,0,26.003278392937617
2011-09-06,0,13,3,0,2011,3,6,1,37.20245879470322
2011-09-08,0,13,3,0,2011,3,8,3,36.75184409602741
2011-09-11,0,13,3,0,2011,3,11,6,29.03888307202056
2011-09-13,0,13,3,0,2011,3,13,1,26.204162304015423
2011-09-14,0,13,3,0,2011,3,14,2,28.503121728011568
2011-09-15,0,13,3,0,2011,3,15,3,26.539841296008678
2011-09-16,0,13,3,0,2011,3,16,4,28.75488097200651
2011-09-20,0,13,3,0,2011,3,20,1,25.991160729004886
2011-09-25,0,13,3,0,2011,3,25,6,28.343370546753665
2011-09-29,0,13,3,0,2011,3,29,3,30.10752791006525
2011-10-02,0,13,3,0,2011,4,2,6,24.05564593254894
2011-10-05,0,13,3,0,2011,4,5,2,35.74173444941171
2011-10-06,0,13,3,0,2011,4,6,3,35.65630083705878
2011-10-07,0,13,3,0,2011,4,7,4,37.06722562779409
2011-10-19,0,13,3,0,2011,4,19,2,37.38791922084557
2011-10-20,0,13,3,0,2011,4,20,3,32.46593941563418
2011-10-27,0,13,3,0,2011,4,27,3,26.561954561725635
2011-10-31,0,13,3,0,2011,4,31,0,24.34646592129423
2011-11-02,0,13,3,0,2011,4,2,2,22.684849440970673
2011-11-03,0,13,3,0,2011,4,3,3,34.713637080728006
2011-11-06,0,13,3,0,2011,4,6,6,48.160227810546004
2011-11-07,0,13,3,0,2011,4,7,0,40.5451708579095
2011-11-08,0,13,3,0,2011,4,8,1,39.25887814343213
2011-11-09,0,13,3,0,2011,4,9,2,38.2941586075741
2011-11-10,0,13,3,0,2011,4,10,3,34.62061895568057
2011-11-13,0,13,3,0,2011,4,13,6,33.34046421676043
2011-11-16,0,13,3,0,2011,4,16,2,27.21784816257032
2011-11-17,0,13,3,0,2011,4,17,3,29.26338612192774
2011-11-18,0,13,3,0,2011,4,18,4,35.22253959144581
2011-11-21,0,13,3,0,2011,4,21,0,30.841904693584357
2011-11-24,0,13,3,0,2011,4,24,3,31.98142852018827
2011-11-25,0,13,3,0,2011,4,25,4,28.411071390141203
2011-11-27,0,13,3,0,2011,4,27,6,22.045803542605903
2011-11-29,0,13,3,0,2011,4,29,1,18.009352656954427
2011-11-30,0,13,3,0,2011,4,30,2,17.932014492715822
2011-12-01,0,13,3,0,2011,4,1,3,22.29901086953687
2011-12-02,0,13,3,0,2011,4,2,4,21.14925815215265
2011-12-08,0,13,3,0,2011,4,8,3,20.286943614114488
2011-12-09,0,13,3,0,2011,4,9,4,19.640207710585866
2011-03-18,0,14,4,0,2011,1,18,4,1.3320118188625856
2011-03-20,0,14,4,0,2011,1,20,6,1.4740088641469393
2011-03-21,0,14,4,0,2011,1,21,0,1.5805066481102044
2011-03-22,0,14,4,0,2011,1,22,1,1.6603799860826531
2011-03-24,0,14,4,0,2011,1,24,3,2.43278498956199
2011-03-25,0,14,4,0,2011,1,25,4,2.2995887421714927
2011-03-28,0,14,4,0,2011,1,28,0,1.9621915566286197
2011-03-29,0,14,4,0,2011,1,29,1,1.7091436674714648
2011-04-07,0,14,4,0,2011,2,7,3,1.5193577506035987
2011-04-10,0,14,4,0,2011,2,10,6,1.6145183129526992
2011-04-14,0,14,4,0,2011,2,14,3,1.6858887347145246
2011-04-19,0,14,4,0,2011,2,19,1,1.9769165510358935
2011-04-20,0,14,4,0,2011,2,20,2,2.43268741327692
2011-04-26,0,14,4,0,2011,2,26,1,2.0620155599576897
2011-04-27,0,14,4,0,2011,2,27,2,1.7840116699682673
2011-05-04,0,14,4,0,2011,2,4,2,2.0505087524762002
2011-05-06,0,14,4,0,2011,2,6,4,1.7753815643571502
2011-05-08,0,14,4,0,2011,2,8,6,1.8065361732678626
2011-05-11,0,14,4,0,2011,2,11,2,2.304902129950897
2011-05-13,0,14,4,0,2011,2,13,4,1.9661765974631729
2011-06-05,0,14,4,0,2011,2,5,6,2.1871324480973797
2011-06-09,0,14,4,0,2011,2,9,3,2.115349336073035
2011-06-12,0,14,4,0,2011,2,12,6,3.9615120020547763
2011-06-21,0,14,4,0,2011,2,21,1,3.683634001541082
2011-06-27,0,14,4,0,2011,2,27,0,3.0002255011558114
2011-07-01,0,14,4,0,2011,3,1,4,2.4876691258668586
2011-07-03,0,14,4,0,2011,3,3,6,3.053251844400144
2011-07-06,0,14,4,0,2011,3,6,2,3.002438883300108
2011-07-10,0,14,4,0,2011,3,10,6,2.726829162475081
2011-07-11,0,14,4,0,2011,3,11,0,2.2826218718563105
2011-07-14,0,14,4,0,2011,3,14,3,2.424466403892233
2011-07-17,0,14,4,0,2011,3,17,6,2.0558498029191745
2011-07-18,0,14,4,0,2011,3,18,0,2.2543873521893807
2011-07-20,0,14,4,0,2011,3,20,2,2.1657905141420355
2011-07-21,0,14,4,0,2011,3,21,3,2.099342885606527
2011-07-22,0,14,4,0,2011,3,22,4,1.8120071642048952
2011-07-26,0,14,4,0,2011,3,26,1,1.5965053731536714
2011-07-28,0,14,4,0,2011,3,28,3,2.1473790298652533
2011-08-01,0,14,4,0,2011,3,1,0,2.08553427239894
2011-08-05,0,14,4,0,2011,3,5,4,1.801650704299205
2011-08-07,0,14,4,0,2011,3,7,6,4.201238028224403
2011-08-09,0,14,4,0,2011,3,9,1,3.3884285211683025
2011-08-10,0,14,4,0,2011,3,10,2,4.916321390876227
2011-08-22,0,14,4,0,2011,3,22,0,4.399741043157171
2011-08-25,0,14,4,0,2011,3,25,3,4.249805782367878
2011-08-31,0,14,4,0,2011,3,31,2,3.4248543367759083
2011-09-05,0,14,4,0,2011,3,5,0,5.656140752581932
2011-09-09,0,14,4,0,2011,3,9,4,4.479605564436448
2011-09-11,0,14,4,0,2011,3,11,6,4.784704173327336
2011-09-12,0,14,4,0,2011,3,12,0,4.063528129995502
2011-09-13,0,14,4,0,2011,3,13,1,4.472646097496627
2011-09-15,0,14,4,0,2011,3,15,3,3.59198457312247
2011-09-18,0,14,4,0,2011,3,18,6,3.1689884298418525
2011-09-19,0,14,4,0,2011,3,19,0,3.564241322381389
2011-09-20,0,14,4,0,2011,3,20,1,3.385680991786042
2011-09-26,0,14,4,0,2011,3,26,0,2.776760743839531
2011-09-29,0,14,4,0,2011,3,29,3,3.7450705578796484
2011-09-30,0,14,4,0,2011,3,30,4,3.521302918409736
2011-10-02,0,14,4,0,2011,4,2,6,3.1159771888073022
2011-10-06,0,14,4,0,2011,4,6,3,3.0494828916054764
2011-10-07,0,14,4,0,2011,4,7,4,2.999612168704107
2011-10-09,0,14,4,0,2011,4,9,6,2.7247091265280803
2011-10-10,0,14,4,0,2011,4,10,0,2.7560318448960603
2011-10-13,0,14,4,0,2011,4,13,3,2.779523883672045
2011-10-17,0,14,4,0,2011,4,17,0,2.3221429127540336
2011-10-19,0,14,4,0,2011,4,19,2,3.8791071845655254
2011-10-23,0,14,4,0,2011,4,23,6,3.621830388424144
2011-10-25,0,14,4,0,2011,4,25,1,3.666372791318108
2011-10-30,0,14,4,0,2011,4,30,6,3.462279593488581
2011-11-06,0,14,4,0,2011,4,6,6,5.209209695116435
2011-11-07,0,14,4,0,2011,4,7,0,4.381907271337326
2011-11-08,0,14,4,0,2011,4,8,1,4.4739304535029945
2011-11-10,0,14,4,0,2011,4,10,3,4.780447840127246
2011-11-11,0,14,4,0,2011,4,11,4,3.8228358800954343
2011-11-14,0,14,4,0,2011,4,14,0,3.8171269100715755
2011-11-15,0,14,4,0,2011,4,15,1,3.3378451825536817
2011-11-16,0,14,4,0,2011,4,16,2,3.453383886915261
2011-11-17,0,14,4,0,2011,4,17,3,3.3025379151864453
2011-11-20,0,14,4,0,2011,4,20,6,2.951903436389834
2011-11-21,0,14,4,0,2011,4,21,0,3.163927577292376
2011-11-22,0,14,4,0,2011,4,22,1,3.322945682969282
2011-11-23,0,14,4,0,2011,4,23,2,4.629709262226961
2011-11-24,0,14,4,0,2011,4,24,3,3.947281946670221
2011-11-25,0,14,4,0,2011,4,25,4,3.6729614600026657
2011-11-27,0,14,4,0,2011,4,27,6,5.604721095001999
2011-11-28,0,14,4,0,2011,4,28,0,4.678540821251499
2011-11-29,0,14,4,0,2011,4,29,1,5.4089056159386235
2011-11-30,0,14,4,0,2011,4,30,2,5.006679211953968
2011-12-01,0,14,4,0,2011,4,1,3,4.942509408965476
2011-12-02,0,14,4,0,2011,4,2,4,5.131882056724107
2011-12-04,0,14,4,0,2011,4,4,6,4.086411542543081
2011-12-05,0,14,4,0,2011,4,5,0,6.15230865690731
2011-12-07,0,14,4,0,2011,4,7,2,5.089231492680483
2011-12-08,0,14,4,0,2011,4,8,3,4.5294236195103625
2011-05-04,0,15,0,0,2011,2,4,2,4.95
2011-05-06,0,15,0,0,2011,2,6,4,66.72500000000001
2011-05-08,0,15,0,0,2011,2,8,6,67.36875
2011-05-10,0,15,0,0,2011,2,10,1,142.0015625
2011-05-11,0,15,0,0,2011,2,11,2,128.77617187500002
2011-05-12,0,15,0,0,2011,2,12,3,100.29462890625001
2011-05-13,0,15,0,0,2011,2,13,4,87.59597167968751
2011-05-16,0,15,0,0,2011,2,16,0,95.39697875976563
2011-05-17,0,15,0,0,2011,2,17,1,75.26023406982424
2011-05-18,0,15,0,0,2011,2,18,2,115.74517555236818
2011-05-19,0,15,0,0,2011,2,19,3,127.64638166427613
2011-05-20,0,15,0,0,2011,2,20,4,106.8722862482071
2011-05-22,0,15,0,0,2011,2,22,6,97.47921468615533
2011-05-23,0,15,0,0,2011,2,23,0,91.6719110146165
2011-05-25,0,15,0,0,2011,2,25,2,79.89143326096237
2011-05-26,0,15,0,0,2011,2,26,3,63.63107494572178
2011-05-29,0,15,0,0,2011,2,29,6,51.435806209291336
2011-05-31,0,15,0,0,2011,2,31,1,48.4768546569685
2011-06-02,0,15,0,0,2011,2,2,3,72.24514099272638
2011-06-03,0,15,0,0,2011,2,3,4,73.98385574454478
2011-06-05,0,15,0,0,2011,2,5,6,87.6628918084086
2011-06-07,0,15,0,0,2011,2,7,1,68.22216885630644
2011-06-08,0,15,0,0,2011,2,8,2,95.71662664222983
2011-06-09,0,15,0,0,2011,2,9,3,94.06246998167238
2011-06-15,0,15,0,0,2011,2,15,2,89.10935248625428
2011-06-16,0,15,0,0,2011,2,16,3,139.78201436469072
2011-06-17,0,15,0,0,2011,2,17,4,112.26151077351804
2011-06-19,0,15,0,0,2011,2,19,6,91.62113308013853
2011-06-20,0,15,0,0,2011,2,20,0,73.66584981010391
2011-06-21,0,15,0,0,2011,2,21,1,58.96188735757793
2011-06-22,0,15,0,0,2011,2,22,2,45.458915518183446
2011-06-23,0,15,0,0,2011,2,23,3,125.56918663863759
2011-06-28,0,15,0,0,2011,2,28,1,123.8768899789782
2011-06-29,0,15,0,0,2011,2,29,2,99.09516748423366
2011-06-30,0,15,0,0,2011,2,30,3,89.17137561317523
2011-07-01,0,15,0,0,2011,3,1,4,76.77853170988143
2011-07-05,0,15,0,0,2011,3,5,1,119.35889878241107
2011-07-07,0,15,0,0,2011,3,7,3,101.8941740868083
2011-07-08,0,15,0,0,2011,3,8,4,80.13313056510623
2011-07-10,0,15,0,0,2011,3,10,6,66.28734792382967
2011-07-13,0,15,0,0,2011,3,13,2,73.22801094287226
2011-07-14,0,15,0,0,2011,3,14,3,66.05850820715419
2011-07-18,0,15,0,0,2011,3,18,0,53.25638115536564
2011-07-19,0,15,0,0,2011,3,19,1,69.64228586652423
2011-07-20,0,15,0,0,2011,3,20,2,59.656714399893175
2011-07-21,0,15,0,0,2011,3,21,3,96.61753579991989
2011-07-22,0,15,0,0,2011,3,22,4,94.73815184993992
2011-07-24,0,15,0,0,2011,3,24,6,82.19111388745495
2011-07-25,0,15,0,0,2011,3,25,0,66.59333541559121
2011-07-26,0,15,0,0,2011,3,26,1,68.5075015616934
2011-07-28,0,15,0,0,2011,3,28,3,53.85562617127005
2011-07-29,0,15,0,0,2011,3,29,4,55.24171962845254
2011-07-31,0,15,0,0,2011,3,31,6,56.28128972133941
2011-08-01,0,15,0,0,2011,3,1,0,43.448467291004555
2011-08-02,0,15,0,0,2011,3,2,1,36.29885046825341
2011-08-03,0,15,0,0,2011,3,3,2,28.46163785119006
2011-08-04,0,15,0,0,2011,3,4,3,93.02122838839256
2011-08-05,0,15,0,0,2011,3,5,4,82.14092129129442
2011-08-07,0,15,0,0,2011,3,7,6,80.16819096847081
2011-08-09,0,15,0,0,2011,3,9,1,68.7886432263531
2011-08-10,0,15,0,0,2011,3,10,2,62.72898241976483
2011-08-11,0,15,0,0,2011,3,11,3,50.75923681482362
2011-08-15,0,15,0,0,2011,3,15,0,43.01942761111772
2011-08-17,0,15,0,0,2011,3,17,2,286.0645707083383
2011-08-19,0,15,0,0,2011,3,19,4,225.6859280312537
2011-08-21,0,15,0,0,2011,3,21,6,176.68944602344027
2011-08-22,0,15,0,0,2011,3,22,0,177.0670845175802
2011-08-23,0,15,0,0,2011,3,23,1,140.22531338818516
2011-08-24,0,15,0,0,2011,3,24,2,208.91898504113888
2011-08-25,0,15,0,0,2011,3,25,3,160.40173878085417
2011-08-26,0,15,0,0,2011,3,26,4,124.01380408564063
2011-08-28,0,15,0,0,2011,3,28,6,96.72285306423048
2011-09-01,0,15,0,0,2011,3,1,3,79.96713979817285
2011-09-05,0,15,0,0,2011,3,5,0,63.687854848629634
2011-09-06,0,15,0,0,2011,3,6,1,55.19089113647223
2011-09-08,0,15,0,0,2011,3,8,3,45.10566835235417
2011-09-09,0,15,0,0,2011,3,9,4,37.54175126426563
2011-09-13,0,15,0,0,2011,3,13,1,38.05631344819922
2011-09-16,0,15,0,0,2011,3,16,4,31.017235086149416
2011-09-18,0,15,0,0,2011,3,18,6,26.975426314612065
2011-09-19,0,15,0,0,2011,3,19,0,25.181569735959048
2011-09-20,0,15,0,0,2011,3,20,1,23.836177301969286
2011-09-21,0,15,0,0,2011,3,21,2,21.589632976476963
2011-09-22,0,15,0,0,2011,3,22,3,48.07972473235772
2011-09-23,0,15,0,0,2011,3,23,4,39.77229354926829
2011-09-25,0,15,0,0,2011,3,25,6,38.49172016195122
2011-09-29,0,15,0,0,2011,3,29,3,43.718790121463414
2011-10-03,0,15,0,0,2011,4,3,0,36.501592591097555
2011-10-05,0,15,0,0,2011,4,5,2,31.088694443323163
2011-10-06,0,15,0,0,2011,4,6,3,27.02902083249237
2011-10-07,0,15,0,0,2011,4,7,4,27.69676562436928
2011-10-10,0,15,0,0,2011,4,10,0,41.81007421827697
2011-10-11,0,15,0,0,2011,4,11,1,35.07005566370773
2011-10-12,0,15,0,0,2011,4,12,2,30.015041747780792
2011-10-16,0,15,0,0,2011,4,16,6,26.22378131083559
2011-10-17,0,15,0,0,2011,4,17,0,22.142835983126695
2011-10-18,0,15,0,0,2011,4,18,1,20.319626987345018
2011-10-20,0,15,0,0,2011,4,20,3,18.952220240508765
2011-10-21,0,15,0,0,2011,4,21,4,22.876665180381572
2011-10-23,0,15,0,0,2011,4,23,6,22.10749888528618
2011-10-25,0,15,0,0,2011,4,25,1,32.668124163964634
2011-10-28,0,15,0,0,2011,4,28,4,29.451093122973475
2011-10-30,0,15,0,0,2011,4,30,6,33.22581984223011
2011-11-03,0,15,0,0,2011,4,3,3,28.631864881672584
2011-11-04,0,15,0,0,2011,4,4,4,51.17389866125444
2011-11-06,0,15,0,0,2011,4,6,6,61.36792399594083
2011-11-07,0,15,0,0,2011,4,7,0,49.73844299695562
2011-11-09,0,15,0,0,2011,4,9,2,41.01633224771671
2011-11-10,0,15,0,0,2011,4,10,3,45.61224918578753
2011-11-13,0,15,0,0,2011,4,13,6,36.68418688934065
2011-11-14,0,15,0,0,2011,4,14,0,31.225640167005487
2011-11-16,0,15,0,0,2011,4,16,2,24.656730125254118
2011-11-17,0,15,0,0,2011,4,17,3,20.96754759394059
2011-11-21,0,15,0,0,2011,4,21,0,34.288160695455446
2011-11-23,0,15,0,0,2011,4,23,2,30.666120521591584
2011-11-27,0,15,0,0,2011,4,27,6,25.47459039119369
2011-11-29,0,15,0,0,2011,4,29,1,30.243442793395268
2011-11-30,0,15,0,0,2011,4,30,2,33.82008209504645
2011-12-01,0,15,0,0,2011,4,1,3,29.07756157128484
2011-12-05,0,15,0,0,2011,4,5,0,27.99567117846363
2011-12-08,0,15,0,0,2011,4,8,3,28.421753383847726
2011-12-09,0,15,0,0,2011,4,9,4,25.028815037885792
2011-05-08,0,16,1,0,2011,2,8,6,16.5
2011-05-09,0,16,1,0,2011,2,9,0,16.5
2011-05-10,0,16,1,0,2011,2,10,1,24.75
2011-05-11,0,16,1,0,2011,2,11,2,26.8125
2011-05-12,0,16,1,0,2011,2,12,3,24.234375
2011-05-15,0,16,1,0,2011,2,15,6,20.23828125
2011-05-17,0,16,1,0,2011,2,17,1,23.4287109375
2011-05-19,0,16,1,0,2011,2,19,3,38.196533203125
2011-05-23,0,16,1,0,2011,2,23,0,41.02239990234375
2011-05-24,0,16,1,0,2011,2,24,1,39.01679992675781
2011-05-25,0,16,1,0,2011,2,25,2,37.51259994506836
2011-05-26,0,16,1,0,2011,2,26,3,36.38444995880127
2011-05-27,0,16,1,0,2011,2,27,4,39.66333746910095
2011-05-29,0,16,1,0,2011,2,29,6,30.985003101825715
2011-06-03,0,16,1,0,2011,2,3,4,31.90125232636929
2011-06-05,0,16,1,0,2011,2,5,6,27.638439244776965
2011-06-08,0,16,1,0,2011,2,8,2,24.853829433582725
2011-06-12,0,16,1,0,2011,2,12,6,20.702872075187045
2011-06-15,0,16,1,0,2011,2,15,2,28.727154056390283
2011-06-21,0,16,1,0,2011,2,21,1,26.495365542292713
2011-06-23,0,16,1,0,2011,2,23,3,29.771524156719536
2011-06-24,0,16,1,0,2011,2,24,4,30.578643117539652
2011-06-30,0,16,1,0,2011,2,30,3,24.17148233815474
2011-07-01,0,16,1,0,2011,3,1,4,30.503611753616056
2011-07-05,0,16,1,0,2011,3,5,1,27.002708815212042
2011-07-06,0,16,1,0,2011,3,6,2,26.02703161140903
2011-07-08,0,16,1,0,2011,3,8,4,23.645273708556772
2011-07-10,0,16,1,0,2011,3,10,6,19.79645528141758
2011-07-13,0,16,1,0,2011,3,13,2,16.497341461063183
2011-07-14,0,16,1,0,2011,3,14,3,14.435506095797386
2011-07-17,0,16,1,0,2011,3,17,6,16.18912957184804
2011-07-18,0,16,1,0,2011,3,18,0,13.791847178886028
2011-07-19,0,16,1,0,2011,3,19,1,26.843885384164523
2011-07-20,0,16,1,0,2011,3,20,2,28.382914038123392
2011-07-21,0,16,1,0,2011,3,21,3,25.412185528592545
2011-07-22,0,16,1,0,2011,3,22,4,27.30913914644441
2011-07-24,0,16,1,0,2011,3,24,6,64.9818543598333
2011-07-25,0,16,1,0,2011,3,25,0,52.86139076987498
2011-07-26,0,16,1,0,2011,3,26,1,42.533543077406236
2011-07-27,0,16,1,0,2011,3,27,2,36.02515730805467
2011-07-28,0,16,1,0,2011,3,28,3,54.24386798104101
2011-07-31,0,16,1,0,2011,3,31,6,44.807900985780755
2011-08-04,0,16,1,0,2011,3,4,3,37.73092573933557
2011-08-05,0,16,1,0,2011,3,5,4,29.948194304501676
2011-08-07,0,16,1,0,2011,3,7,6,27.82364572837626
2011-08-09,0,16,1,0,2011,3,9,1,21.280234296282195
2011-08-11,0,16,1,0,2011,3,11,3,28.335175722211645
2011-08-16,0,16,1,0,2011,3,16,1,64.10138179165874
2011-08-17,0,16,1,0,2011,3,17,2,52.20103634374405
2011-08-18,0,16,1,0,2011,3,18,3,39.56327725780804
2011-08-19,0,16,1,0,2011,3,19,4,33.79745794335603
2011-08-22,0,16,1,0,2011,3,22,0,33.598093457517024
2011-08-23,0,16,1,0,2011,3,23,1,34.68607009313777
2011-08-24,0,16,1,0,2011,3,24,2,30.13955256985333
2011-08-25,0,16,1,0,2011,3,25,3,34.97966442739
2011-08-28,0,16,1,0,2011,3,28,6,30.3597483205425
2011-09-01,0,16,1,0,2011,3,1,3,35.144811240406874
2011-09-05,0,16,1,0,2011,3,5,0,29.246108430305153
2011-09-07,0,16,1,0,2011,3,7,2,25.234581322728864
2011-09-11,0,16,1,0,2011,3,11,6,20.163435992046647
2011-09-13,0,16,1,0,2011,3,13,1,23.372576994034986
2011-09-14,0,16,1,0,2011,3,14,2,21.65443274552624
2011-09-15,0,16,1,0,2011,3,15,3,32.740824559144684
2011-09-16,0,16,1,0,2011,3,16,4,26.618118419358513
2011-09-20,0,16,1,0,2011,3,20,1,24.088588814518886
2011-09-21,0,16,1,0,2011,3,21,2,26.316441610889164
2011-09-22,0,16,1,0,2011,3,22,3,21.79983120816687
2011-09-28,0,16,1,0,2011,3,28,2,17.999873406125154
2011-09-29,0,16,1,0,2011,3,29,3,17.624905054593867
2011-10-04,0,16,1,0,2011,4,4,1,17.3436787909454
2011-10-05,0,16,1,0,2011,4,5,2,29.50775909320905
2011-10-06,0,16,1,0,2011,4,6,3,34.50581931990679
2011-10-07,0,16,1,0,2011,4,7,4,30.004364489930094
2011-10-09,0,16,1,0,2011,4,9,6,24.153273367447568
2011-10-10,0,16,1,0,2011,4,10,0,19.352455025585677
2011-10-11,0,16,1,0,2011,4,11,1,18.63934126918926
2011-10-12,0,16,1,0,2011,4,12,2,22.229505951891944
2011-10-14,0,16,1,0,2011,4,14,4,20.797129463918957
2011-10-19,0,16,1,0,2011,4,19,2,27.972847097939216
2011-10-21,0,16,1,0,2011,4,21,4,22.62963532345441
2011-10-23,0,16,1,0,2011,4,23,6,17.797226492590806
2011-10-25,0,16,1,0,2011,4,25,1,13.760419869443103
2011-10-26,0,16,1,0,2011,4,26,2,13.207814902082326
2011-10-28,0,16,1,0,2011,4,28,4,18.155861176561743
2011-10-30,0,16,1,0,2011,4,30,6,15.266895882421307
2011-10-31,0,16,1,0,2011,4,31,0,15.57517191181598
2011-11-03,0,16,1,0,2011,4,3,3,15.806378933861986
2011-11-04,0,16,1,0,2011,4,4,4,20.104784200396487
2011-11-06,0,16,1,0,2011,4,6,6,23.328588150297364
2011-11-07,0,16,1,0,2011,4,7,0,18.321441112723022
2011-11-08,0,16,1,0,2011,4,8,1,17.866080834542267
2011-11-09,0,16,1,0,2011,4,9,2,21.6495606259067
2011-11-10,0,16,1,0,2011,4,10,3,24.899670469430028
2011-11-13,0,16,1,0,2011,4,13,6,25.274752852072524
2011-11-14,0,16,1,0,2011,4,14,0,23.906064639054392
2011-11-15,0,16,1,0,2011,4,15,1,27.004548479290793
2011-11-16,0,16,1,0,2011,4,16,2,36.753411359468096
2011-11-17,0,16,1,0,2011,4,17,3,31.690058519601074
2011-11-18,0,16,1,0,2011,4,18,4,24.592543889700803
2011-11-20,0,16,1,0,2011,4,20,6,21.3319079172756
2011-11-21,0,16,1,0,2011,4,21,0,20.1239309379567
2011-11-23,0,16,1,0,2011,4,23,2,15.505448203467525
2011-11-24,0,16,1,0,2011,4,24,3,15.754086152600644
2011-11-25,0,16,1,0,2011,4,25,4,16.765564614450483
2011-11-27,0,16,1,0,2011,4,27,6,15.874173460837863
2011-11-28,0,16,1,0,2011,4,28,0,32.530630095628396
2011-11-29,0,16,1,0,2011,4,29,1,27.285472571721296
2011-12-01,0,16,1,0,2011,4,1,3,22.52660442879097
2011-12-05,0,16,1,0,2011,4,5,0,21.019953321593228
2011-12-06,0,16,1,0,2011,4,6,1,19.889964991194923
2011-12-07,0,16,1,0,2011,4,7,2,19.042473743396194
2011-12-08,0,16,1,0,2011,4,8,3,15.931855307547146
2011-03-15,0,17,2,0,2011,1,15,1,10.853808749930817
2011-03-20,0,17,2,0,2011,1,20,6,13.502856562448112
2011-03-21,0,17,2,0,2011,1,21,0,22.502142421836083
2011-03-22,0,17,2,0,2011,1,22,1,57.25160681637706
2011-03-24,0,17,2,0,2011,1,24,3,47.0637051122828
2011-03-28,0,17,2,0,2011,1,28,0,40.2477788342121
2011-04-04,0,17,2,0,2011,2,4,0,70.56083412565907
2011-04-08,0,17,2,0,2011,2,8,4,61.1706255942443
2011-04-11,0,17,2,0,2011,2,11,0,50.00296919568322
2011-04-14,0,17,2,0,2011,2,14,3,41.627226896762416
2011-04-15,0,17,2,0,2011,2,15,4,35.345420172571814
2011-04-17,0,17,2,0,2011,2,17,6,27.33406512942886
2011-04-19,0,17,2,0,2011,2,19,1,24.625548847071645
2011-04-20,0,17,2,0,2011,2,20,2,26.719161635303735
2011-04-26,0,17,2,0,2011,2,26,1,32.4143712264778
2011-04-28,0,17,2,0,2011,2,28,3,24.72327841985835
2011-05-03,0,17,2,0,2011,2,3,1,22.667458814893763
2011-05-04,0,17,2,0,2011,2,4,2,53.25059411117032
2011-05-05,0,17,2,0,2011,2,5,3,41.17544558337774
2011-05-06,0,17,2,0,2011,2,6,4,39.131584187533306
2011-05-11,0,17,2,0,2011,2,11,2,33.47368814064998
2011-05-12,0,17,2,0,2011,2,12,3,30.880266105487486
2011-05-17,0,17,2,0,2011,2,17,1,27.285199579115613
2011-05-19,0,17,2,0,2011,2,19,3,24.58889968433671
2011-05-20,0,17,2,0,2011,2,20,4,26.691674763252532
2011-05-25,0,17,2,0,2011,2,25,2,20.4312560724394
2011-05-27,0,17,2,0,2011,2,27,4,23.57344205432955
2011-05-29,0,17,2,0,2011,2,29,6,18.917581540747165
2011-05-31,0,17,2,0,2011,2,31,1,18.313186155560373
2011-06-02,0,17,2,0,2011,2,2,3,14.14738961667028
2011-06-03,0,17,2,0,2011,2,3,4,21.33554221250271
2011-06-05,0,17,2,0,2011,2,5,6,16.826656659377033
2011-06-06,0,17,2,0,2011,2,6,0,13.857492494532774
2011-06-07,0,17,2,0,2011,2,7,1,26.89311937089958
2011-06-08,0,17,2,0,2011,2,8,2,24.707339528174685
2011-06-09,0,17,2,0,2011,2,9,3,26.780504646131014
2011-06-10,0,17,2,0,2011,2,10,4,24.21037848459826
2011-06-12,0,17,2,0,2011,2,12,6,19.80778386344869
2011-06-15,0,17,2,0,2011,2,15,2,15.680837897586517
2011-06-16,0,17,2,0,2011,2,16,3,12.173128423189889
2011-06-20,0,17,2,0,2011,2,20,0,10.779846317392417
2011-06-21,0,17,2,0,2011,2,21,1,44.33488473804431
2011-06-23,0,17,2,0,2011,2,23,3,34.90116355353323
2011-07-04,0,17,2,0,2011,3,4,0,30.300872665149925
2011-07-05,0,17,2,0,2011,3,5,1,26.850654498862443
2011-07-06,0,17,2,0,2011,3,6,2,20.962990874146833
2011-07-07,0,17,2,0,2011,3,7,3,51.97224315561012
2011-07-10,0,17,2,0,2011,3,10,6,39.80418236670759
2011-07-13,0,17,2,0,2011,3,13,2,30.678136775030694
2011-07-14,0,17,2,0,2011,3,14,3,32.90860258127302
2011-07-18,0,17,2,0,2011,3,18,0,25.91895193595477
2011-07-19,0,17,2,0,2011,3,19,1,33.87671395196608
2011-07-20,0,17,2,0,2011,3,20,2,29.53253546397456
2011-07-21,0,17,2,0,2011,3,21,3,30.39940159798092
2011-07-26,0,17,2,0,2011,3,26,1,26.924551198485688
2011-07-27,0,17,2,0,2011,3,27,2,24.318413398864266
2011-07-28,0,17,2,0,2011,3,28,3,23.6013100491482
2011-08-03,0,17,2,0,2011,3,3,2,25.95098253686115
2011-08-04,0,17,2,0,2011,3,4,3,33.075736902645865
2011-08-05,0,17,2,0,2011,3,5,4,26.456802676984395
2011-08-07,0,17,2,0,2011,3,7,6,20.667602007738296
2011-08-09,0,17,2,0,2011,3,9,1,15.913201505803722
2011-08-10,0,17,2,0,2011,3,10,2,16.88490112935279
2011-08-11,0,17,2,0,2011,3,11,3,20.913675847014595
2011-08-16,0,17,2,0,2011,3,16,1,25.997756885260948
2011-08-17,0,17,2,0,2011,3,17,2,23.623317663945713
2011-08-18,0,17,2,0,2011,3,18,3,21.842488247959285
2011-08-21,0,17,2,0,2011,3,21,6,22.569366185969464
2011-08-23,0,17,2,0,2011,3,23,1,23.114524639477096
2011-08-25,0,17,2,0,2011,3,25,3,29.710893479607822
2011-08-28,0,17,2,0,2011,3,28,6,26.408170109705868
2011-09-01,0,17,2,0,2011,3,1,3,21.8686275822794
2011-09-05,0,17,2,0,2011,3,5,0,18.876470686709553
2011-09-06,0,17,2,0,2011,3,6,1,18.282353015032164
2011-09-07,0,17,2,0,2011,3,7,2,15.774264761274123
2011-09-08,0,17,2,0,2011,3,8,3,15.955698570955592
2011-09-11,0,17,2,0,2011,3,11,6,12.379273928216694
2011-09-12,0,17,2,0,2011,3,12,0,13.409455446162521
2011-09-13,0,17,2,0,2011,3,13,1,14.18209158462189
2011-09-16,0,17,2,0,2011,3,16,4,12.286568688466419
2011-09-19,0,17,2,0,2011,3,19,0,9.627426516349814
2011-09-27,0,17,2,0,2011,3,27,1,11.34556988726236
2011-09-28,0,17,2,0,2011,3,28,2,12.634177415446771
2011-09-29,0,17,2,0,2011,3,29,3,13.600633061585079
2011-10-05,0,17,2,0,2011,4,5,2,18.450474796188807
2011-10-07,0,17,2,0,2011,4,7,4,15.075356097141604
2011-10-09,0,17,2,0,2011,4,9,6,12.131517072856202
2011-10-14,0,17,2,0,2011,4,14,4,13.223637804642152
2011-10-18,0,17,2,0,2011,4,18,1,11.980228353481614
2011-10-19,0,17,2,0,2011,4,19,2,13.11017126511121
2011-10-25,0,17,2,0,2011,4,25,1,13.957628448833407
2011-10-27,0,17,2,0,2011,4,27,3,14.593221336625056
2011-10-28,0,17,2,0,2011,4,28,4,15.069916002468792
2011-10-30,0,17,2,0,2011,4,30,6,12.952437001851594
2011-10-31,0,17,2,0,2011,4,31,0,12.601827751388697
2011-11-04,0,17,2,0,2011,4,4,4,17.701370813541523
2011-11-06,0,17,2,0,2011,4,6,6,14.513528110156141
2011-11-07,0,17,2,0,2011,4,7,0,15.835146082617104
2011-11-08,0,17,2,0,2011,4,8,1,20.53885956196283
2011-11-10,0,17,2,0,2011,4,10,3,16.641644671472122
2011-11-13,0,17,2,0,2011,4,13,6,14.543733503604091
2011-11-14,0,17,2,0,2011,4,14,0,15.03280012770307
2011-11-16,0,17,2,0,2011,4,16,2,11.687100095777302
2011-11-17,0,17,2,0,2011,4,17,3,9.590325071832975
2011-11-20,0,17,2,0,2011,4,20,6,10.492743803874731
2011-11-21,0,17,2,0,2011,4,21,0,12.407057852906048
2011-11-23,0,17,2,0,2011,4,23,2,13.842793389679535
2011-11-24,0,17,2,0,2011,4,24,3,10.794595042259651
2011-11-28,0,17,2,0,2011,4,28,0,16.345946281694737
2011-11-29,0,17,2,0,2011,4,29,1,13.496959711271053
2011-12-01,0,17,2,0,2011,4,1,3,10.53521978345329
2011-12-02,0,17,2,0,2011,4,2,4,12.438914837589966
2011-12-04,0,17,2,0,2011,4,4,6,12.216686128192475
2011-03-15,0,18,3,0,2011,1,15,1,18.25825551541576
2011-03-18,0,18,3,0,2011,1,18,4,14.51869163656182
2011-03-21,0,18,3,0,2011,1,21,0,19.139018727421366
2011-03-22,0,18,3,0,2011,1,22,1,15.179264045566024
2011-03-28,0,18,3,0,2011,1,28,0,16.334448034174518
2011-04-04,0,18,3,0,2011,2,4,0,16.37583602563089
2011-04-07,0,18,3,0,2011,2,7,3,12.694377019223166
2011-04-12,0,18,3,0,2011,2,12,1,13.645782764417374
2011-04-26,0,18,3,0,2011,2,26,1,22.60933707331303
2011-04-28,0,18,3,0,2011,2,28,3,17.78200280498477
2011-05-05,0,18,3,0,2011,2,5,3,14.574002103738579
2011-05-09,0,18,3,0,2011,2,9,0,15.055501577803934
2011-05-12,0,18,3,0,2011,2,12,3,12.94162618335295
2011-05-13,0,18,3,0,2011,2,13,4,13.831219637514712
2011-05-20,0,18,3,0,2011,2,20,4,22.748414728136034
2011-05-23,0,18,3,0,2011,2,23,0,17.47381104610203
2011-05-26,0,18,3,0,2011,2,26,3,25.48035828457652
2011-05-29,0,18,3,0,2011,2,29,6,19.93526871343239
2011-06-02,0,18,3,0,2011,2,2,3,16.60145153507429
2011-06-03,0,18,3,0,2011,2,3,4,21.938588651305718
2011-06-05,0,18,3,0,2011,2,5,6,21.403941488479287
2011-06-07,0,18,3,0,2011,2,7,1,24.302956116359464
2011-06-08,0,18,3,0,2011,2,8,2,26.477217087269597
2011-06-09,0,18,3,0,2011,2,9,3,28.1079128154522
2011-06-15,0,18,3,0,2011,2,15,2,21.49343461158915
2011-06-17,0,18,3,0,2011,2,17,4,52.370075958691864
2011-06-20,0,18,3,0,2011,2,20,0,44.64005696901889
2011-06-21,0,18,3,0,2011,2,21,1,34.30504272676417
2011-06-23,0,18,3,0,2011,2,23,3,27.378782045073127
2011-06-24,0,18,3,0,2011,2,24,4,24.659086533804846
2011-06-30,0,18,3,0,2011,2,30,3,19.319314900353636
2011-07-01,0,18,3,0,2011,3,1,4,18.614486175265228
2011-07-10,0,18,3,0,2011,3,10,6,16.02336463144892
2011-07-11,0,18,3,0,2011,3,11,0,12.43002347358669
2011-07-12,0,18,3,0,2011,3,12,1,13.447517605190018
2011-07-13,0,18,3,0,2011,3,13,2,11.735638203892515
2011-07-14,0,18,3,0,2011,3,14,3,11.276728652919386
2011-07-18,0,18,3,0,2011,3,18,0,10.52004648968954
2011-07-19,0,18,3,0,2011,3,19,1,14.077534867267154
2011-07-24,0,18,3,0,2011,3,24,6,14.683151150450366
2011-07-26,0,18,3,0,2011,3,26,1,15.962363362837774
2011-07-28,0,18,3,0,2011,3,28,3,20.22177252212833
2011-07-31,0,18,3,0,2011,3,31,6,19.291329391596246
2011-08-03,0,18,3,0,2011,3,3,2,18.593497043697184
2011-08-04,0,18,3,0,2011,3,4,3,15.182622782772889
2011-08-05,0,18,3,0,2011,3,5,4,11.799467087079666
2011-08-07,0,18,3,0,2011,3,7,6,9.67460031530975
2011-08-09,0,18,3,0,2011,3,9,1,7.668450236482312
2011-08-10,0,18,3,0,2011,3,10,2,21.013837677361735
2011-08-11,0,18,3,0,2011,3,11,3,24.0103782580213
2011-08-16,0,18,3,0,2011,3,16,1,27.907783693515974
2011-08-22,0,18,3,0,2011,3,22,0,25.055837770136982
2011-08-23,0,18,3,0,2011,3,23,1,24.15437832760274
2011-08-24,0,18,3,0,2011,3,24,2,22.240783745702053
2011-08-25,0,18,3,0,2011,3,25,3,24.93058780927654
2011-08-26,0,18,3,0,2011,3,26,4,20.3479408569574
2011-09-01,0,18,3,0,2011,3,1,3,21.448455642718052
2011-09-05,0,18,3,0,2011,3,5,0,17.73634173203854
2011-09-08,0,18,3,0,2011,3,8,3,17.427256299028905
2011-09-12,0,18,3,0,2011,3,12,0,17.19544222427168
2011-09-13,0,18,3,0,2011,3,13,1,13.72158166820376
2011-09-14,0,18,3,0,2011,3,14,2,14.41618625115282
2011-09-15,0,18,3,0,2011,3,15,3,12.049639688364614
2011-09-16,0,18,3,0,2011,3,16,4,15.22472976627346
2011-09-22,0,18,3,0,2011,3,22,3,15.543547324705095
2011-09-25,0,18,3,0,2011,3,25,6,16.19516049352882
2011-09-29,0,18,3,0,2011,3,29,3,20.396370370146617
2011-10-03,0,18,3,0,2011,4,3,0,19.422277777609963
2011-10-04,0,18,3,0,2011,4,4,1,19.516708333207472
2011-10-05,0,18,3,0,2011,4,5,2,22.887531249905603
2011-10-09,0,18,3,0,2011,4,9,6,18.8156484374292
2011-10-11,0,18,3,0,2011,4,11,1,14.524236328071899
2011-10-12,0,18,3,0,2011,4,12,2,15.018177246053924
2011-10-14,0,18,3,0,2011,4,14,4,19.513632934540443
2011-10-18,0,18,3,0,2011,4,18,1,16.697724700905333
2011-10-19,0,18,3,0,2011,4,19,2,24.898293525679
2011-10-20,0,18,3,0,2011,4,20,3,22.79872014425925
2011-10-28,0,18,3,0,2011,4,28,4,25.349040108194437
2011-10-30,0,18,3,0,2011,4,30,6,23.13678008114583
2011-10-31,0,18,3,0,2011,4,31,0,19.82758506085937
2011-11-01,0,18,3,0,2011,4,1,1,15.283188795644527
2011-11-04,0,18,3,0,2011,4,4,4,19.712391596733397
2011-11-06,0,18,3,0,2011,4,6,6,18.909293697550048
2011-11-07,0,18,3,0,2011,4,7,0,15.006970273162535
2011-11-08,0,18,3,0,2011,4,8,1,19.9177277048719
2011-11-09,0,18,3,0,2011,4,9,2,84.18829577865392
2011-11-10,0,18,3,0,2011,4,10,3,64.79122183399045
2011-11-13,0,18,3,0,2011,4,13,6,50.655916375492836
2011-11-15,0,18,3,0,2011,4,15,1,46.24193728161963
2011-11-16,0,18,3,0,2011,4,16,2,44.168952961214714
2011-11-17,0,18,3,0,2011,4,17,3,34.364214720911036
2011-11-18,0,18,3,0,2011,4,18,4,31.135661040683278
2011-11-20,0,18,3,0,2011,4,20,6,26.65174578051246
2011-11-21,0,18,3,0,2011,4,21,0,21.226309335384347
2011-11-22,0,18,3,0,2011,4,22,1,16.332232001538262
2011-11-23,0,18,3,0,2011,4,23,2,18.8491740011537
2011-11-24,0,18,3,0,2011,4,24,3,14.549380500865274
2011-11-25,0,18,3,0,2011,4,25,4,12.149535375648956
2011-11-27,0,18,3,0,2011,4,27,6,10.762151531736718
2011-11-28,0,18,3,0,2011,4,28,0,17.559113648802537
2011-12-04,0,18,3,0,2011,4,4,6,16.8818352366019
2011-12-08,0,18,3,0,2011,4,8,3,20.911376427451426
2011-03-15,0,19,4,0,2011,1,15,1,13.318059212397202
2011-03-16,0,19,4,0,2011,1,16,2,33.9885444092979
2011-03-21,0,19,4,0,2011,1,21,0,28.791408306973427
2011-03-22,0,19,4,0,2011,1,22,1,25.71855623023007
2011-03-23,0,19,4,0,2011,1,23,2,22.588917172672556
2011-03-24,0,19,4,0,2011,1,24,3,18.17918787950442
2011-03-25,0,19,4,0,2011,1,25,4,13.909390909628314
2011-03-28,0,19,4,0,2011,1,28,0,10.569543182221235
2011-03-30,0,19,4,0,2011,1,30,2,11.227157386665926
2011-04-04,0,19,4,0,2011,2,4,0,11.720368039999446
2011-04-05,0,19,4,0,2011,2,5,1,12.090276029999586
2011-04-06,0,19,4,0,2011,2,6,2,12.36770702249969
2011-04-11,0,19,4,0,2011,2,11,0,13.26328026687477
2011-04-12,0,19,4,0,2011,2,12,1,13.522460200156075
2011-04-17,0,19,4,0,2011,2,17,6,10.829345150117057
2011-04-18,0,19,4,0,2011,2,18,0,24.022008862587793
2011-04-20,0,19,4,0,2011,2,20,2,114.01650664694084
2011-04-26,0,19,4,0,2011,2,26,1,87.16237998520563
2011-04-27,0,19,4,0,2011,2,27,2,68.67178498890422
2011-05-06,0,19,4,0,2011,2,6,4,64.70383874167817
2011-05-09,0,19,4,0,2011,2,9,0,51.827879056258624
2011-05-10,0,19,4,0,2011,2,10,1,39.695909292193974
2011-05-12,0,19,4,0,2011,2,12,3,30.59693196914548
2011-05-13,0,19,4,0,2011,2,13,4,26.24769897685911
2011-05-15,0,19,4,0,2011,2,15,6,19.96077423264433
2011-05-16,0,19,4,0,2011,2,16,0,18.27058067448325
2011-05-18,0,19,4,0,2011,2,18,2,26.302935505862436
2011-05-22,0,19,4,0,2011,2,22,6,23.57720162939683
2011-05-23,0,19,4,0,2011,2,23,0,18.50790122204762
2011-05-26,0,19,4,0,2011,2,26,3,17.180925916535717
2011-06-05,0,19,4,0,2011,2,5,6,13.023194437401788
2011-06-06,0,19,4,0,2011,2,6,0,13.067395828051342
2011-06-08,0,19,4,0,2011,2,8,2,13.100546871038507
2011-06-09,0,19,4,0,2011,2,9,3,10.23791015327888
2011-06-16,0,19,4,0,2011,2,16,3,14.278432614959161
2011-06-20,0,19,4,0,2011,2,20,0,14.421324461219372
2011-06-21,0,19,4,0,2011,2,21,1,14.11599334591453
2011-06-23,0,19,4,0,2011,2,23,3,10.724495009435897
2011-07-05,0,19,4,0,2011,3,5,1,32.04337125707692
2011-07-06,0,19,4,0,2011,3,6,2,27.33252844280769
2011-07-07,0,19,4,0,2011,3,7,3,71.79939633210577
2011-07-12,0,19,4,0,2011,3,12,1,54.399547249079326
2011-07-14,0,19,4,0,2011,3,14,3,40.9371604368095
2011-07-18,0,19,4,0,2011,3,18,0,34.277870327607125
2011-07-19,0,19,4,0,2011,3,19,1,29.008402745705343
2011-07-20,0,19,4,0,2011,3,20,2,25.05630205927901
2011-07-22,0,19,4,0,2011,3,22,4,22.09222654445926
2011-07-25,0,19,4,0,2011,3,25,0,19.869169908344443
2011-07-26,0,19,4,0,2011,3,26,1,15.589377431258331
2011-07-28,0,19,4,0,2011,3,28,3,14.99203307344375
2011-07-31,0,19,4,0,2011,3,31,6,27.144024805082815
2011-08-05,0,19,4,0,2011,3,5,4,21.183018603812112
2011-08-07,0,19,4,0,2011,3,7,6,19.187263952859084
2011-08-08,0,19,4,0,2011,3,8,0,17.690447964644314
2011-08-15,0,19,4,0,2011,3,15,0,14.092835973483234
2011-08-17,0,19,4,0,2011,3,17,2,17.169626980112426
2011-08-18,0,19,4,0,2011,3,18,3,139.4772202350843
2011-08-19,0,19,4,0,2011,3,19,4,107.90791517631322
2011-08-21,0,19,4,0,2011,3,21,6,81.48093638223492
2011-08-23,0,19,4,0,2011,3,23,1,64.41070228667618
2011-08-28,0,19,4,0,2011,3,28,6,48.44552671500714
2011-09-02,0,19,4,0,2011,3,2,4,39.634145036255354
2011-09-05,0,19,4,0,2011,3,5,0,30.13810877719152
2011-09-19,0,19,4,0,2011,3,19,0,26.17858158289364
2011-09-20,0,19,4,0,2011,3,20,1,20.04643618717023
2011-09-21,0,19,4,0,2011,3,21,2,18.334827140377673
2011-09-28,0,19,4,0,2011,3,28,2,14.163620355283255
2011-09-29,0,19,4,0,2011,3,29,3,17.22271526646244
2011-10-02,0,19,4,0,2011,4,2,6,13.054536449846829
2011-10-04,0,19,4,0,2011,4,4,1,10.615902337385121
2011-10-06,0,19,4,0,2011,4,6,3,11.261926753038841
2011-10-07,0,19,4,0,2011,4,7,4,11.746445064779131
2011-10-10,0,19,4,0,2011,4,10,0,9.084833798584349
2011-10-17,0,19,4,0,2011,4,17,0,8.188625348938261
2011-10-25,0,19,4,0,2011,4,25,1,6.8289690117036965
2011-10-26,0,19,4,0,2011,4,26,2,8.421726758777773
2011-10-27,0,19,4,0,2011,4,27,3,12.91629506908333
2011-10-30,0,19,4,0,2011,4,30,6,13.537221301812497
2011-11-01,0,19,4,0,2011,4,1,1,10.565415976359374
2011-11-02,0,19,4,0,2011,4,2,2,11.36156198226953
2011-11-03,0,19,4,0,2011,4,3,3,11.821171486702148
2011-11-04,0,19,4,0,2011,4,4,4,12.303378615026611
2011-11-06,0,19,4,0,2011,4,6,6,12.80253396126996
2011-11-08,0,19,4,0,2011,4,8,1,12.901900470952471
2011-11-15,0,19,4,0,2011,4,15,1,12.976425353214355
2011-11-16,0,19,4,0,2011,4,16,2,10.144819014910766
2011-11-17,0,19,4,0,2011,4,17,3,8.021114261183074
2011-11-20,0,19,4,0,2011,4,20,6,6.565835695887306
2011-11-21,0,19,4,0,2011,4,21,0,8.499376771915479
2011-11-22,0,19,4,0,2011,4,22,1,6.512032578936609
2011-11-25,0,19,4,0,2011,4,25,4,5.021524434202457
2011-11-30,0,19,4,0,2011,4,30,2,10.366143325651844
2011-12-05,0,19,4,0,2011,4,5,0,8.324607494238883
2011-03-14,1,0,0,1,2011,1,14,0,98.35903057046121
2011-03-15,1,0,0,1,2011,1,15,1,98.59427292784592
2011-03-17,1,0,0,1,2011,1,17,3,83.53320469588445
2011-03-18,1,0,0,1,2011,1,18,4,66.33740352191333
2011-03-20,1,0,0,1,2011,1,20,6,54.915552641435
2011-03-22,1,0,0,1,2011,1,22,1,66.01166448107625
2011-03-23,1,0,0,1,2011,1,23,2,52.45874836080719
2011-03-24,1,0,0,1,2011,1,24,3,57.0440612706054
2011-03-25,1,0,0,1,2011,1,25,4,51.63304595295405
2011-03-27,1,0,0,1,2011,1,27,6,45.36228446471554
2011-03-29,1,0,0,1,2011,1,29,1,85.08421334853665
2011-04-01,1,0,0,1,2011,2,1,4,77.0881600114025
2011-04-04,1,0,0,1,2011,2,4,0,65.92862000855187
2011-04-06,1,0,0,1,2011,2,6,2,58.296465006413904
2011-04-07,1,0,0,1,2011,2,7,3,63.63484875481043
2011-04-08,1,0,0,1,2011,2,8,4,70.58863656610782
2011-04-10,1,0,0,1,2011,2,10,6,64.74147742458086
2011-04-11,1,0,0,1,2011,2,11,0,52.981108068435645
2011-04-12,1,0,0,1,2011,2,12,1,66.77333105132674
2011-04-14,1,0,0,1,2011,2,14,3,54.504998288495045
2011-04-18,1,0,0,1,2011,2,18,0,68.16624871637129
2011-04-19,1,0,0,1,2011,2,19,1,65.87468653727846
2011-04-20,1,0,0,1,2011,2,20,2,87.50601490295884
2011-04-26,1,0,0,1,2011,2,26,1,78.16701117721914
2011-04-28,1,0,0,1,2011,2,28,3,63.05025838291435
2011-05-01,1,0,0,1,2011,2,1,6,56.13769378718576
2011-05-03,1,0,0,1,2011,2,3,1,177.7782703403893
2011-05-05,1,0,0,1,2011,2,5,3,325.783702755292
2011-05-08,1,0,0,1,2011,2,8,6,278.01277706646897
2011-05-09,1,0,0,1,2011,2,9,0,215.14708279985172
2011-05-10,1,0,0,1,2011,2,10,1,190.6103120998888
2011-05-11,1,0,0,1,2011,2,11,2,148.1202340749166
2011-05-12,1,0,0,1,2011,2,12,3,131.00267555618746
2011-05-13,1,0,0,1,2011,2,13,4,105.62700666714059
2011-05-16,1,0,0,1,2011,2,16,0,129.73275500035544
2011-05-17,1,0,0,1,2011,2,17,1,106.14956625026659
2011-05-18,1,0,0,1,2011,2,18,2,94.36217468769993
2011-05-19,1,0,0,1,2011,2,19,3,80.35913101577495
2011-05-20,1,0,0,1,2011,2,20,4,69.11934826183122
2011-05-22,1,0,0,1,2011,2,22,6,88.46451119637342
2011-05-23,1,0,0,1,2011,2,23,0,70.77338339728006
2011-05-24,1,0,0,1,2011,2,24,1,73.48003754796005
2011-05-25,1,0,0,1,2011,2,25,2,69.86002816097005
2011-05-27,1,0,0,1,2011,2,27,4,59.770021120727534
2011-05-29,1,0,0,1,2011,2,29,6,58.10251584054565
2011-05-31,1,0,0,1,2011,2,31,1,143.62688688040924
2011-06-01,1,0,0,1,2011,2,1,2,109.19516516030693
2011-06-02,1,0,0,1,2011,2,2,3,91.4838738702302
2011-06-05,1,0,0,1,2011,2,5,6,75.25040540267265
2011-06-06,1,0,0,1,2011,2,6,0,65.2878040520045
2011-06-07,1,0,0,1,2011,2,7,1,62.24085303900338
2011-06-08,1,0,0,1,2011,2,8,2,67.08063977925254
2011-06-10,1,0,0,1,2011,2,10,4,67.27297983443941
2011-06-12,1,0,0,1,2011,2,12,6,64.46723487582956
2011-06-13,1,0,0,1,2011,2,13,0,58.67542615687218
2011-06-16,1,0,0,1,2011,2,16,3,45.48156961765414
2011-06-17,1,0,0,1,2011,2,17,4,43.6986772132406
2011-06-19,1,0,0,1,2011,2,19,6,37.199007909930444
2011-06-22,1,0,0,1,2011,2,22,2,32.324255932447834
2011-06-23,1,0,0,1,2011,2,23,3,53.49319194933587
2011-06-29,1,0,0,1,2011,2,29,2,45.282393962001905
2011-06-30,1,0,0,1,2011,2,30,3,38.38679547150143
2011-07-01,1,0,0,1,2011,3,1,4,37.64009660362608
2011-07-03,1,0,0,1,2011,3,3,6,34.86757245271956
2011-07-04,1,0,0,1,2011,3,4,0,27.62567933953967
2011-07-05,1,0,0,1,2011,3,5,1,41.11925950465475
2011-07-07,1,0,0,1,2011,3,7,3,38.214444628491066
2011-07-08,1,0,0,1,2011,3,8,4,41.9358334713683
2011-07-11,1,0,0,1,2011,3,11,0,40.30187510352623
2011-07-12,1,0,0,1,2011,3,12,1,358.10140632764467
2011-07-13,1,0,0,1,2011,3,13,2,278.90105474573346
2011-07-14,1,0,0,1,2011,3,14,3,223.92579105930008
2011-07-15,1,0,0,1,2011,3,15,4,169.41934329447506
2011-07-17,1,0,0,1,2011,3,17,6,144.0270074708563
2011-07-19,1,0,0,1,2011,3,19,1,116.13275560314221
2011-07-24,1,0,0,1,2011,3,24,6,101.84956670235667
2011-07-25,1,0,0,1,2011,3,25,0,80.81217502676749
2011-07-27,1,0,0,1,2011,3,27,2,65.03413127007562
2011-07-28,1,0,0,1,2011,3,28,3,50.98809845255671
2011-07-29,1,0,0,1,2011,3,29,4,55.94107383941754
2011-07-31,1,0,0,1,2011,3,31,6,58.18080537956316
2011-08-02,1,0,0,1,2011,3,2,1,64.03560403467236
2011-08-03,1,0,0,1,2011,3,3,2,68.42670302600428
2011-08-04,1,0,0,1,2011,3,4,3,57.220027269503206
2011-08-05,1,0,0,1,2011,3,5,4,48.815020452127406
2011-08-09,1,0,0,1,2011,3,9,1,83.31126533909554
2011-08-11,1,0,0,1,2011,3,11,3,65.43344900432166
2011-08-12,1,0,0,1,2011,3,12,4,53.50008675324125
2011-08-14,1,0,0,1,2011,3,14,6,43.07506506493094
2011-08-15,1,0,0,1,2011,3,15,0,57.13129879869821
2011-08-17,1,0,0,1,2011,3,17,2,48.74847409902366
2011-08-18,1,0,0,1,2011,3,18,3,45.411355574267745
2011-08-21,1,0,0,1,2011,3,21,6,35.53351668070081
2011-08-22,1,0,0,1,2011,3,22,0,294.8001375105256
2011-08-23,1,0,0,1,2011,3,23,1,222.57510313289418
2011-08-25,1,0,0,1,2011,3,25,3,212.15632734967065
2011-08-26,1,0,0,1,2011,3,26,4,167.967245512253
2011-08-28,1,0,0,1,2011,3,28,6,136.30043413418974
2011-09-01,1,0,0,1,2011,3,1,3,104.43782560064231
2011-09-04,1,0,0,1,2011,3,4,6,79.80336920048173
2011-09-05,1,0,0,1,2011,3,5,0,68.7025269003613
2011-09-08,1,0,0,1,2011,3,8,3,64.80189517527099
2011-09-09,1,0,0,1,2011,3,9,4,51.55142138145324
2011-09-12,1,0,0,1,2011,3,12,0,50.46356603608993
2011-09-13,1,0,0,1,2011,3,13,1,61.19767452706745
2011-09-18,1,0,0,1,2011,3,18,6,55.485755895300585
2011-09-22,1,0,0,1,2011,3,22,3,43.826816921475434
2011-09-23,1,0,0,1,2011,3,23,4,93.58261269110658
2011-09-27,1,0,0,1,2011,3,27,1,70.92445951832993
2011-09-28,1,0,0,1,2011,3,28,2,53.930844638747445
2011-09-29,1,0,0,1,2011,3,29,3,46.348133479060586
2011-09-30,1,0,0,1,2011,3,30,4,38.44860010929544
2011-10-05,1,0,0,1,2011,4,5,2,33.26145008197158
2011-10-07,1,0,0,1,2011,4,7,4,25.683587561478685
2011-10-09,1,0,0,1,2011,4,9,6,25.16269067110901
2011-10-13,1,0,0,1,2011,4,13,3,151.59701800333175
2011-10-14,1,0,0,1,2011,4,14,4,116.64776350249882
2011-10-16,1,0,0,1,2011,4,16,6,110.34832262687411
2011-10-17,1,0,0,1,2011,4,17,0,87.18624197015558
2011-10-18,1,0,0,1,2011,4,18,1,66.12718147761667
2011-10-19,1,0,0,1,2011,4,19,2,54.020386108212506
2011-10-21,1,0,0,1,2011,4,21,4,42.72778958115938
2011-10-23,1,0,0,1,2011,4,23,6,38.683342185869535
2011-10-25,1,0,0,1,2011,4,25,1,30.487506639402152
2011-10-27,1,0,0,1,2011,4,27,3,40.565629979551616
2011-10-28,1,0,0,1,2011,4,28,4,40.011722484663714
2011-10-30,1,0,0,1,2011,4,30,6,51.39629186349779
2011-10-31,1,0,0,1,2011,4,31,0,58.94721889762334
2011-11-01,1,0,0,1,2011,4,1,1,49.3729141732175
2011-11-02,1,0,0,1,2011,4,2,2,61.11718562991312
2011-11-04,1,0,0,1,2011,4,4,4,52.47538922243484
2011-11-07,1,0,0,1,2011,4,7,0,49.681541916826134
2011-11-08,1,0,0,1,2011,4,8,1,62.08615643761961
2011-11-09,1,0,0,1,2011,4,9,2,53.20211732821471
2011-11-10,1,0,0,1,2011,4,10,3,42.85158799616104
2011-11-11,1,0,0,1,2011,4,11,4,33.61369099712078
2011-11-13,1,0,0,1,2011,4,13,6,37.74776824784058
2011-11-15,1,0,0,1,2011,4,15,1,243.16082618588044
2011-11-16,1,0,0,1,2011,4,16,2,195.64561963941034
2011-11-17,1,0,0,1,2011,4,17,3,166.64671472955774
2011-11-22,1,0,0,1,2011,4,22,1,148.5850360471683
2011-11-23,1,0,0,1,2011,4,23,2,112.91377703537623
2011-11-24,1,0,0,1,2011,4,24,3,109.51033277653217
2011-11-25,1,0,0,1,2011,4,25,4,87.29524958239912
2011-11-27,1,0,0,1,2011,4,27,6,66.94643718679933
2011-11-28,1,0,0,1,2011,4,28,0,71.34732789009949
2011-11-29,1,0,0,1,2011,4,29,1,74.16049591757462
2011-11-30,1,0,0,1,2011,4,30,2,119.03287193818096
2011-12-01,1,0,0,1,2011,4,1,3,95.17465395363573
2011-12-05,1,0,0,1,2011,4,5,0,75.8059904652268
2011-12-06,1,0,0,1,2011,4,6,1,67.9169928489201
2011-12-07,1,0,0,1,2011,4,7,2,55.36274463669008
2011-12-08,1,0,0,1,2011,4,8,3,48.159558477517564
2011-03-14,1,1,1,1,2011,1,14,0,58.50454662803416
2011-03-16,1,1,1,1,2011,1,16,2,48.75340997102562
2011-03-20,1,1,1,1,2011,1,20,6,41.44005747826921
2011-03-21,1,1,1,1,2011,1,21,0,35.95504310870191
2011-03-23,1,1,1,1,2011,1,23,2,119.21628233152643
2011-03-24,1,1,1,1,2011,1,24,3,187.5122117486448
2011-03-25,1,1,1,1,2011,1,25,4,189.3841588114836
2011-03-28,1,1,1,1,2011,1,28,0,156.6631191086127
2011-03-31,1,1,1,1,2011,1,31,3,119.57733933145953
2011-04-01,1,1,1,1,2011,2,1,4,94.55800449859464
2011-04-04,1,1,1,1,2011,2,4,0,76.11850337394598
2011-04-11,1,1,1,1,2011,2,11,0,62.28887753045949
2011-04-12,1,1,1,1,2011,2,12,1,51.59165814784461
2011-04-13,1,1,1,1,2011,2,13,2,43.89374361088346
2011-04-14,1,1,1,1,2011,2,14,3,43.320307708162595
2011-04-15,1,1,1,1,2011,2,15,4,37.69023078112195
2011-04-18,1,1,1,1,2011,2,18,0,33.46767308584146
2011-04-19,1,1,1,1,2011,2,19,1,66.3507548143811
2011-04-20,1,1,1,1,2011,2,20,2,65.36306611078584
2011-04-21,1,1,1,1,2011,2,21,3,54.22229958308938
2011-04-26,1,1,1,1,2011,2,26,1,50.74172468731703
2011-04-28,1,1,1,1,2011,2,28,3,44.296293515487775
2011-05-01,1,1,1,1,2011,2,1,6,56.62222013661584
2011-05-03,1,1,1,1,2011,2,3,1,63.26666510246187
2011-05-04,1,1,1,1,2011,2,4,2,52.64999882684641
2011-05-05,1,1,1,1,2011,2,5,3,45.72749912013481
2011-05-06,1,1,1,1,2011,2,6,4,39.49562434010111
2011-05-08,1,1,1,1,2011,2,8,6,36.901718255075835
2011-05-09,1,1,1,1,2011,2,9,0,32.876288691306875
2011-05-11,1,1,1,1,2011,2,11,2,25.697216518480154
2011-05-13,1,1,1,1,2011,2,13,4,24.472912388860113
2011-05-16,1,1,1,1,2011,2,16,0,68.5746842916451
2011-05-17,1,1,1,1,2011,2,17,1,56.63101321873383
2011-05-18,1,1,1,1,2011,2,18,2,58.073259914050375
2011-05-19,1,1,1,1,2011,2,19,3,78.65494493553778
2011-05-20,1,1,1,1,2011,2,20,4,74.59120870165333
2011-05-24,1,1,1,1,2011,2,24,1,105.89340652624
2011-05-25,1,1,1,1,2011,2,25,2,174.12005489467998
2011-05-29,1,1,1,1,2011,2,29,6,136.83004117101
2011-06-02,1,1,1,1,2011,2,2,3,113.02253087825751
2011-06-06,1,1,1,1,2011,2,6,0,96.20689815869314
2011-06-07,1,1,1,1,2011,2,7,1,103.35517361901985
2011-06-09,1,1,1,1,2011,2,9,3,93.1163802142649
2011-06-10,1,1,1,1,2011,2,10,4,71.39728516069867
2011-06-12,1,1,1,1,2011,2,12,6,56.147963870524
2011-06-15,1,1,1,1,2011,2,15,2,47.310972902893006
2011-06-21,1,1,1,1,2011,2,21,1,37.56322967716975
2011-06-22,1,1,1,1,2011,2,22,2,72.92242225787732
2011-06-23,1,1,1,1,2011,2,23,3,56.25181669340799
2011-06-24,1,1,1,1,2011,2,24,4,47.388862520055994
2011-06-26,1,1,1,1,2011,2,26,6,51.141646890042
2011-06-27,1,1,1,1,2011,2,27,0,43.5562351675315
2011-06-30,1,1,1,1,2011,2,30,3,125.36717637564863
2011-07-01,1,1,1,1,2011,3,1,4,104.42538228173647
2011-07-05,1,1,1,1,2011,3,5,1,99.11903671130236
2011-07-07,1,1,1,1,2011,3,7,3,79.53927753347678
2011-07-08,1,1,1,1,2011,3,8,4,75.25445815010758
2011-07-13,1,1,1,1,2011,3,13,2,71.3158436125807
2011-07-14,1,1,1,1,2011,3,14,3,103.43688270943552
2011-07-17,1,1,1,1,2011,3,17,6,123.36766203207665
2011-07-18,1,1,1,1,2011,3,18,0,108.12574652405749
2011-07-19,1,1,1,1,2011,3,19,1,86.29430989304312
2011-07-20,1,1,1,1,2011,3,20,2,65.24073241978233
2011-07-22,1,1,1,1,2011,3,22,4,53.09054931483675
2011-07-26,1,1,1,1,2011,3,26,1,45.017911986127565
2011-07-27,1,1,1,1,2011,3,27,2,44.163433989595674
2011-07-28,1,1,1,1,2011,3,28,3,41.44257549219676
2011-07-29,1,1,1,1,2011,3,29,4,46.68193161914757
2011-07-31,1,1,1,1,2011,3,31,6,36.051448714360674
2011-08-02,1,1,1,1,2011,3,2,1,35.98858653577051
2011-08-03,1,1,1,1,2011,3,3,2,32.191439901827884
2011-08-04,1,1,1,1,2011,3,4,3,50.14357992637091
2011-08-08,1,1,1,1,2011,3,8,0,42.80768494477819
2011-08-09,1,1,1,1,2011,3,9,1,42.505763708583636
2011-08-10,1,1,1,1,2011,3,10,2,37.07932278143773
2011-08-12,1,1,1,1,2011,3,12,4,28.8494920860783
2011-08-14,1,1,1,1,2011,3,14,6,29.957119064558725
2011-08-15,1,1,1,1,2011,3,15,0,27.667839298419043
2011-08-17,1,1,1,1,2011,3,17,2,32.190879473814284
2011-08-18,1,1,1,1,2011,3,18,3,130.8431596053607
2011-08-19,1,1,1,1,2011,3,19,4,129.33236970402055
2011-08-22,1,1,1,1,2011,3,22,0,112.59927727801542
2011-08-23,1,1,1,1,2011,3,23,1,89.64945795851158
2011-08-24,1,1,1,1,2011,3,24,2,121.38709346888368
2011-08-25,1,1,1,1,2011,3,25,3,96.24032010166276
2011-08-26,1,1,1,1,2011,3,26,4,82.58024007624708
2011-08-31,1,1,1,1,2011,3,31,2,111.88518005718531
2011-09-01,1,1,1,1,2011,3,1,3,85.47388504288898
2011-09-02,1,1,1,1,2011,3,2,4,69.30541378216674
2011-09-04,1,1,1,1,2011,3,4,6,67.57906033662505
2011-09-06,1,1,1,1,2011,3,6,1,87.08429525246879
2011-09-08,1,1,1,1,2011,3,8,3,80.91322143935159
2011-09-11,1,1,1,1,2011,3,11,6,65.88491607951369
2011-09-12,1,1,1,1,2011,3,12,0,50.453687059635264
2011-09-13,1,1,1,1,2011,3,13,1,43.04026529472645
2011-09-15,1,1,1,1,2011,3,15,3,34.88019897104484
2011-09-16,1,1,1,1,2011,3,16,4,49.04014922828363
2011-09-18,1,1,1,1,2011,3,18,6,91.93011192121273
2011-09-19,1,1,1,1,2011,3,19,0,84.54758394090953
2011-09-20,1,1,1,1,2011,3,20,1,68.61068795568215
2011-09-21,1,1,1,1,2011,3,21,2,96.20801596676162
2011-09-23,1,1,1,1,2011,3,23,4,76.6310119750712
2011-09-25,1,1,1,1,2011,3,25,6,62.673258981303405
2011-09-26,1,1,1,1,2011,3,26,0,57.924944235977556
2011-09-27,1,1,1,1,2011,3,27,1,48.64370817698317
2011-09-29,1,1,1,1,2011,3,29,3,139.58278113273738
2011-09-30,1,1,1,1,2011,3,30,4,110.92708584955302
2011-10-04,1,1,1,1,2011,4,4,1,89.95531438716478
2011-10-05,1,1,1,1,2011,4,5,2,72.66648579037359
2011-10-06,1,1,1,1,2011,4,6,3,167.59986434278017
2011-10-07,1,1,1,1,2011,4,7,4,126.21989825708512
2011-10-10,1,1,1,1,2011,4,10,0,95.70492369281385
2011-10-11,1,1,1,1,2011,4,11,1,76.97869276961039
2011-10-12,1,1,1,1,2011,4,12,2,59.81401957720779
2011-10-13,1,1,1,1,2011,4,13,3,118.02051468290584
2011-10-14,1,1,1,1,2011,4,14,4,99.43538601217938
2011-10-16,1,1,1,1,2011,4,16,6,77.17653950913453
2011-10-17,1,1,1,1,2011,4,17,0,83.8824046318509
2011-10-18,1,1,1,1,2011,4,18,1,63.95180347388818
2011-10-21,1,1,1,1,2011,4,21,4,58.363852605416135
2011-10-23,1,1,1,1,2011,4,23,6,45.8528894540621
2011-10-25,1,1,1,1,2011,4,25,1,44.78966709054657
2011-10-27,1,1,1,1,2011,4,27,3,49.19225031790993
2011-10-28,1,1,1,1,2011,4,28,4,42.61418773843245
2011-10-30,1,1,1,1,2011,4,30,6,37.160640803824336
2011-10-31,1,1,1,1,2011,4,31,0,38.270480602868254
2011-11-01,1,1,1,1,2011,4,1,1,39.10286045215119
2011-11-02,1,1,1,1,2011,4,2,2,32.44714533911339
2011-11-03,1,1,1,1,2011,4,3,3,159.10535900433504
2011-11-04,1,1,1,1,2011,4,4,4,129.7290192532513
2011-11-06,1,1,1,1,2011,4,6,6,110.81676443993847
2011-11-07,1,1,1,1,2011,4,7,0,109.11257332995385
2011-11-08,1,1,1,1,2011,4,8,1,93.79442999746539
2011-11-09,1,1,1,1,2011,4,9,2,125.49582249809905
2011-11-10,1,1,1,1,2011,4,10,3,101.40186687357428
2011-11-13,1,1,1,1,2011,4,13,6,82.29140015518071
2011-11-14,1,1,1,1,2011,4,14,0,164.81855011638555
2011-11-15,1,1,1,1,2011,4,15,1,260.0389125872892
2011-11-16,1,1,1,1,2011,4,16,2,200.7491844404669
2011-11-17,1,1,1,1,2011,4,17,3,160.96188833035018
2011-11-21,1,1,1,1,2011,4,21,0,125.92141624776264
2011-11-23,1,1,1,1,2011,4,23,2,99.64106218582198
2011-11-25,1,1,1,1,2011,4,25,4,79.93079663936649
2011-11-28,1,1,1,1,2011,4,28,0,70.34809747952487
2011-11-29,1,1,1,1,2011,4,29,1,80.32107310964365
2011-11-30,1,1,1,1,2011,4,30,2,104.99080483223274
2011-12-02,1,1,1,1,2011,4,2,4,89.14310362417456
2011-12-04,1,1,1,1,2011,4,4,6,67.89732771813092
2011-12-05,1,1,1,1,2011,4,5,0,56.122995788598196
2011-12-07,1,1,1,1,2011,4,7,2,57.69224684144865
2011-12-08,1,1,1,1,2011,4,8,3,64.06918513108648
2011-03-14,1,2,2,1,2011,1,14,0,190.12717693074575
2011-03-15,1,2,2,1,2011,1,15,1,168.09538269805932
2011-03-16,1,2,2,1,2011,1,16,2,169.87153702354448
2011-03-17,1,2,2,1,2011,1,17,3,147.40365276765834
2011-03-18,1,2,2,1,2011,1,18,4,154.35273957574375
2011-03-20,1,2,2,1,2011,1,20,6,122.13955468180782
2011-03-21,1,2,2,1,2011,1,21,0,107.54216601135587
2011-03-24,1,2,2,1,2011,1,24,3,93.4066245085169
2011-03-27,1,2,2,1,2011,1,27,6,79.61746838138768
2011-03-29,1,2,2,1,2011,1,29,1,78.83810128604077
2011-03-30,1,2,2,1,2011,1,30,2,115.67857596453058
2011-03-31,1,2,2,1,2011,1,31,3,224.5339319733979
2011-04-01,1,2,2,1,2011,2,1,4,193.90044898004842
2011-04-04,1,2,2,1,2011,2,4,0,199.61283673503632
2011-04-07,1,2,2,1,2011,2,7,3,275.55962755127723
2011-04-08,1,2,2,1,2011,2,8,4,213.04472066345792
2011-04-10,1,2,2,1,2011,2,10,6,175.72104049759344
2011-04-11,1,2,2,1,2011,2,11,0,147.72828037319508
2011-04-12,1,2,2,1,2011,2,12,1,129.92121027989631
2011-04-13,1,2,2,1,2011,2,13,2,268.06590770992227
2011-04-14,1,2,2,1,2011,2,14,3,232.9244307824417
2011-04-15,1,2,2,1,2011,2,15,4,187.44332308683127
2011-04-18,1,2,2,1,2011,2,18,0,159.70749231512346
2011-04-19,1,2,2,1,2011,2,19,1,151.6556192363426
2011-04-20,1,2,2,1,2011,2,20,2,123.30421442725695
2011-04-21,1,2,2,1,2011,2,21,3,149.0281608204427
2011-04-26,1,2,2,1,2011,2,26,1,127.70862061533202
2011-04-28,1,2,2,1,2011,2,28,3,145.95646546149902
2011-05-01,1,2,2,1,2011,2,1,6,115.84234909612427
2011-05-03,1,2,2,1,2011,2,3,1,96.4442618220932
2011-05-04,1,2,2,1,2011,2,4,2,78.7081963665699
2011-05-05,1,2,2,1,2011,2,5,3,100.46864727492742
2011-05-08,1,2,2,1,2011,2,8,6,88.10148545619556
2011-05-09,1,2,2,1,2011,2,9,0,78.82611409214667
2011-05-10,1,2,2,1,2011,2,10,1,78.24458556911
2011-05-12,1,2,2,1,2011,2,12,3,74.62093917683251
2011-05-13,1,2,2,1,2011,2,13,4,106.14070438262438
2011-05-16,1,2,2,1,2011,2,16,0,92.35552828696828
2011-05-17,1,2,2,1,2011,2,17,1,122.95414621522622
2011-05-20,1,2,2,1,2011,2,20,4,104.96560966141966
2011-05-22,1,2,2,1,2011,2,22,6,85.09920724606475
2011-05-23,1,2,2,1,2011,2,23,0,67.01190543454857
2011-05-25,1,2,2,1,2011,2,25,2,66.19642907591142
2011-05-26,1,2,2,1,2011,2,26,3,52.83482180693357
2011-05-27,1,2,2,1,2011,2,27,4,89.80111635520018
2011-05-31,1,2,2,1,2011,2,31,1,114.33833726640013
2011-06-01,1,2,2,1,2011,2,1,2,104.8787529498001
2011-06-06,1,2,2,1,2011,2,6,0,94.59656471235007
2011-06-08,1,2,2,1,2011,2,8,2,114.74742353426255
2011-06-09,1,2,2,1,2011,2,9,3,136.2355676506969
2011-06-10,1,2,2,1,2011,2,10,4,105.36417573802268
2011-06-13,1,2,2,1,2011,2,13,0,85.398131803517
2011-06-14,1,2,2,1,2011,2,14,1,70.42359885263775
2011-06-15,1,2,2,1,2011,2,15,2,62.817699139478314
2011-06-16,1,2,2,1,2011,2,16,3,50.300774354608734
2011-06-17,1,2,2,1,2011,2,17,4,44.10058076595655
2011-06-22,1,2,2,1,2011,2,22,2,55.38793557446741
2011-06-24,1,2,2,1,2011,2,24,4,94.90345168085057
2011-06-28,1,2,2,1,2011,2,28,1,77.55258876063792
2011-06-30,1,2,2,1,2011,2,30,3,61.35194157047844
2011-07-01,1,2,2,1,2011,3,1,4,52.38895617785883
2011-07-03,1,2,2,1,2011,3,3,6,45.66671713339412
2011-07-04,1,2,2,1,2011,3,4,0,53.375037850045594
2011-07-05,1,2,2,1,2011,3,5,1,46.40627838753419
2011-07-07,1,2,2,1,2011,3,7,3,53.92970879065064
2011-07-08,1,2,2,1,2011,3,8,4,53.197281592987984
2011-07-12,1,2,2,1,2011,3,12,1,127.49796119474098
2011-07-13,1,2,2,1,2011,3,13,2,101.99847089605574
2011-07-17,1,2,2,1,2011,3,17,6,79.6863531720418
2011-07-19,1,2,2,1,2011,3,19,1,69.32726487903136
2011-07-20,1,2,2,1,2011,3,20,2,55.18294865927352
2011-07-24,1,2,2,1,2011,3,24,6,132.17471149445515
2011-07-28,1,2,2,1,2011,3,28,3,137.38103362084138
2011-07-29,1,2,2,1,2011,3,29,4,125.34827521563103
2011-08-03,1,2,2,1,2011,3,3,2,119.51120641172328
2011-08-04,1,2,2,1,2011,3,4,3,105.57090480879246
2011-08-05,1,2,2,1,2011,3,5,4,122.97817860659434
2011-08-09,1,2,2,1,2011,3,9,1,136.03363395494574
2011-08-10,1,2,2,1,2011,3,10,2,105.2127254662093
2011-08-11,1,2,2,1,2011,3,11,3,82.09704409965698
2011-08-15,1,2,2,1,2011,3,15,0,105.37278307474273
2011-08-17,1,2,2,1,2011,3,17,2,82.21708730605704
2011-08-18,1,2,2,1,2011,3,18,3,111.83781547954277
2011-08-19,1,2,2,1,2011,3,19,4,90.25336160965708
2011-08-21,1,2,2,1,2011,3,21,6,70.87752120724281
2011-08-22,1,2,2,1,2011,3,22,0,237.9206409054321
2011-08-23,1,2,2,1,2011,3,23,1,181.62798067907408
2011-08-24,1,2,2,1,2011,3,24,2,180.02098550930555
2011-08-25,1,2,2,1,2011,3,25,3,154.14073913197916
2011-08-31,1,2,2,1,2011,3,31,2,121.98055434898437
2011-09-01,1,2,2,1,2011,3,1,3,97.86041576173828
2011-09-02,1,2,2,1,2011,3,2,4,117.1953118213037
2011-09-06,1,2,2,1,2011,3,6,1,103.83398386597779
2011-09-08,1,2,2,1,2011,3,8,3,84.25048789948335
2011-09-09,1,2,2,1,2011,3,9,4,79.12536592461251
2011-09-11,1,2,2,1,2011,3,11,6,62.53152444345938
2011-09-12,1,2,2,1,2011,3,12,0,66.02364333259453
2011-09-13,1,2,2,1,2011,3,13,1,59.0802324994459
2011-09-15,1,2,2,1,2011,3,15,3,57.06017437458442
2011-09-18,1,2,2,1,2011,3,18,6,45.982630780938315
2011-09-19,1,2,2,1,2011,3,19,0,40.86197308570374
2011-09-21,1,2,2,1,2011,3,21,2,62.521479814277804
2011-09-22,1,2,2,1,2011,3,22,3,50.078609860708355
2011-09-25,1,2,2,1,2011,3,25,6,47.121457395531266
2011-09-28,1,2,2,1,2011,3,28,2,51.76609304664845
2011-09-29,1,2,2,1,2011,3,29,3,45.19956978498634
2011-09-30,1,2,2,1,2011,3,30,4,40.27467733873975
2011-10-04,1,2,2,1,2011,4,4,1,117.8060080040548
2011-10-05,1,2,2,1,2011,4,5,2,426.41700600304114
2011-10-06,1,2,2,1,2011,4,6,3,342.1252545022809
2011-10-07,1,2,2,1,2011,4,7,4,262.9689408767107
2011-10-10,1,2,2,1,2011,4,10,0,225.91420565753302
2011-10-11,1,2,2,1,2011,4,11,1,175.81065424314977
2011-10-12,1,2,2,1,2011,4,12,2,150.98299068236233
2011-10-13,1,2,2,1,2011,4,13,3,129.17474301177174
2011-10-14,1,2,2,1,2011,4,14,4,106.4435572588288
2011-10-16,1,2,2,1,2011,4,16,6,83.0201679441216
2011-10-17,1,2,2,1,2011,4,17,0,68.6401259580912
2011-10-21,1,2,2,1,2011,4,21,4,95.2800944685684
2011-10-25,1,2,2,1,2011,4,25,1,77.8350708514263
2011-10-27,1,2,2,1,2011,4,27,3,61.563803138569725
2011-10-28,1,2,2,1,2011,4,28,4,152.8978523539273
2011-10-30,1,2,2,1,2011,4,30,6,117.86088926544548
2011-10-31,1,2,2,1,2011,4,31,0,97.9581669490841
2011-11-01,1,2,2,1,2011,4,1,1,83.03112521181308
2011-11-04,1,2,2,1,2011,4,4,4,81.3983439088598
2011-11-06,1,2,2,1,2011,4,6,6,70.61125793164484
2011-11-07,1,2,2,1,2011,4,7,0,62.52094344873363
2011-11-08,1,2,2,1,2011,4,8,1,53.26570758655022
2011-11-09,1,2,2,1,2011,4,9,2,49.51178068991267
2011-11-11,1,2,2,1,2011,4,11,4,43.508835517434505
2011-11-13,1,2,2,1,2011,4,13,6,42.19412663807588
2011-11-14,1,2,2,1,2011,4,14,0,38.02059497855691
2011-11-16,1,2,2,1,2011,4,16,2,38.07794623391768
2011-11-17,1,2,2,1,2011,4,17,3,47.68345967543826
2011-11-18,1,2,2,1,2011,4,18,4,85.93759475657869
2011-11-21,1,2,2,1,2011,4,21,0,164.80319606743402
2011-11-22,1,2,2,1,2011,4,22,1,139.53989705057552
2011-11-23,1,2,2,1,2011,4,23,2,133.34242278793164
2011-11-28,1,2,2,1,2011,4,28,0,103.19431709094873
2011-11-30,1,2,2,1,2011,4,30,2,121.19573781821154
2011-12-01,1,2,2,1,2011,4,1,3,157.00930336365866
2011-12-02,1,2,2,1,2011,4,2,4,124.131977522744
2011-12-04,1,2,2,1,2011,4,4,6,105.84898314205799
2011-12-05,1,2,2,1,2011,4,5,0,132.7492373565435
2011-12-06,1,2,2,1,2011,4,6,1,105.93692801740761
2011-12-08,1,2,2,1,2011,4,8,3,95.39019601305571
2011-03-14,1,3,3,1,2011,1,14,0,78.73814273756281
2011-03-15,1,3,3,1,2011,1,15,1,128.4611070531721
2011-03-16,1,3,3,1,2011,1,16,2,99.72583028987907
2011-03-18,1,3,3,1,2011,1,18,4,78.1743727174093
2011-03-21,1,3,3,1,2011,1,21,0,72.15077953805697
2011-03-22,1,3,3,1,2011,1,22,1,66.36558465354273
2011-03-25,1,3,3,1,2011,1,25,4,56.53418849015704
2011-03-29,1,3,3,1,2011,1,29,1,49.16064136761778
2011-03-30,1,3,3,1,2011,1,30,2,40.250481025713334
2011-03-31,1,3,3,1,2011,1,31,3,33.567860769285005
2011-04-04,1,3,3,1,2011,2,4,0,50.10339557696375
2011-04-05,1,3,3,1,2011,2,5,1,47.71754668272281
2011-04-06,1,3,3,1,2011,2,6,2,45.92816001204211
2011-04-07,1,3,3,1,2011,2,7,3,41.628620009031586
2011-04-08,1,3,3,1,2011,2,8,4,41.36146500677369
2011-04-11,1,3,3,1,2011,2,11,0,34.82359875508027
2011-04-12,1,3,3,1,2011,2,12,1,46.397699066310196
2011-04-13,1,3,3,1,2011,2,13,2,49.16327429973265
2011-04-14,1,3,3,1,2011,2,14,3,53.772455724799485
2011-04-17,1,3,3,1,2011,2,17,6,60.60934179359961
2011-04-19,1,3,3,1,2011,2,19,1,52.21700634519971
2011-04-21,1,3,3,1,2011,2,21,3,97.16275475889978
2011-04-26,1,3,3,1,2011,2,26,1,86.39206606917483
2011-04-27,1,3,3,1,2011,2,27,2,68.17404955188113
2011-04-28,1,3,3,1,2011,2,28,3,54.51053716391085
2011-05-01,1,3,3,1,2011,2,1,6,41.305402872933136
2011-05-03,1,3,3,1,2011,2,3,1,34.35905215469985
2011-05-04,1,3,3,1,2011,2,4,2,29.14928911602489
2011-05-05,1,3,3,1,2011,2,5,3,40.45196683701867
2011-05-06,1,3,3,1,2011,2,6,4,37.098975127764
2011-05-08,1,3,3,1,2011,2,8,6,32.894231345823
2011-05-09,1,3,3,1,2011,2,9,0,28.05067350936725
2011-05-10,1,3,3,1,2011,2,10,1,31.17800513202544
2011-05-12,1,3,3,1,2011,2,12,3,26.763503849019077
2011-05-16,1,3,3,1,2011,2,16,0,26.832627886764307
2011-05-18,1,3,3,1,2011,2,18,2,43.78447091507323
2011-05-20,1,3,3,1,2011,2,20,4,46.358353186304925
2011-05-22,1,3,3,1,2011,2,22,6,44.908764889728694
2011-05-23,1,3,3,1,2011,2,23,0,43.82157366729652
2011-05-26,1,3,3,1,2011,2,26,3,53.14618025047239
2011-05-31,1,3,3,1,2011,2,31,1,53.37963518785429
2011-06-01,1,3,3,1,2011,2,1,2,43.41472639089072
2011-06-02,1,3,3,1,2011,2,2,3,39.321044793168035
2011-06-07,1,3,3,1,2011,2,7,1,39.63078359487603
2011-06-10,1,3,3,1,2011,2,10,4,33.103087696157026
2011-06-12,1,3,3,1,2011,2,12,6,28.20731577211777
2011-06-15,1,3,3,1,2011,2,15,2,27.91548682908833
2011-06-16,1,3,3,1,2011,2,16,3,34.45661512181624
2011-06-17,1,3,3,1,2011,2,17,4,42.74246134136218
2011-06-20,1,3,3,1,2011,2,20,0,38.816846006021635
2011-06-21,1,3,3,1,2011,2,21,1,44.32263450451622
2011-06-24,1,3,3,1,2011,2,24,4,46.76197587838716
2011-07-05,1,3,3,1,2011,3,5,1,45.211481908790375
2011-07-07,1,3,3,1,2011,3,7,3,57.568611431592785
2011-07-08,1,3,3,1,2011,3,8,4,46.55645857369459
2011-07-11,1,3,3,1,2011,3,11,0,41.67734393027094
2011-07-13,1,3,3,1,2011,3,13,2,34.63800794770321
2011-07-17,1,3,3,1,2011,3,17,6,35.273505960777406
2011-07-18,1,3,3,1,2011,3,18,0,30.680129470583054
2011-07-19,1,3,3,1,2011,3,19,1,53.43009710293729
2011-07-20,1,3,3,1,2011,3,20,2,43.45257282720297
2011-07-21,1,3,3,1,2011,3,21,3,52.86942962040223
2011-07-27,1,3,3,1,2011,3,27,2,49.79207221530167
2011-07-29,1,3,3,1,2011,3,29,4,44.10405416147625
2011-07-31,1,3,3,1,2011,3,31,6,36.45804062110719
2011-08-03,1,3,3,1,2011,3,3,2,31.568530465830392
2011-08-05,1,3,3,1,2011,3,5,4,33.81639784937279
2011-08-09,1,3,3,1,2011,3,9,1,38.88229838702959
2011-08-12,1,3,3,1,2011,3,12,4,39.30172379027219
2011-08-16,1,3,3,1,2011,3,16,1,36.236292842704145
2011-08-18,1,3,3,1,2011,3,18,3,40.27471963202811
2011-08-19,1,3,3,1,2011,3,19,4,36.96603972402108
2011-08-21,1,3,3,1,2011,3,21,6,28.14702979301581
2011-08-22,1,3,3,1,2011,3,22,0,34.63027234476186
2011-08-25,1,3,3,1,2011,3,25,3,39.49270425857139
2011-08-26,1,3,3,1,2011,3,26,4,36.37952819392854
2011-08-28,1,3,3,1,2011,3,28,6,40.80464614544641
2011-09-01,1,3,3,1,2011,3,1,3,33.98348460908481
2011-09-05,1,3,3,1,2011,3,5,0,39.00761345681361
2011-09-06,1,3,3,1,2011,3,6,1,39.39571009261021
2011-09-08,1,3,3,1,2011,3,8,3,59.966782569457656
2011-09-09,1,3,3,1,2011,3,9,4,48.35508692709325
2011-09-13,1,3,3,1,2011,3,13,1,53.16631519531993
2011-09-14,1,3,3,1,2011,3,14,2,46.63473639648995
2011-09-15,1,3,3,1,2011,3,15,3,38.35605229736746
2011-09-16,1,3,3,1,2011,3,16,4,30.4570392230256
2011-09-18,1,3,3,1,2011,3,18,6,32.9827794172692
2011-09-21,1,3,3,1,2011,3,21,2,38.2570845629519
2011-09-22,1,3,3,1,2011,3,22,3,45.59281342221392
2011-09-23,1,3,3,1,2011,3,23,4,40.95461006666044
2011-09-26,1,3,3,1,2011,3,26,0,112.37595754999532
2011-09-27,1,3,3,1,2011,3,27,1,88.50696816249649
2011-09-28,1,3,3,1,2011,3,28,2,127.76022612187236
2011-09-29,1,3,3,1,2011,3,29,3,109.34016959140426
2011-09-30,1,3,3,1,2011,3,30,4,88.7651271935532
2011-10-02,1,3,3,1,2011,4,2,6,69.95384539516489
2011-10-04,1,3,3,1,2011,4,4,1,55.845384046373674
2011-10-05,1,3,3,1,2011,4,5,2,48.64403803478025
2011-10-06,1,3,3,1,2011,4,6,3,74.50802852608518
2011-10-07,1,3,3,1,2011,4,7,4,66.02102139456389
2011-10-09,1,3,3,1,2011,4,9,6,52.89576604592292
2011-10-13,1,3,3,1,2011,4,13,3,54.88182453444219
2011-10-14,1,3,3,1,2011,4,14,4,54.681368400831644
2011-10-17,1,3,3,1,2011,4,17,0,109.15102630062373
2011-10-20,1,3,3,1,2011,4,20,3,108.9032697254678
2011-10-21,1,3,3,1,2011,4,21,4,85.05745229410084
2011-10-23,1,3,3,1,2011,4,23,6,65.48308922057564
2011-10-24,1,3,3,1,2011,4,24,0,52.49231691543173
2011-10-25,1,3,3,1,2011,4,25,1,42.7492376865738
2011-10-26,1,3,3,1,2011,4,26,2,39.24442826493035
2011-10-27,1,3,3,1,2011,4,27,3,39.57332119869776
2011-10-28,1,3,3,1,2011,4,28,4,39.819990899023324
2011-10-30,1,3,3,1,2011,4,30,6,72.11499317426748
2011-10-31,1,3,3,1,2011,4,31,0,60.84624488070061
2011-11-01,1,3,3,1,2011,4,1,1,69.29468366052545
2011-11-02,1,3,3,1,2011,4,2,2,65.49101274539409
2011-11-03,1,3,3,1,2011,4,3,3,77.00325955904557
2011-11-04,1,3,3,1,2011,4,4,4,71.27244466928418
2011-11-09,1,3,3,1,2011,4,9,2,77.11433350196313
2011-11-11,1,3,3,1,2011,4,11,4,61.21575012647235
2011-11-14,1,3,3,1,2011,4,14,0,52.24931259485426
2011-11-15,1,3,3,1,2011,4,15,1,66.2269844461407
2011-11-16,1,3,3,1,2011,4,16,2,66.57023833460553
2011-11-17,1,3,3,1,2011,4,17,3,61.75767875095415
2011-11-18,1,3,3,1,2011,4,18,4,124.59825906321561
2011-11-20,1,3,3,1,2011,4,20,6,96.8286942974117
2011-11-22,1,3,3,1,2011,4,22,1,78.53652072305879
2011-11-23,1,3,3,1,2011,4,23,2,72.42239054229408
2011-11-24,1,3,3,1,2011,4,24,3,114.00679290672056
2011-11-28,1,3,3,1,2011,4,28,0,88.88509468004042
2011-11-29,1,3,3,1,2011,4,29,1,90.32382101003031
2011-12-02,1,3,3,1,2011,4,2,4,84.64286575752274
2011-12-04,1,3,3,1,2011,4,4,6,70.24214931814205
2011-12-05,1,3,3,1,2011,4,5,0,62.82161198860654
2011-12-06,1,3,3,1,2011,4,6,1,57.256208991454905
2011-12-07,1,3,3,1,2011,4,7,2,59.842156743591175
2011-03-14,1,4,4,1,2011,1,14,0,97.37338538345476
2011-03-16,1,4,4,1,2011,1,16,2,127.48003903759107
2011-03-17,1,4,4,1,2011,1,17,3,251.2350292781933
2011-03-20,1,4,4,1,2011,1,20,6,260.57627195864495
2011-03-22,1,4,4,1,2011,1,22,1,200.3822039689837
2011-03-23,1,4,4,1,2011,1,23,2,155.23665297673776
2011-03-24,1,4,4,1,2011,1,24,3,127.56498973255331
2011-04-01,1,4,4,1,2011,2,1,4,112.99874229941499
2011-04-04,1,4,4,1,2011,2,4,0,93.41155672456124
2011-04-05,1,4,4,1,2011,2,5,1,72.53366754342092
2011-04-07,1,4,4,1,2011,2,7,3,56.875250657565694
2011-04-08,1,4,4,1,2011,2,8,4,156.20643799317426
2011-04-10,1,4,4,1,2011,2,10,6,123.34232849488069
2011-04-11,1,4,4,1,2011,2,11,0,102.40674637116052
2011-04-12,1,4,4,1,2011,2,12,1,92.89255977837038
2011-04-13,1,4,4,1,2011,2,13,2,74.6194198337778
2011-04-18,1,4,4,1,2011,2,18,0,62.15206487533335
2011-04-19,1,4,4,1,2011,2,19,1,51.56404865650002
2011-04-20,1,4,4,1,2011,2,20,2,125.67303649237503
2011-04-21,1,4,4,1,2011,2,21,3,165.92977736928128
2011-04-26,1,4,4,1,2011,2,26,1,136.82233302696096
2011-04-28,1,4,4,1,2011,2,28,3,107.56674977022072
2011-05-01,1,4,4,1,2011,2,1,6,93.05006232766554
2011-05-03,1,4,4,1,2011,2,3,1,135.22504674574915
2011-05-04,1,4,4,1,2011,2,4,2,169.85628505931186
2011-05-05,1,4,4,1,2011,2,5,3,231.1422137944839
2011-05-06,1,4,4,1,2011,2,6,4,178.3066603458629
2011-05-08,1,4,4,1,2011,2,8,6,311.6299952593972
2011-05-09,1,4,4,1,2011,2,9,0,239.90999644454791
2011-05-10,1,4,4,1,2011,2,10,1,187.35749733341095
2011-05-11,1,4,4,1,2011,2,11,2,152.8931230000582
2011-05-12,1,4,4,1,2011,2,12,3,119.61984225004366
2011-05-16,1,4,4,1,2011,2,16,0,111.98988168753274
2011-05-17,1,4,4,1,2011,2,17,1,88.94241126564957
2011-05-18,1,4,4,1,2011,2,18,2,76.60680844923718
2011-05-19,1,4,4,1,2011,2,19,3,77.25510633692788
2011-05-20,1,4,4,1,2011,2,20,4,109.8163297526959
2011-05-22,1,4,4,1,2011,2,22,6,92.26224731452194
2011-05-23,1,4,4,1,2011,2,23,0,121.07168548589146
2011-05-25,1,4,4,1,2011,2,25,2,100.7037641144186
2011-05-29,1,4,4,1,2011,2,29,6,85.42782308581396
2011-05-31,1,4,4,1,2011,2,31,1,148.12086731436048
2011-06-01,1,4,4,1,2011,2,1,2,120.99065048577037
2011-06-02,1,4,4,1,2011,2,2,3,104.35548786432777
2011-06-05,1,4,4,1,2011,2,5,6,88.16661589824584
2011-06-06,1,4,4,1,2011,2,6,0,93.34996192368439
2011-06-07,1,4,4,1,2011,2,7,1,81.14997144276329
2011-06-08,1,4,4,1,2011,2,8,2,177.4624785820725
2011-06-09,1,4,4,1,2011,2,9,3,141.75935893655438
2011-06-10,1,4,4,1,2011,2,10,4,116.2195192024158
2011-06-12,1,4,4,1,2011,2,12,6,92.11463940181186
2011-06-13,1,4,4,1,2011,2,13,0,72.7984795513589
2011-06-14,1,4,4,1,2011,2,14,1,63.26135966351917
2011-06-15,1,4,4,1,2011,2,15,2,68.48351974763938
2011-06-17,1,4,4,1,2011,2,17,4,67.45013981072952
2011-06-19,1,4,4,1,2011,2,19,6,53.062604858047145
2011-06-20,1,4,4,1,2011,2,20,0,153.34695364353536
2011-06-21,1,4,4,1,2011,2,21,1,166.88521523265152
2011-06-22,1,4,4,1,2011,2,22,2,144.96391142448866
2011-06-24,1,4,4,1,2011,2,24,4,160.5979335683665
2011-06-28,1,4,4,1,2011,2,28,1,125.39845017627488
2011-06-30,1,4,4,1,2011,2,30,3,98.99883763220616
2011-07-03,1,4,4,1,2011,3,3,6,89.09912822415461
2011-07-05,1,4,4,1,2011,3,5,1,84.14934616811597
2011-07-07,1,4,4,1,2011,3,7,3,77.96200962608697
2011-07-08,1,4,4,1,2011,3,8,4,73.32150721956523
2011-07-11,1,4,4,1,2011,3,11,0,106.86613041467393
2011-07-13,1,4,4,1,2011,3,13,2,90.04959781100546
2011-07-14,1,4,4,1,2011,3,14,3,77.4371983582541
2011-07-15,1,4,4,1,2011,3,15,4,111.19039876869059
2011-07-17,1,4,4,1,2011,3,17,6,89.58029907651795
2011-07-18,1,4,4,1,2011,3,18,0,82.03522430738846
2011-07-19,1,4,4,1,2011,3,19,1,114.73891823054134
2011-07-20,1,4,4,1,2011,3,20,2,97.19168867290601
2011-07-22,1,4,4,1,2011,3,22,4,77.84376650467951
2011-07-24,1,4,4,1,2011,3,24,6,73.23282487850963
2011-07-26,1,4,4,1,2011,3,26,1,67.29961865888222
2011-07-29,1,4,4,1,2011,3,29,4,52.94971399416167
2011-07-31,1,4,4,1,2011,3,31,6,44.662285495621255
2011-08-01,1,4,4,1,2011,3,1,0,48.34671412171594
2011-08-03,1,4,4,1,2011,3,3,2,39.972535591286956
2011-08-07,1,4,4,1,2011,3,7,6,33.69190169346522
2011-08-08,1,4,4,1,2011,3,8,0,30.218926270098915
2011-08-09,1,4,4,1,2011,3,9,1,37.51419470257419
2011-08-15,1,4,4,1,2011,3,15,0,36.79814602693064
2011-08-16,1,4,4,1,2011,3,16,1,32.54860952019798
2011-08-17,1,4,4,1,2011,3,17,2,91.1364571401485
2011-08-19,1,4,4,1,2011,3,19,4,70.82734285511137
2011-08-21,1,4,4,1,2011,3,21,6,72.92050714133353
2011-08-23,1,4,4,1,2011,3,23,1,59.64038035600015
2011-08-24,1,4,4,1,2011,3,24,2,47.205285267000114
2011-08-25,1,4,4,1,2011,3,25,3,45.303963950250086
2011-08-26,1,4,4,1,2011,3,26,4,48.82797296268757
2011-08-28,1,4,4,1,2011,3,28,6,41.57097972201568
2011-09-01,1,4,4,1,2011,3,1,3,60.87823479151176
2011-09-02,1,4,4,1,2011,3,2,4,50.60867609363382
2011-09-04,1,4,4,1,2011,3,4,6,42.906507070225366
2011-09-05,1,4,4,1,2011,3,5,0,61.87988030266903
2011-09-06,1,4,4,1,2011,3,6,1,56.30991022700177
2011-09-11,1,4,4,1,2011,3,11,6,44.70743267025133
2011-09-13,1,4,4,1,2011,3,13,1,43.43057450268849
2011-09-15,1,4,4,1,2011,3,15,3,188.19793087701638
2011-09-18,1,4,4,1,2011,3,18,6,147.3359481577623
2011-09-22,1,4,4,1,2011,3,22,3,115.45196111832172
2011-09-25,1,4,4,1,2011,3,25,6,91.53897083874129
2011-09-27,1,4,4,1,2011,3,27,1,92.16672812905597
2011-09-29,1,4,4,1,2011,3,29,3,75.31254609679198
2011-09-30,1,4,4,1,2011,3,30,4,62.67190957259398
2011-10-02,1,4,4,1,2011,4,2,6,49.478932179445486
2011-10-03,1,4,4,1,2011,4,3,0,51.95919913458412
2011-10-05,1,4,4,1,2011,4,5,2,53.81939935093809
2011-10-06,1,4,4,1,2011,4,6,3,51.50204951320357
2011-10-07,1,4,4,1,2011,4,7,4,64.61403713490267
2011-10-13,1,4,4,1,2011,4,13,3,54.648027851177005
2011-10-18,1,4,4,1,2011,4,18,1,50.88602088838275
2011-10-20,1,4,4,1,2011,4,20,3,39.40201566628706
2011-10-27,1,4,4,1,2011,4,27,3,56.7765117497153
2011-10-31,1,4,4,1,2011,4,31,0,57.432383812286474
2011-11-07,1,4,4,1,2011,4,7,0,50.49928785921486
2011-11-09,1,4,4,1,2011,4,9,2,55.19946589441115
2011-11-13,1,4,4,1,2011,4,13,6,42.637099420808354
2011-11-20,1,4,4,1,2011,4,20,6,34.452824565606264
2011-11-21,1,4,4,1,2011,4,21,0,30.789618424204697
2011-11-23,1,4,4,1,2011,4,23,2,32.99221381815352
2011-11-29,1,4,4,1,2011,4,29,1,25.981660363615145
2011-11-30,1,4,4,1,2011,4,30,2,26.91124527271136
2011-12-04,1,4,4,1,2011,4,4,6,27.60843395453352
2011-12-07,1,4,4,1,2011,4,7,2,24.41882546590014
2011-03-16,1,5,0,1,2011,1,16,2,13.893791889260665
2011-03-17,1,5,0,1,2011,1,17,3,17.0203439169455
2011-03-20,1,5,0,1,2011,1,20,6,23.640257937709123
2011-03-21,1,5,0,1,2011,1,21,0,21.855193453281842
2011-03-22,1,5,0,1,2011,1,22,1,17.21639508996138
2011-03-24,1,5,0,1,2011,1,24,3,21.987296317471035
2011-03-29,1,5,0,1,2011,1,29,1,28.602972238103277
2011-04-06,1,5,0,1,2011,2,6,2,25.577229178577458
2011-04-10,1,5,0,1,2011,2,10,6,24.132921883933093
2011-04-11,1,5,0,1,2011,2,11,0,22.22469141294982
2011-04-12,1,5,0,1,2011,2,12,1,21.206018559712362
2011-04-13,1,5,0,1,2011,2,13,2,24.15451391978427
2011-04-14,1,5,0,1,2011,2,14,3,22.240885439838202
2011-04-15,1,5,0,1,2011,2,15,4,20.805664079878653
2011-04-18,1,5,0,1,2011,2,18,0,20.55424805990899
2011-04-19,1,5,0,1,2011,2,19,1,19.540686044931743
2011-04-20,1,5,0,1,2011,2,20,2,22.905514533698806
2011-04-21,1,5,0,1,2011,2,21,3,21.304135900274105
2011-04-26,1,5,0,1,2011,2,26,1,25.053101925205578
2011-04-27,1,5,0,1,2011,2,27,2,22.914826443904182
2011-05-03,1,5,0,1,2011,2,3,1,29.561119832928135
2011-05-04,1,5,0,1,2011,2,4,2,22.5833398746961
2011-05-05,1,5,0,1,2011,2,5,3,21.887504906022077
2011-05-06,1,5,0,1,2011,2,6,4,18.065628679516557
2011-05-08,1,5,0,1,2011,2,8,6,19.324221509637418
2011-05-09,1,5,0,1,2011,2,9,0,18.205666132228064
2011-05-11,1,5,0,1,2011,2,11,2,14.89174959917105
2011-05-16,1,5,0,1,2011,2,16,0,31.531312199378288
2011-05-18,1,5,0,1,2011,2,18,2,28.185984149533716
2011-05-19,1,5,0,1,2011,2,19,3,25.26448811215029
2011-05-20,1,5,0,1,2011,2,20,4,31.323366084112717
2011-05-23,1,5,0,1,2011,2,23,0,27.617524563084537
2011-05-24,1,5,0,1,2011,2,24,1,28.9631434223134
2011-05-25,1,5,0,1,2011,2,25,2,22.547357566735048
2011-05-29,1,5,0,1,2011,2,29,6,18.973018175051287
2011-05-31,1,5,0,1,2011,2,31,1,22.479763631288463
2011-06-01,1,5,0,1,2011,2,1,2,17.684822723466347
2011-06-02,1,5,0,1,2011,2,2,3,17.388617042599762
2011-06-05,1,5,0,1,2011,2,5,6,17.16646278194982
2011-06-06,1,5,0,1,2011,2,6,0,21.124847086462367
2011-06-07,1,5,0,1,2011,2,7,1,28.218635314846775
2011-06-09,1,5,0,1,2011,2,9,3,26.11397648613508
2011-06-10,1,5,0,1,2011,2,10,4,27.83548236460131
2011-06-12,1,5,0,1,2011,2,12,6,29.126611773450982
2011-06-14,1,5,0,1,2011,2,14,1,23.08245883008824
2011-06-15,1,5,0,1,2011,2,15,2,21.43684412256618
2011-06-16,1,5,0,1,2011,2,16,3,17.315133091924633
2011-06-17,1,5,0,1,2011,2,17,4,14.223849818943474
2011-06-26,1,5,0,1,2011,2,26,6,14.792887364207605
2011-06-27,1,5,0,1,2011,2,27,0,15.219665523155705
2011-06-29,1,5,0,1,2011,2,29,2,12.239749142366778
2011-06-30,1,5,0,1,2011,2,30,3,10.004811856775083
2011-07-03,1,5,0,1,2011,3,3,6,11.628608892581312
2011-07-05,1,5,0,1,2011,3,5,1,15.321456669435983
2011-07-06,1,5,0,1,2011,3,6,2,20.15359250207699
2011-07-08,1,5,0,1,2011,3,8,4,19.240194376557742
2011-07-13,1,5,0,1,2011,3,13,2,14.842645782418307
2011-07-14,1,5,0,1,2011,3,14,3,16.08198433681373
2011-07-15,1,5,0,1,2011,3,15,4,12.473988252610296
2011-07-17,1,5,0,1,2011,3,17,6,26.68049118945772
2011-07-19,1,5,0,1,2011,3,19,1,24.13536839209329
2011-07-24,1,5,0,1,2011,3,24,6,22.22652629406997
2011-07-25,1,5,0,1,2011,3,25,0,20.794894720552477
2011-07-26,1,5,0,1,2011,3,26,1,19.721171040414358
2011-07-27,1,5,0,1,2011,3,27,2,18.915878280310768
2011-07-28,1,5,0,1,2011,3,28,3,22.436908710233077
2011-07-29,1,5,0,1,2011,3,29,4,20.12768153267481
2011-07-31,1,5,0,1,2011,3,31,6,15.920761149506106
2011-08-02,1,5,0,1,2011,3,2,1,19.19057086212958
2011-08-03,1,5,0,1,2011,3,3,2,20.167928146597184
2011-08-04,1,5,0,1,2011,3,4,3,23.37594610994789
2011-08-09,1,5,0,1,2011,3,9,1,25.781959582460917
2011-08-11,1,5,0,1,2011,3,11,3,20.161469686845688
2011-08-14,1,5,0,1,2011,3,14,6,19.246102265134265
2011-08-16,1,5,0,1,2011,3,16,1,26.809576698850698
2011-08-17,1,5,0,1,2011,3,17,2,38.669682524138025
2011-08-18,1,5,0,1,2011,3,18,3,37.66476189310352
2011-08-19,1,5,0,1,2011,3,19,4,32.37357141982764
2011-08-21,1,5,0,1,2011,3,21,6,25.10517856487073
2011-08-22,1,5,0,1,2011,3,22,0,20.478883923653047
2011-08-23,1,5,0,1,2011,3,23,1,16.596662942739787
2011-08-24,1,5,0,1,2011,3,24,2,15.33499720705484
2011-08-26,1,5,0,1,2011,3,26,4,15.62624790529113
2011-08-28,1,5,0,1,2011,3,28,6,12.132185928968347
2011-08-31,1,5,0,1,2011,3,31,2,21.474139446726262
2011-09-01,1,5,0,1,2011,3,1,3,29.305604585044694
2011-09-02,1,5,0,1,2011,3,2,4,26.10420343878352
2011-09-04,1,5,0,1,2011,3,4,6,23.703152579087643
2011-09-06,1,5,0,1,2011,3,6,1,34.27736443431573
2011-09-09,1,5,0,1,2011,3,9,4,43.4455233257368
2011-09-11,1,5,0,1,2011,3,11,6,33.4091424943026
2011-09-12,1,5,0,1,2011,3,12,0,25.88185687072695
2011-09-13,1,5,0,1,2011,3,13,1,24.36139265304521
2011-09-15,1,5,0,1,2011,3,15,3,22.396044489783907
2011-09-16,1,5,0,1,2011,3,16,4,20.92203336733793
2011-09-19,1,5,0,1,2011,3,19,0,23.94152502550345
2011-09-23,1,5,0,1,2011,3,23,4,30.568643769127586
2011-09-25,1,5,0,1,2011,3,25,6,27.05148282684569
2011-09-28,1,5,0,1,2011,3,28,2,21.113612120134267
2011-09-29,1,5,0,1,2011,3,29,3,16.247709090100702
2011-09-30,1,5,0,1,2011,3,30,4,17.135781817575527
2011-10-04,1,5,0,1,2011,4,4,1,16.976836363181647
2011-10-05,1,5,0,1,2011,4,5,2,16.857627272386235
2011-10-07,1,5,0,1,2011,4,7,4,13.468220454289675
2011-10-09,1,5,0,1,2011,4,9,6,10.926165340717255
2011-10-10,1,5,0,1,2011,4,10,0,11.494624005537942
2011-10-11,1,5,0,1,2011,4,11,1,13.570968004153457
2011-10-13,1,5,0,1,2011,4,13,3,33.87822600311509
2011-10-14,1,5,0,1,2011,4,14,4,29.533669502336316
2011-10-17,1,5,0,1,2011,4,17,0,26.275252126752235
2011-10-21,1,5,0,1,2011,4,21,4,29.193939095064177
2011-10-23,1,5,0,1,2011,4,23,6,26.020454321298132
2011-10-25,1,5,0,1,2011,4,25,1,25.7028407409736
2011-10-27,1,5,0,1,2011,4,27,3,21.3396305557302
2011-10-28,1,5,0,1,2011,4,28,4,16.417222916797652
2011-10-30,1,5,0,1,2011,4,30,6,33.762917187598234
2011-11-02,1,5,0,1,2011,4,2,2,27.797187890698673
2011-11-03,1,5,0,1,2011,4,3,3,29.097890918024007
2011-11-06,1,5,0,1,2011,4,6,6,26.360918188518006
2011-11-07,1,5,0,1,2011,4,7,0,23.895688641388503
2011-11-09,1,5,0,1,2011,4,9,2,22.046766481041377
2011-11-11,1,5,0,1,2011,4,11,4,20.660074860781034
2011-11-13,1,5,0,1,2011,4,13,6,19.207556145585773
2011-11-14,1,5,0,1,2011,4,14,0,50.65566710918933
2011-11-15,1,5,0,1,2011,4,15,1,74.741750331892
2011-11-17,1,5,0,1,2011,4,17,3,60.181312748919005
2011-11-20,1,5,0,1,2011,4,20,6,49.260984561689256
2011-11-21,1,5,0,1,2011,4,21,0,41.07073842126694
2011-11-25,1,5,0,1,2011,4,25,4,34.92805381595021
2011-11-27,1,5,0,1,2011,4,27,6,28.671040361962653
2011-11-28,1,5,0,1,2011,4,28,0,25.62828027147199
2011-11-29,1,5,0,1,2011,4,29,1,23.34621020360399
2011-11-30,1,5,0,1,2011,4,30,2,17.922157652702996
2011-12-01,1,5,0,1,2011,4,1,3,30.616618239527245
2011-12-02,1,5,0,1,2011,4,2,4,27.087463679645435
2011-12-06,1,5,0,1,2011,4,6,1,24.853097759734077
2011-12-07,1,5,0,1,2011,4,7,2,22.764823319800556
2011-12-08,1,5,0,1,2011,4,8,3,21.198617489850417
2011-12-09,1,5,0,1,2011,4,9,4,30.39896311738781
2011-03-14,1,6,1,1,2011,1,14,0,11.26618714581018
2011-03-15,1,6,1,1,2011,1,15,1,12.574640359357636
2011-03-17,1,6,1,1,2011,1,17,3,13.555980269518226
2011-03-20,1,6,1,1,2011,1,20,6,14.291985202138669
2011-03-21,1,6,1,1,2011,1,21,0,15.668988901604003
2011-03-22,1,6,1,1,2011,1,22,1,12.576741676203001
2011-03-24,1,6,1,1,2011,1,24,3,14.382556257152252
2011-03-29,1,6,1,1,2011,1,29,1,19.274417192864192
2011-04-01,1,6,1,1,2011,2,1,4,18.580812894648144
2011-04-04,1,6,1,1,2011,2,4,0,14.348109670986107
2011-04-10,1,6,1,1,2011,2,10,6,14.88608225323958
2011-04-13,1,6,1,1,2011,2,13,2,15.289561689929686
2011-04-15,1,6,1,1,2011,2,15,4,15.592171267447265
2011-04-18,1,6,1,1,2011,2,18,0,16.64412845058545
2011-04-20,1,6,1,1,2011,2,20,2,16.608096337939088
2011-04-26,1,6,1,1,2011,2,26,1,16.581072253454316
2011-05-03,1,6,1,1,2011,2,3,1,16.560804190090735
2011-05-05,1,6,1,1,2011,2,5,3,13.24560314256805
2011-05-06,1,6,1,1,2011,2,6,4,18.184202356926036
2011-05-08,1,6,1,1,2011,2,8,6,14.875651767694528
2011-05-09,1,6,1,1,2011,2,9,0,13.631738825770896
2011-05-11,1,6,1,1,2011,2,11,2,11.873804119328172
2011-05-13,1,6,1,1,2011,2,13,4,13.85535308949613
2011-05-16,1,6,1,1,2011,2,16,0,11.629014817122098
2011-05-19,1,6,1,1,2011,2,19,3,12.846761112841573
2011-05-29,1,6,1,1,2011,2,29,6,11.697570834631179
2011-05-31,1,6,1,1,2011,2,31,1,12.898178125973384
2011-06-01,1,6,1,1,2011,2,1,2,10.911133594480038
2011-06-06,1,6,1,1,2011,2,6,0,17.25835019586003
2011-06-07,1,6,1,1,2011,2,7,1,17.06876264689502
2011-06-09,1,6,1,1,2011,2,9,3,14.864071985171265
2011-06-12,1,6,1,1,2011,2,12,6,20.63555398887845
2011-06-15,1,6,1,1,2011,2,15,2,19.601665491658835
2011-06-21,1,6,1,1,2011,2,21,1,15.526249118744126
2011-06-24,1,6,1,1,2011,2,24,4,49.13218683905809
2011-06-27,1,6,1,1,2011,2,27,0,43.03664012929357
2011-06-30,1,6,1,1,2011,2,30,3,32.68998009697018
2011-07-01,1,6,1,1,2011,3,1,4,28.642485072727638
2011-07-03,1,6,1,1,2011,3,3,6,23.131863804545727
2011-07-06,1,6,1,1,2011,3,6,2,26.423897853409294
2011-07-07,1,6,1,1,2011,3,7,3,23.94292339005697
2011-07-08,1,6,1,1,2011,3,8,4,22.082192542542728
2011-07-13,1,6,1,1,2011,3,13,2,20.186644406907046
2011-07-17,1,6,1,1,2011,3,17,6,15.964983305180283
2011-07-19,1,6,1,1,2011,3,19,1,20.636237478885214
2011-07-20,1,6,1,1,2011,3,20,2,15.88967810916391
2011-07-27,1,6,1,1,2011,3,27,2,20.167258581872932
2011-07-28,1,6,1,1,2011,3,28,3,19.2504439364047
2011-07-29,1,6,1,1,2011,3,29,4,18.975332952303525
2011-07-31,1,6,1,1,2011,3,31,6,15.056499714227643
2011-08-03,1,6,1,1,2011,3,3,2,15.417374785670733
2011-08-04,1,6,1,1,2011,3,4,3,92.31303108925304
2011-08-07,1,6,1,1,2011,3,7,6,70.47227331693978
2011-08-09,1,6,1,1,2011,3,9,1,61.10420498770483
2011-08-11,1,6,1,1,2011,3,11,3,46.240653740778626
2011-08-15,1,6,1,1,2011,3,15,0,36.33049030558397
2011-08-16,1,6,1,1,2011,3,16,1,39.62286772918798
2011-08-18,1,6,1,1,2011,3,18,3,33.842150796890984
2011-08-22,1,6,1,1,2011,3,22,0,29.506613097668236
2011-08-23,1,6,1,1,2011,3,23,1,27.079959823251176
2011-08-24,1,6,1,1,2011,3,24,2,64.80996986743838
2011-08-25,1,6,1,1,2011,3,25,3,50.257477400578786
2011-08-26,1,6,1,1,2011,3,26,4,41.81810805043409
2011-08-28,1,6,1,1,2011,3,28,6,32.18858103782557
2011-09-01,1,6,1,1,2011,3,1,3,30.74143577836918
2011-09-02,1,6,1,1,2011,3,2,4,27.181076833776885
2011-09-05,1,6,1,1,2011,3,5,0,26.160807625332666
2011-09-06,1,6,1,1,2011,3,6,1,23.7456057189995
2011-09-09,1,6,1,1,2011,3,9,4,21.934204289249625
2011-09-14,1,6,1,1,2011,3,14,2,20.57565321693722
2011-09-15,1,6,1,1,2011,3,15,3,16.256739912702916
2011-09-18,1,6,1,1,2011,3,18,6,16.317554934527188
2011-09-19,1,6,1,1,2011,3,19,0,19.488166200895392
2011-09-23,1,6,1,1,2011,3,23,4,23.278624650671546
2011-09-27,1,6,1,1,2011,3,27,1,21.58396848800366
2011-09-28,1,6,1,1,2011,3,28,2,16.600476366002745
2011-09-30,1,6,1,1,2011,3,30,4,17.40035727450206
2011-10-02,1,6,1,1,2011,4,2,6,17.175267955876546
2011-10-04,1,6,1,1,2011,4,4,1,17.831450966907408
2011-10-09,1,6,1,1,2011,4,9,6,14.198588225180554
2011-10-10,1,6,1,1,2011,4,10,0,13.536441168885414
2011-10-11,1,6,1,1,2011,4,11,1,14.68983087666406
2011-10-13,1,6,1,1,2011,4,13,3,44.554873157498044
2011-10-17,1,6,1,1,2011,4,17,0,35.891154868123536
2011-10-20,1,6,1,1,2011,4,20,3,28.980866151092652
2011-10-21,1,6,1,1,2011,4,21,4,31.22314961331949
2011-10-23,1,6,1,1,2011,4,23,6,27.542362209989616
2011-10-25,1,6,1,1,2011,4,25,1,21.89427165749221
2011-10-27,1,6,1,1,2011,4,27,3,18.070703743119157
2011-10-28,1,6,1,1,2011,4,28,4,18.503027807339368
2011-11-01,1,6,1,1,2011,4,1,1,15.527270855504527
2011-11-02,1,6,1,1,2011,4,2,2,12.057953141628396
2011-11-04,1,6,1,1,2011,4,4,4,9.455964856221296
2011-11-07,1,6,1,1,2011,4,7,0,15.341973642165971
2011-11-08,1,6,1,1,2011,4,8,1,11.918980231624479
2011-11-09,1,6,1,1,2011,4,9,2,13.064235173718359
2011-11-13,1,6,1,1,2011,4,13,6,14.335676380288769
2011-11-15,1,6,1,1,2011,4,15,1,58.37675728521658
2011-11-17,1,6,1,1,2011,4,17,3,48.320067963912436
2011-11-18,1,6,1,1,2011,4,18,4,36.65255097293433
2011-11-20,1,6,1,1,2011,4,20,6,27.901913229700746
2011-11-21,1,6,1,1,2011,4,21,0,29.17643492227556
2011-11-25,1,6,1,1,2011,4,25,4,26.41982619170667
2011-11-27,1,6,1,1,2011,4,27,6,23.93986964378
2011-11-29,1,6,1,1,2011,4,29,1,22.079902232835
2011-11-30,1,6,1,1,2011,4,30,2,19.44742667462625
2011-12-01,1,6,1,1,2011,4,1,3,36.110570005969684
2011-12-07,1,6,1,1,2011,4,7,2,31.20792750447726
2011-03-14,1,7,2,1,2011,1,14,0,106.33316796851406
2011-03-15,1,7,2,1,2011,1,15,1,83.46237597638554
2011-03-16,1,7,2,1,2011,1,16,2,70.02178198228916
2011-03-17,1,7,2,1,2011,1,17,3,67.36633648671688
2011-03-18,1,7,2,1,2011,1,18,4,57.949752365037654
2011-03-20,1,7,2,1,2011,1,20,6,47.17481427377824
2011-03-21,1,7,2,1,2011,1,21,0,42.80611070533368
2011-03-24,1,7,2,1,2011,1,24,3,49.42958302900026
2011-03-25,1,7,2,1,2011,1,25,4,40.784687271750194
2011-03-28,1,7,2,1,2011,1,28,0,34.301015453812646
2011-03-31,1,7,2,1,2011,1,31,3,29.43826159035948
2011-04-04,1,7,2,1,2011,2,4,0,25.79119619276961
2011-04-07,1,7,2,1,2011,2,7,3,20.58089714457721
2011-04-08,1,7,2,1,2011,2,8,4,19.148172858432908
2011-04-10,1,7,2,1,2011,2,10,6,15.598629643824681
2011-04-12,1,7,2,1,2011,2,12,1,12.936472232868512
2011-06-10,1,7,2,1,2011,2,10,4,17.127354174651387
2011-06-12,1,7,2,1,2011,2,12,6,20.27051563098854
2011-06-14,1,7,2,1,2011,2,14,1,45.65288672324141
2011-06-16,1,7,2,1,2011,2,16,3,36.71466504243106
2011-06-17,1,7,2,1,2011,2,17,4,39.910998781823295
2011-06-20,1,7,2,1,2011,2,20,0,37.35824908636747
2011-06-22,1,7,2,1,2011,2,22,2,31.731186814775604
2011-06-23,1,7,2,1,2011,2,23,3,28.7483901110817
2011-06-24,1,7,2,1,2011,2,24,4,25.273792583311277
2011-06-27,1,7,2,1,2011,2,27,0,23.905344437483457
2011-06-29,1,7,2,1,2011,2,29,2,51.929008328112594
2011-06-30,1,7,2,1,2011,2,30,3,46.371756246084445
2011-07-03,1,7,2,1,2011,3,3,6,36.016317184563334
2011-07-05,1,7,2,1,2011,3,5,1,34.4372378884225
2011-07-06,1,7,2,1,2011,3,6,2,29.540428416316878
2011-07-07,1,7,2,1,2011,3,7,3,24.630321312237662
2011-07-11,1,7,2,1,2011,3,11,0,55.597740984178245
2011-07-13,1,7,2,1,2011,3,13,2,42.93580573813368
2011-07-14,1,7,2,1,2011,3,14,3,34.67685430360026
2011-07-17,1,7,2,1,2011,3,17,6,27.245140727700193
2011-07-18,1,7,2,1,2011,3,18,0,24.146355545775144
2011-07-19,1,7,2,1,2011,3,19,1,34.19726665933136
2011-07-21,1,7,2,1,2011,3,21,3,31.83544999449852
2011-07-22,1,7,2,1,2011,3,22,4,25.114087495873893
2011-07-25,1,7,2,1,2011,3,25,0,22.548065621905423
2011-07-26,1,7,2,1,2011,3,26,1,20.62354921642907
2011-07-27,1,7,2,1,2011,3,27,2,19.1801619123218
2011-08-01,1,7,2,1,2011,3,1,0,21.810121434241353
2011-08-04,1,7,2,1,2011,3,4,3,52.832591075681016
2011-08-10,1,7,2,1,2011,3,10,2,43.33694330676076
2011-08-11,1,7,2,1,2011,3,11,3,34.97770748007057
2011-08-15,1,7,2,1,2011,3,15,0,29.94578061005293
2011-08-16,1,7,2,1,2011,3,16,1,26.171835457539693
2011-08-17,1,7,2,1,2011,3,17,2,24.57887659315477
2011-08-18,1,7,2,1,2011,3,18,3,22.14665744486608
2011-08-19,1,7,2,1,2011,3,19,4,20.32249308364956
2011-08-21,1,7,2,1,2011,3,21,6,23.904369812737173
2011-08-23,1,7,2,1,2011,3,23,1,19.16577735955288
2011-08-24,1,7,2,1,2011,3,24,2,18.08683301966466
2011-08-25,1,7,2,1,2011,3,25,3,17.277624764748495
2011-09-01,1,7,2,1,2011,3,1,3,16.670718573561373
2011-09-05,1,7,2,1,2011,3,5,0,21.16553893017103
2011-09-08,1,7,2,1,2011,3,8,3,19.586654197628274
2011-09-09,1,7,2,1,2011,3,9,4,25.827490648221207
2011-09-11,1,7,2,1,2011,3,11,6,25.558117986165904
2011-09-14,1,7,2,1,2011,3,14,2,26.593588489624427
2011-09-16,1,7,2,1,2011,3,16,4,34.79519136721832
2011-09-18,1,7,2,1,2011,3,18,6,44.658893525413745
2011-09-20,1,7,2,1,2011,3,20,1,101.4941701440603
2011-09-21,1,7,2,1,2011,3,21,2,79.83312760804523
2011-09-23,1,7,2,1,2011,3,23,4,61.11234570603392
2011-09-26,1,7,2,1,2011,3,26,0,49.54675927952544
2011-09-27,1,7,2,1,2011,3,27,1,40.872569459644076
2011-09-28,1,7,2,1,2011,3,28,2,40.55442709473306
2011-09-29,1,7,2,1,2011,3,29,3,31.653320321049794
2011-10-03,1,7,2,1,2011,4,3,0,27.45249024078735
2011-10-04,1,7,2,1,2011,4,4,1,24.30186768059051
2011-10-06,1,7,2,1,2011,4,6,3,21.938900760442884
2011-10-07,1,7,2,1,2011,4,7,4,35.01667557033217
2011-10-09,1,7,2,1,2011,4,9,6,28.737506677749128
2011-10-11,1,7,2,1,2011,4,11,1,55.55313000831185
2011-10-12,1,7,2,1,2011,4,12,2,45.37734750623388
2011-10-13,1,7,2,1,2011,4,13,3,35.27051062967541
2011-10-17,1,7,2,1,2011,4,17,0,30.165382972256552
2011-10-19,1,7,2,1,2011,4,19,2,36.236537229192415
2011-10-21,1,7,2,1,2011,4,21,4,42.027402921894314
2011-10-23,1,7,2,1,2011,4,23,6,32.75805219142073
2011-10-25,1,7,2,1,2011,4,25,1,34.46853914356555
2011-10-26,1,7,2,1,2011,4,26,2,29.56390435767416
2011-10-27,1,7,2,1,2011,4,27,3,34.54792826825562
2011-10-28,1,7,2,1,2011,4,28,4,29.62344620119171
2011-10-30,1,7,2,1,2011,4,30,6,25.930084650893782
2011-10-31,1,7,2,1,2011,4,31,0,26.87256348817034
2011-11-01,1,7,2,1,2011,4,1,1,108.86692261612777
2011-11-02,1,7,2,1,2011,4,2,2,86.60019196209582
2011-11-04,1,7,2,1,2011,4,4,4,73.61264397157186
2011-11-08,1,7,2,1,2011,4,8,1,56.44698297867889
2011-11-09,1,7,2,1,2011,4,9,2,47.28523723400917
2011-11-10,1,7,2,1,2011,4,10,3,37.93892792550688
2011-11-15,1,7,2,1,2011,4,15,1,35.87919594413016
2011-11-16,1,7,2,1,2011,4,16,2,36.80939695809762
2011-11-17,1,7,2,1,2011,4,17,3,31.31954771857322
2011-11-18,1,7,2,1,2011,4,18,4,32.15216078892992
2011-11-20,1,7,2,1,2011,4,20,6,25.35162059169744
2011-11-23,1,7,2,1,2011,4,23,2,23.96371544377308
2011-11-25,1,7,2,1,2011,4,25,4,19.21028658282981
2011-11-29,1,7,2,1,2011,4,29,1,34.20771493712236
2011-12-02,1,7,2,1,2011,4,2,4,35.55578620284177
2011-12-05,1,7,2,1,2011,4,5,0,34.09183965213133
2011-12-07,1,7,2,1,2011,4,7,2,29.281379739098497
2011-12-08,1,7,2,1,2011,4,8,3,36.811034804323874
2011-05-08,1,8,3,1,2011,2,8,6,6.24
2011-05-09,1,8,3,1,2011,2,9,0,16.12
2011-05-10,1,8,3,1,2011,2,10,1,17.29
2011-05-11,1,8,3,1,2011,2,11,2,19.4025
2011-05-13,1,8,3,1,2011,2,13,4,64.501875
2011-05-15,1,8,3,1,2011,2,15,6,53.576406250000005
2011-05-16,1,8,3,1,2011,2,16,0,105.08230468750001
2011-05-17,1,8,3,1,2011,2,17,1,84.01172851562501
2011-05-18,1,8,3,1,2011,2,18,2,117.83379638671876
2011-05-19,1,8,3,1,2011,2,19,3,114.63534729003908
2011-05-20,1,8,3,1,2011,2,20,4,96.05151046752931
2011-05-25,1,8,3,1,2011,2,25,2,77.238632850647
2011-05-26,1,8,3,1,2011,2,26,3,62.80397463798525
2011-05-29,1,8,3,1,2011,2,29,6,52.30298097848894
2011-05-31,1,8,3,1,2011,2,31,1,49.627235733866705
2011-06-02,1,8,3,1,2011,2,2,3,49.700426800400024
2011-06-05,1,8,3,1,2011,2,5,6,40.39532010030002
2011-06-06,1,8,3,1,2011,2,6,0,35.49649007522502
2011-06-07,1,8,3,1,2011,2,7,1,42.22236755641877
2011-06-09,1,8,3,1,2011,2,9,3,47.26677566731408
2011-06-10,1,8,3,1,2011,2,10,4,40.65008175048556
2011-06-12,1,8,3,1,2011,2,12,6,32.047561312864175
2011-06-14,1,8,3,1,2011,2,14,1,29.23567098464813
2011-06-16,1,8,3,1,2011,2,16,3,32.0017532384861
2011-06-17,1,8,3,1,2011,2,17,4,39.60131492886458
2011-06-21,1,8,3,1,2011,2,21,1,30.740986196648436
2011-06-22,1,8,3,1,2011,2,22,2,73.00573964748634
2011-06-23,1,8,3,1,2011,2,23,3,68.27430473561475
2011-06-27,1,8,3,1,2011,2,27,0,62.64572855171106
2011-06-30,1,8,3,1,2011,2,30,3,52.1842964137833
2011-07-01,1,8,3,1,2011,3,1,4,44.33822231033748
2011-07-05,1,8,3,1,2011,3,5,1,38.45366673275311
2011-07-06,1,8,3,1,2011,3,6,2,29.360250049564836
2011-07-07,1,8,3,1,2011,3,7,3,27.220187537173626
2011-07-08,1,8,3,1,2011,3,8,4,32.37514065288022
2011-07-13,1,8,3,1,2011,3,13,2,29.481355489660164
2011-07-14,1,8,3,1,2011,3,14,3,72.06101661724513
2011-07-17,1,8,3,1,2011,3,17,6,99.83576246293384
2011-07-18,1,8,3,1,2011,3,18,0,95.67682184720037
2011-07-20,1,8,3,1,2011,3,20,2,77.47761638540028
2011-07-21,1,8,3,1,2011,3,21,3,63.30821228905022
2011-07-24,1,8,3,1,2011,3,24,6,186.93115921678765
2011-07-25,1,8,3,1,2011,3,25,0,145.39836941259074
2011-07-26,1,8,3,1,2011,3,26,1,109.56877705944305
2011-07-27,1,8,3,1,2011,3,27,2,87.37658279458229
2011-07-28,1,8,3,1,2011,3,28,3,75.93243709593672
2011-07-29,1,8,3,1,2011,3,29,4,68.90932782195253
2011-07-31,1,8,3,1,2011,3,31,6,52.7219958664644
2011-08-03,1,8,3,1,2011,3,3,2,46.8214968998483
2011-08-04,1,8,3,1,2011,3,4,3,79.86612267488623
2011-08-09,1,8,3,1,2011,3,9,1,75.49959200616468
2011-08-12,1,8,3,1,2011,3,12,4,61.82469400462351
2011-08-14,1,8,3,1,2011,3,14,6,51.56852050346764
2011-08-17,1,8,3,1,2011,3,17,2,55.316390377600726
2011-08-18,1,8,3,1,2011,3,18,3,99.75729278320054
2011-08-19,1,8,3,1,2011,3,19,4,106.0179695874004
2011-08-22,1,8,3,1,2011,3,22,0,80.55347719055031
2011-08-23,1,8,3,1,2011,3,23,1,65.61510789291273
2011-08-24,1,8,3,1,2011,3,24,2,54.41133091968455
2011-08-25,1,8,3,1,2011,3,25,3,41.328498189763415
2011-08-26,1,8,3,1,2011,3,26,4,41.39637364232256
2011-08-31,1,8,3,1,2011,3,31,2,75.79728023174192
2011-09-01,1,8,3,1,2011,3,1,3,63.60796017380644
2011-09-02,1,8,3,1,2011,3,2,4,52.90597013035483
2011-09-04,1,8,3,1,2011,3,4,6,44.879477597766126
2011-09-05,1,8,3,1,2011,3,5,0,44.05960819832459
2011-09-08,1,8,3,1,2011,3,8,3,43.44470614874344
2011-09-09,1,8,3,1,2011,3,9,4,37.78352961155758
2011-09-12,1,8,3,1,2011,3,12,0,34.057647208668186
2011-09-14,1,8,3,1,2011,3,14,2,35.94323540650114
2011-09-15,1,8,3,1,2011,3,15,3,30.077426554875853
2011-09-16,1,8,3,1,2011,3,16,4,39.19806991615689
2011-09-18,1,8,3,1,2011,3,18,6,34.59855243711767
2011-09-19,1,8,3,1,2011,3,19,0,41.548914327838254
2011-09-20,1,8,3,1,2011,3,20,1,36.361685745878695
2011-09-23,1,8,3,1,2011,3,23,4,32.47126430940902
2011-09-25,1,8,3,1,2011,3,25,6,29.553448232056766
2011-09-26,1,8,3,1,2011,3,26,0,22.685086174042574
2011-09-27,1,8,3,1,2011,3,27,1,22.21381463053193
2011-09-28,1,8,3,1,2011,3,28,2,17.70036097289895
2011-09-29,1,8,3,1,2011,3,29,3,18.47527072967421
2011-09-30,1,8,3,1,2011,3,30,4,14.896453047255658
2011-10-03,1,8,3,1,2011,4,3,0,16.372339785441742
2011-10-04,1,8,3,1,2011,4,4,1,17.479254839081307
2011-10-05,1,8,3,1,2011,4,5,2,192.109441129311
2011-10-06,1,8,3,1,2011,4,6,3,154.48208084698325
2011-10-07,1,8,3,1,2011,4,7,4,122.10156063523743
2011-10-10,1,8,3,1,2011,4,10,0,92.09617047642807
2011-10-11,1,8,3,1,2011,4,11,1,113.82212785732105
2011-10-13,1,8,3,1,2011,4,13,3,85.88659589299078
2011-10-14,1,8,3,1,2011,4,14,4,74.8149469197431
2011-10-17,1,8,3,1,2011,4,17,0,72.23121018980733
2011-10-18,1,8,3,1,2011,4,18,1,69.7734076423555
2011-10-23,1,8,3,1,2011,4,23,6,55.97005573176662
2011-10-25,1,8,3,1,2011,4,25,1,57.57754179882497
2011-10-26,1,8,3,1,2011,4,26,2,43.70315634911873
2011-10-27,1,8,3,1,2011,4,27,3,58.777367261839046
2011-11-01,1,8,3,1,2011,4,1,1,66.44302544637928
2011-11-02,1,8,3,1,2011,4,2,2,65.43226908478445
2011-11-03,1,8,3,1,2011,4,3,3,62.59420181358834
2011-11-04,1,8,3,1,2011,4,4,4,57.345651360191255
2011-11-06,1,8,3,1,2011,4,6,6,53.40923852014344
2011-11-11,1,8,3,1,2011,4,11,4,45.25692889010758
2011-11-13,1,8,3,1,2011,4,13,6,39.66269666758068
2011-11-14,1,8,3,1,2011,4,14,0,118.24702250068552
2011-11-15,1,8,3,1,2011,4,15,1,89.72526687551415
2011-11-18,1,8,3,1,2011,4,18,4,72.49395015663562
2011-11-20,1,8,3,1,2011,4,20,6,59.57046261747672
2011-11-21,1,8,3,1,2011,4,21,0,46.75784696310754
2011-11-22,1,8,3,1,2011,4,22,1,35.58838522233066
2011-11-27,1,8,3,1,2011,4,27,6,29.811288916747994
2011-11-28,1,8,3,1,2011,4,28,0,32.758466687561
2011-11-29,1,8,3,1,2011,4,29,1,25.088850015670747
2011-11-30,1,8,3,1,2011,4,30,2,19.33663751175306
2011-12-01,1,8,3,1,2011,4,1,3,19.702478133814797
2011-12-02,1,8,3,1,2011,4,2,4,25.1768586003611
2011-12-04,1,8,3,1,2011,4,4,6,29.282643950270824
2011-12-05,1,8,3,1,2011,4,5,0,111.46198296270312
2011-12-07,1,8,3,1,2011,4,7,2,100.75648722202733
2011-12-08,1,8,3,1,2011,4,8,3,80.7673654165205
2011-03-16,1,9,4,1,2011,1,16,2,8.305391922501228
2011-03-17,1,9,4,1,2011,1,17,3,7.05404394187592
2011-03-21,1,9,4,1,2011,1,21,0,9.41553295640694
2011-03-22,1,9,4,1,2011,1,22,1,8.299149717305205
2011-03-23,1,9,4,1,2011,1,23,2,10.349362287978904
2011-03-24,1,9,4,1,2011,1,24,3,13.949521715984178
2011-04-01,1,9,4,1,2011,2,1,4,14.587141286988134
2011-04-07,1,9,4,1,2011,2,7,3,12.5903559652411
2011-04-11,1,9,4,1,2011,2,11,0,13.567766973930825
2011-04-13,1,9,4,1,2011,2,13,2,18.42582523044812
2011-04-15,1,9,4,1,2011,2,15,4,22.06936892283609
2011-04-18,1,9,4,1,2011,2,18,0,22.32702669212707
2011-04-21,1,9,4,1,2011,2,21,3,17.5702700190953
2011-04-26,1,9,4,1,2011,2,26,1,17.302702514321474
2011-05-03,1,9,4,1,2011,2,3,1,17.102026885741104
2011-05-05,1,9,4,1,2011,2,5,3,17.77652016430583
2011-05-08,1,9,4,1,2011,2,8,6,14.56989012322937
2011-05-09,1,9,4,1,2011,2,9,0,15.464917592422028
2011-05-10,1,9,4,1,2011,2,10,1,15.723688194316521
2011-05-11,1,9,4,1,2011,2,11,2,12.61776614573739
2011-05-13,1,9,4,1,2011,2,13,4,17.713324609303044
2011-05-16,1,9,4,1,2011,2,16,0,14.934993456977283
2011-05-20,1,9,4,1,2011,2,20,4,19.45124509273296
2011-05-23,1,9,4,1,2011,2,23,0,16.65093381954972
2011-05-24,1,9,4,1,2011,2,24,1,16.61320036466229
2011-05-25,1,9,4,1,2011,2,25,2,12.872400273496718
2011-05-29,1,9,4,1,2011,2,29,6,11.716800205122539
2011-05-31,1,9,4,1,2011,2,31,1,17.037600153841904
2011-06-01,1,9,4,1,2011,2,1,2,15.253200115381427
2011-06-02,1,9,4,1,2011,2,2,3,17.62740008653607
2011-06-06,1,9,4,1,2011,2,6,0,18.995550064902055
2011-06-07,1,9,4,1,2011,2,7,1,22.49666254867654
2011-06-08,1,9,4,1,2011,2,8,2,17.697496911507404
2011-06-09,1,9,4,1,2011,2,9,3,14.510622683630555
2011-06-10,1,9,4,1,2011,2,10,4,15.007967012722915
2011-06-16,1,9,4,1,2011,2,16,3,12.493475259542187
2011-06-17,1,9,4,1,2011,2,17,4,10.19510644465664
2011-06-21,1,9,4,1,2011,2,21,1,8.88382983349248
2011-06-22,1,9,4,1,2011,2,22,2,8.31287237511936
2011-06-27,1,9,4,1,2011,2,27,0,8.70965428133952
2011-06-30,1,9,4,1,2011,2,30,3,11.48224071100464
2011-07-01,1,9,4,1,2011,3,1,4,12.73668053325348
2011-07-05,1,9,4,1,2011,3,5,1,11.615010399940111
2011-07-06,1,9,4,1,2011,3,6,2,9.948757799955082
2011-07-07,1,9,4,1,2011,3,7,3,11.586568349966312
2011-07-08,1,9,4,1,2011,3,8,4,12.814926262474733
2011-07-13,1,9,4,1,2011,3,13,2,10.02369469685605
2011-07-15,1,9,4,1,2011,3,15,4,11.642771022642037
2011-07-17,1,9,4,1,2011,3,17,6,25.64457826698153
2011-07-19,1,9,4,1,2011,3,19,1,23.77093370023615
2011-07-20,1,9,4,1,2011,3,20,2,21.95320027517711
2011-07-21,1,9,4,1,2011,3,21,3,52.714900206382836
2011-07-24,1,9,4,1,2011,3,24,6,43.66117515478713
2011-07-28,1,9,4,1,2011,3,28,3,35.63338136609035
2011-07-29,1,9,4,1,2011,3,29,4,30.85003602456776
2011-08-02,1,9,4,1,2011,3,2,1,27.26252701842582
2011-08-03,1,9,4,1,2011,3,3,2,22.096895263819363
2011-08-04,1,9,4,1,2011,3,4,3,28.947671447864522
2011-08-05,1,9,4,1,2011,3,5,4,22.123253585898393
2011-08-09,1,9,4,1,2011,3,9,1,24.842440189423794
2011-08-11,1,9,4,1,2011,3,11,3,19.456830142067844
2011-08-12,1,9,4,1,2011,3,12,4,18.717622606550883
2011-08-14,1,9,4,1,2011,3,14,6,14.863216954913161
2011-08-15,1,9,4,1,2011,3,15,0,11.55991271618487
2011-08-16,1,9,4,1,2011,3,16,1,16.91993453713865
2011-08-17,1,9,4,1,2011,3,17,2,19.289950902853988
2011-08-18,1,9,4,1,2011,3,18,3,18.59246317714049
2011-08-19,1,9,4,1,2011,3,19,4,18.06934738285537
2011-08-22,1,9,4,1,2011,3,22,0,16.02701053714153
2011-08-23,1,9,4,1,2011,3,23,1,21.50775790285615
2011-08-24,1,9,4,1,2011,3,24,2,21.08081842714211
2011-08-26,1,9,4,1,2011,3,26,4,19.935613820356583
2011-08-28,1,9,4,1,2011,3,28,6,15.364210365267438
2011-08-31,1,9,4,1,2011,3,31,2,23.89815777395058
2011-09-01,1,9,4,1,2011,3,1,3,28.648618330462938
2011-09-05,1,9,4,1,2011,3,5,0,26.848963747847204
2011-09-09,1,9,4,1,2011,3,9,4,24.674222810885404
2011-09-12,1,9,4,1,2011,3,12,0,22.630667108164054
2011-09-13,1,9,4,1,2011,3,13,1,22.33550033112304
2011-09-15,1,9,4,1,2011,3,15,3,21.70162524834228
2011-09-18,1,9,4,1,2011,3,18,6,21.226218936256707
2011-09-19,1,9,4,1,2011,3,19,0,24.16966420219253
2011-09-23,1,9,4,1,2011,3,23,4,22.252248151644395
2011-09-27,1,9,4,1,2011,3,27,1,20.814186113733296
2011-09-28,1,9,4,1,2011,3,28,2,16.43563958529997
2011-09-30,1,9,4,1,2011,3,30,4,17.68922968897498
2011-10-05,1,9,4,1,2011,4,5,2,17.391922266731235
2011-10-09,1,9,4,1,2011,4,9,6,13.868941700048426
2011-10-10,1,9,4,1,2011,4,10,0,13.289206275036321
2011-10-11,1,9,4,1,2011,4,11,1,14.09190470627724
2011-10-13,1,9,4,1,2011,4,13,3,15.93142852970793
2011-10-17,1,9,4,1,2011,4,17,0,20.198571397280947
2011-10-21,1,9,4,1,2011,4,21,4,27.52392854796071
2011-10-25,1,9,4,1,2011,4,25,1,21.467946410970534
2011-10-27,1,9,4,1,2011,4,27,3,20.6384598082279
2011-10-28,1,9,4,1,2011,4,28,4,16.716344856170924
2011-10-30,1,9,4,1,2011,4,30,6,17.074758642128195
2011-11-06,1,9,4,1,2011,4,6,6,17.756068981596144
2011-11-09,1,9,4,1,2011,4,9,2,17.442051736197108
2011-11-11,1,9,4,1,2011,4,11,4,17.206538802147833
2011-11-13,1,9,4,1,2011,4,13,6,17.442404101610876
2011-11-20,1,9,4,1,2011,4,20,6,14.319303076208158
2011-11-21,1,9,4,1,2011,4,21,0,14.864477307156118
2011-11-22,1,9,4,1,2011,4,22,1,11.973357980367087
2011-11-23,1,9,4,1,2011,4,23,2,13.105018485275316
2011-11-25,1,9,4,1,2011,4,25,4,13.953763863956487
2011-11-27,1,9,4,1,2011,4,27,6,14.590322897967365
2011-11-28,1,9,4,1,2011,4,28,0,15.067742173475523
2011-11-29,1,9,4,1,2011,4,29,1,16.25080663010664
2011-11-30,1,9,4,1,2011,4,30,2,13.013104972579981
2011-12-02,1,9,4,1,2011,4,2,4,13.884828729434986
2011-12-05,1,9,4,1,2011,4,5,0,14.53862154707624
2011-12-06,1,9,4,1,2011,4,6,1,12.55396616030718
2011-12-07,1,9,4,1,2011,4,7,2,13.540474620230384
2011-07-15,1,10,0,1,2011,3,15,4,45.563397474214426
2011-07-21,1,10,0,1,2011,3,21,3,38.59754810566082
2011-07-27,1,10,0,1,2011,3,27,2,33.37316107924562
2011-08-14,1,10,0,1,2011,3,14,6,27.242370809434213
2011-08-21,1,10,0,1,2011,3,21,6,22.644278107075657
2011-08-24,1,10,0,1,2011,3,24,2,18.458208580306746
2011-09-04,1,10,0,1,2011,3,4,6,22.69365643523006
2011-09-05,1,10,0,1,2011,3,5,0,30.295242326422546
2011-09-09,1,10,0,1,2011,3,9,4,27.146431744816912
2011-09-12,1,10,0,1,2011,3,12,0,38.05982380861269
2011-09-13,1,10,0,1,2011,3,13,1,38.86986785645952
2011-09-15,1,10,0,1,2011,3,15,3,54.652400892344644
2011-09-16,1,10,0,1,2011,3,16,4,58.689300669258486
2011-09-19,1,10,0,1,2011,3,19,0,52.86697550194386
2011-09-21,1,10,0,1,2011,3,21,2,44.07523162645789
2011-09-22,1,10,0,1,2011,3,22,3,72.88142371984343
2011-09-25,1,10,0,1,2011,3,25,6,59.08606778988256
2011-09-27,1,10,0,1,2011,3,27,1,76.45205084241192
2011-09-29,1,10,0,1,2011,3,29,3,62.50153813180894
2011-10-02,1,10,0,1,2011,4,2,6,54.9886535988567
2011-10-03,1,10,0,1,2011,4,3,0,50.09149019914253
2011-10-04,1,10,0,1,2011,4,4,1,72.23111764935689
2011-10-06,1,10,0,1,2011,4,6,3,60.81083823701767
2011-10-10,1,10,0,1,2011,4,10,0,59.62062867776326
2011-10-11,1,10,0,1,2011,4,11,1,66.84047150832245
2011-10-12,1,10,0,1,2011,4,12,2,60.45535363124184
2011-10-17,1,10,0,1,2011,4,17,0,67.46651522343139
2011-10-18,1,10,0,1,2011,4,18,1,57.237386417573546
2011-10-19,1,10,0,1,2011,4,19,2,48.82803981318016
2011-10-20,1,10,0,1,2011,4,20,3,92.78352985988512
2011-10-21,1,10,0,1,2011,4,21,4,70.32514739491384
2011-10-23,1,10,0,1,2011,4,23,6,53.48136054618538
2011-10-24,1,10,0,1,2011,4,24,0,74.77352040963903
2011-10-25,1,10,0,1,2011,4,25,1,61.98014030722927
2011-10-27,1,10,0,1,2011,4,27,3,65.66010523042195
2011-11-01,1,10,0,1,2011,4,1,1,52.195078922816464
2011-11-02,1,10,0,1,2011,4,2,2,53.15880919211235
2011-11-03,1,10,0,1,2011,4,3,3,40.60660689408426
2011-11-04,1,10,0,1,2011,4,4,4,42.9924551705632
2011-11-06,1,10,0,1,2011,4,6,6,44.04434137792239
2011-11-07,1,10,0,1,2011,4,7,0,38.93325603344179
2011-11-08,1,10,0,1,2011,4,8,1,39.524942025081344
2011-11-09,1,10,0,1,2011,4,9,2,72.106206518811
2011-11-10,1,10,0,1,2011,4,10,3,65.87965488910825
2011-11-13,1,10,0,1,2011,4,13,6,61.94724116683119
2011-11-14,1,10,0,1,2011,4,14,0,53.097930875123396
2011-11-15,1,10,0,1,2011,4,15,1,74.91094815634256
2011-11-16,1,10,0,1,2011,4,16,2,86.10821111725691
2011-11-17,1,10,0,1,2011,4,17,3,108.51865833794268
2011-11-18,1,10,0,1,2011,4,18,4,148.18899375345703
2011-11-20,1,10,0,1,2011,4,20,6,122.20424531509278
2011-11-21,1,10,0,1,2011,4,21,0,104.9281839863196
2011-11-22,1,10,0,1,2011,4,22,1,105.2461379897397
2011-11-23,1,10,0,1,2011,4,23,2,118.75960349230478
2011-11-24,1,10,0,1,2011,4,24,3,98.65720261922858
2011-11-25,1,10,0,1,2011,4,25,4,75.46790196442143
2011-11-27,1,10,0,1,2011,4,27,6,58.81342647331607
2011-11-28,1,10,0,1,2011,4,28,0,44.84756985498705
2011-11-29,1,10,0,1,2011,4,29,1,46.910677391240284
2011-11-30,1,10,0,1,2011,4,30,2,44.033008043430215
2011-12-01,1,10,0,1,2011,4,1,3,75.06225603257266
2011-12-02,1,10,0,1,2011,4,2,4,84.3216920244295
2011-12-04,1,10,0,1,2011,4,4,6,78.72876901832213
2011-12-05,1,10,0,1,2011,4,5,0,60.5215767637416
2011-12-07,1,10,0,1,2011,4,7,2,79.00368257280621
2011-12-08,1,10,0,1,2011,4,8,3,63.67776192960466
2011-03-14,1,11,1,1,2011,1,14,0,39.470197744506
2011-03-17,1,11,1,1,2011,1,17,3,35.9776483083795
2011-03-20,1,11,1,1,2011,1,20,6,29.533236231284626
2011-03-22,1,11,1,1,2011,1,22,1,23.637427173463468
2011-03-24,1,11,1,1,2011,1,24,3,19.853070380097602
2011-03-31,1,11,1,1,2011,1,31,3,17.4398027850732
2011-04-03,1,11,1,1,2011,2,3,6,14.354852088804902
2011-04-04,1,11,1,1,2011,2,4,0,13.316139066603675
2011-04-07,1,11,1,1,2011,2,7,3,40.94960429995275
2011-04-10,1,11,1,1,2011,2,10,6,34.11220322496457
2011-04-12,1,11,1,1,2011,2,12,1,26.859152418723426
2011-04-21,1,11,1,1,2011,2,21,3,38.99436431404257
2011-04-26,1,11,1,1,2011,2,26,1,34.77077323553193
2011-05-03,1,11,1,1,2011,2,3,1,31.178079926648948
2011-05-04,1,11,1,1,2011,2,4,2,27.42105994498671
2011-05-08,1,11,1,1,2011,2,8,6,25.240794958740032
2011-05-09,1,11,1,1,2011,2,9,0,23.605596219055027
2011-05-11,1,11,1,1,2011,2,11,2,21.95419716429127
2011-05-16,1,11,1,1,2011,2,16,0,22.41564787321845
2011-05-18,1,11,1,1,2011,2,18,2,19.36173590491384
2011-05-27,1,11,1,1,2011,2,27,4,788.5213019286854
2011-06-01,1,11,1,1,2011,2,1,2,592.2409764465141
2011-06-05,1,11,1,1,2011,2,5,6,445.66823233488554
2011-06-06,1,11,1,1,2011,2,6,0,337.8636742511642
2011-06-09,1,11,1,1,2011,2,9,3,258.71025568837314
2011-06-12,1,11,1,1,2011,2,12,6,195.52019176627988
2011-06-14,1,11,1,1,2011,2,14,1,164.64014382470992
2011-06-17,1,11,1,1,2011,2,17,4,133.25510786853243
2011-06-19,1,11,1,1,2011,2,19,6,110.14133090139933
2011-06-20,1,11,1,1,2011,2,20,0,85.1559981760495
2011-06-21,1,11,1,1,2011,2,21,1,66.20449863203713
2011-06-23,1,11,1,1,2011,2,23,3,57.30337397402784
2011-06-24,1,11,1,1,2011,2,24,4,60.97753048052088
2011-06-27,1,11,1,1,2011,2,27,0,46.58314786039066
2011-06-30,1,11,1,1,2011,2,30,3,39.612360895292994
2011-07-04,1,11,1,1,2011,3,4,0,30.771770671469746
2011-07-08,1,11,1,1,2011,3,8,4,64.17882800360232
2011-07-12,1,11,1,1,2011,3,12,1,48.34662100270174
2011-07-14,1,11,1,1,2011,3,14,3,37.5349657520263
2011-07-17,1,11,1,1,2011,3,17,6,30.27622431401973
2011-07-18,1,11,1,1,2011,3,18,0,27.807168235514794
2011-07-19,1,11,1,1,2011,3,19,1,28.505376176636094
2011-07-20,1,11,1,1,2011,3,20,2,26.26653213247707
2011-07-24,1,11,1,1,2011,3,24,6,22.249899099357805
2011-07-28,1,11,1,1,2011,3,28,3,17.537424324518355
2011-07-29,1,11,1,1,2011,3,29,4,28.453068243388763
2011-08-04,1,11,1,1,2011,3,4,3,22.61480118254157
2011-08-05,1,11,1,1,2011,3,5,4,19.511100886906178
2011-08-08,1,11,1,1,2011,3,8,0,17.183325665179634
2011-08-12,1,11,1,1,2011,3,12,4,30.887494248884725
2011-08-14,1,11,1,1,2011,3,14,6,28.265620686663546
2011-08-17,1,11,1,1,2011,3,17,2,26.936715514997662
2011-08-22,1,11,1,1,2011,3,22,0,22.752536636248248
2011-09-01,1,11,1,1,2011,3,1,3,19.614402477186186
2011-09-02,1,11,1,1,2011,3,2,4,32.710801857889635
2011-09-04,1,11,1,1,2011,3,4,6,27.083101393417227
2011-09-05,1,11,1,1,2011,3,5,0,26.26232604506292
2011-09-08,1,11,1,1,2011,3,8,3,20.12174453379719
2011-09-09,1,11,1,1,2011,3,9,4,16.791308400347894
2011-09-16,1,11,1,1,2011,3,16,4,15.14348130026092
2011-09-19,1,11,1,1,2011,3,19,0,39.557610975195686
2011-09-23,1,11,1,1,2011,3,23,4,32.218208231396765
2011-09-29,1,11,1,1,2011,3,29,3,26.713656173547573
2011-10-02,1,11,1,1,2011,4,2,6,20.46024213016068
2011-10-03,1,11,1,1,2011,4,3,0,17.89518159762051
2011-10-04,1,11,1,1,2011,4,4,1,16.39638619821538
2011-10-06,1,11,1,1,2011,4,6,3,14.422289648661536
2011-10-09,1,11,1,1,2011,4,9,6,13.366717236496154
2011-10-10,1,11,1,1,2011,4,10,0,10.662537927372114
2011-10-13,1,11,1,1,2011,4,13,3,25.996903445529085
2011-10-14,1,11,1,1,2011,4,14,4,22.047677584146815
2011-10-17,1,11,1,1,2011,4,17,0,16.960758188110113
2011-10-18,1,11,1,1,2011,4,18,1,32.69556864108259
2011-10-19,1,11,1,1,2011,4,19,2,26.64667648081194
2011-10-23,1,11,1,1,2011,4,23,6,21.260007360608952
2011-10-25,1,11,1,1,2011,4,25,1,21.895005520456714
2011-10-26,1,11,1,1,2011,4,26,2,18.971254140342534
2011-10-27,1,11,1,1,2011,4,27,3,16.7784406052569
2011-10-28,1,11,1,1,2011,4,28,4,22.783830453942674
2011-10-30,1,11,1,1,2011,4,30,6,18.362872840457005
2011-10-31,1,11,1,1,2011,4,31,0,23.972154630342754
2011-11-01,1,11,1,1,2011,4,1,1,44.479115972757064
2011-11-02,1,11,1,1,2011,4,2,2,33.9968369795678
2011-11-04,1,11,1,1,2011,4,4,4,33.57262773467585
2011-11-06,1,11,1,1,2011,4,6,6,32.40447080100689
2011-11-08,1,11,1,1,2011,4,8,1,28.765853100755166
2011-11-09,1,11,1,1,2011,4,9,2,31.774389825566374
2011-11-10,1,11,1,1,2011,4,10,3,28.93079236917478
2011-11-11,1,11,1,1,2011,4,11,4,23.823094276881086
2011-11-13,1,11,1,1,2011,4,13,6,28.067320707660816
2011-11-14,1,11,1,1,2011,4,14,0,22.962990530745614
2011-11-15,1,11,1,1,2011,4,15,1,19.77224289805921
2011-11-16,1,11,1,1,2011,4,16,2,20.14168217354441
2011-11-18,1,11,1,1,2011,4,18,4,17.65626163015831
2011-11-20,1,11,1,1,2011,4,20,6,13.667196222618731
2011-11-21,1,11,1,1,2011,4,21,0,28.25039716696405
2011-11-22,1,11,1,1,2011,4,22,1,22.462797875223036
2011-11-25,1,11,1,1,2011,4,25,4,18.122098406417276
2011-11-27,1,11,1,1,2011,4,27,6,17.416573804812955
2011-11-28,1,11,1,1,2011,4,28,0,21.349930353609714
2011-11-29,1,11,1,1,2011,4,29,1,56.68744776520728
2011-11-30,1,11,1,1,2011,4,30,2,63.70308582390546
2011-12-01,1,11,1,1,2011,4,1,3,58.61481436792909
2011-12-02,1,11,1,1,2011,4,2,4,46.08611077594682
2011-12-06,1,11,1,1,2011,4,6,1,35.627083081960116
2011-12-08,1,11,1,1,2011,4,8,3,29.27031231147009
2011-05-17,1,12,2,1,2011,2,17,1,23.466492116592654
2011-05-18,1,12,2,1,2011,2,18,2,28.324869087444487
2011-05-19,1,12,2,1,2011,2,19,3,37.39365181558337
2011-05-20,1,12,2,1,2011,2,20,4,42.54523886168752
2011-05-22,1,12,2,1,2011,2,22,6,45.93392914626564
2011-05-23,1,12,2,1,2011,2,23,0,44.350446859699225
2011-05-25,1,12,2,1,2011,2,25,2,36.56283514477442
2011-05-29,1,12,2,1,2011,2,29,6,29.897126358580813
2011-05-31,1,12,2,1,2011,2,31,1,25.722844768935612
2011-06-02,1,12,2,1,2011,2,2,3,32.904633576701706
2011-06-03,1,12,2,1,2011,2,3,4,39.17847518252628
2011-06-05,1,12,2,1,2011,2,5,6,30.621356386894707
2011-06-06,1,12,2,1,2011,2,6,0,27.91601729017103
2011-06-07,1,12,2,1,2011,2,7,1,28.362012967628274
2011-06-08,1,12,2,1,2011,2,8,2,22.921509725721204
2011-06-13,1,12,2,1,2011,2,13,0,18.0161322942909
2011-06-14,1,12,2,1,2011,2,14,1,15.987099220718177
2011-06-15,1,12,2,1,2011,2,15,2,14.052824415538632
2011-06-19,1,12,2,1,2011,2,19,6,11.364618311653974
2011-06-22,1,12,2,1,2011,2,22,2,23.02346373374048
2011-06-26,1,12,2,1,2011,2,26,6,18.50509780030536
2011-07-03,1,12,2,1,2011,3,3,6,14.703823350229019
2011-07-05,1,12,2,1,2011,3,5,1,25.877867512671763
2011-07-08,1,12,2,1,2011,3,8,4,24.35840063450382
2011-07-11,1,12,2,1,2011,3,11,0,19.093800475877863
2011-07-13,1,12,2,1,2011,3,13,2,19.270350356908395
2011-07-17,1,12,2,1,2011,3,17,6,15.277762767681295
2011-07-19,1,12,2,1,2011,3,19,1,11.870822075760971
2011-07-21,1,12,2,1,2011,3,21,3,10.55311655682073
2011-07-24,1,12,2,1,2011,3,24,6,9.977337417615548
2011-07-26,1,12,2,1,2011,3,26,1,12.433003063211661
2011-07-28,1,12,2,1,2011,3,28,3,14.274752297408746
2011-07-31,1,12,2,1,2011,3,31,6,11.531064223056559
2011-08-04,1,12,2,1,2011,3,4,3,14.010798167292418
2011-08-05,1,12,2,1,2011,3,5,4,15.870598625469311
2011-08-09,1,12,2,1,2011,3,9,1,21.802948969101983
2011-08-15,1,12,2,1,2011,3,15,0,21.30221172682649
2011-08-18,1,12,2,1,2011,3,18,3,20.926658795119867
2011-08-21,1,12,2,1,2011,3,21,6,17.3449940963399
2011-08-24,1,12,2,1,2011,3,24,2,27.508745572254924
2011-08-25,1,12,2,1,2011,3,25,3,25.581559179191192
2011-09-01,1,12,2,1,2011,3,1,3,22.486169384393396
2011-09-09,1,12,2,1,2011,3,9,4,17.689627038295047
2011-09-11,1,12,2,1,2011,3,11,6,14.092220278721285
2011-09-12,1,12,2,1,2011,3,12,0,20.469165209040963
2011-09-13,1,12,2,1,2011,3,13,1,22.36437390678072
2011-09-15,1,12,2,1,2011,3,15,3,31.273280430085542
2011-09-16,1,12,2,1,2011,3,16,4,28.404960322564154
2011-09-21,1,12,2,1,2011,3,21,2,26.253720241923116
2011-09-22,1,12,2,1,2011,3,22,3,22.990290181442337
2011-09-23,1,12,2,1,2011,3,23,4,22.192717636081753
2011-09-27,1,12,2,1,2011,3,27,1,21.594538227061314
2011-09-28,1,12,2,1,2011,3,28,2,26.508403670295984
2011-09-29,1,12,2,1,2011,3,29,3,24.831302752721985
2011-10-04,1,12,2,1,2011,4,4,1,20.68597706454149
2011-10-06,1,12,2,1,2011,4,6,3,16.751982798406118
2011-10-07,1,12,2,1,2011,4,7,4,17.513987098804588
2011-10-13,1,12,2,1,2011,4,13,3,13.54799032410344
2011-10-14,1,12,2,1,2011,4,14,4,15.93599274307758
2011-10-16,1,12,2,1,2011,4,16,6,12.776994557308186
2011-10-17,1,12,2,1,2011,4,17,0,12.057745917981139
2011-10-19,1,12,2,1,2011,4,19,2,14.818309438485855
2011-10-20,1,12,2,1,2011,4,20,3,11.52623207886439
2011-10-21,1,12,2,1,2011,4,21,4,18.544674059148292
2011-10-23,1,12,2,1,2011,4,23,6,15.14600554436122
2011-10-25,1,12,2,1,2011,4,25,1,12.597004158270916
2011-10-27,1,12,2,1,2011,4,27,3,14.397753118703186
2011-10-28,1,12,2,1,2011,4,28,4,15.748314839027389
2011-10-30,1,12,2,1,2011,4,30,6,20.06123612927054
2011-10-31,1,12,2,1,2011,4,31,0,16.283427096952906
2011-11-01,1,12,2,1,2011,4,1,1,17.16257032271468
2011-11-02,1,12,2,1,2011,4,2,2,14.109427742036008
2011-11-03,1,12,2,1,2011,4,3,3,15.532070806527006
2011-11-04,1,12,2,1,2011,4,4,4,17.836553104895255
2011-11-06,1,12,2,1,2011,4,6,6,17.50241482867144
2011-11-13,1,12,2,1,2011,4,13,6,17.66431112150358
2011-11-15,1,12,2,1,2011,4,15,1,18.198233341127683
2011-11-16,1,12,2,1,2011,4,16,2,18.598675005845763
2011-11-17,1,12,2,1,2011,4,17,3,16.83650625438432
2011-11-18,1,12,2,1,2011,4,18,4,32.83987969078824
2011-11-20,1,12,2,1,2011,4,20,6,30.817409768091178
2011-11-23,1,12,2,1,2011,4,23,2,37.96305732606838
2011-11-25,1,12,2,1,2011,4,25,4,32.59729299455128
2011-11-28,1,12,2,1,2011,4,28,0,25.685469745913462
2011-11-29,1,12,2,1,2011,4,29,1,29.989102309435093
2011-12-02,1,12,2,1,2011,4,2,4,23.72932673207632
2011-12-04,1,12,2,1,2011,4,4,6,19.03449504905724
2011-12-05,1,12,2,1,2011,4,5,0,19.22587128679293
2011-12-06,1,12,2,1,2011,4,6,1,15.656903465094697
2011-12-08,1,12,2,1,2011,4,8,3,12.567677598821021
2011-03-14,1,13,3,1,2011,1,14,0,48.46061444112648
2011-03-20,1,13,3,1,2011,1,20,6,48.145460830844854
2011-03-21,1,13,3,1,2011,1,21,0,44.95909562313364
2011-03-24,1,13,3,1,2011,1,24,3,34.45682171735023
2011-03-29,1,13,3,1,2011,1,29,1,39.11761628801267
2011-03-31,1,13,3,1,2011,1,31,3,33.76321221600951
2011-04-03,1,13,3,1,2011,2,3,6,26.79740916200713
2011-04-05,1,13,3,1,2011,2,5,1,21.57305687150535
2011-04-07,1,13,3,1,2011,2,7,3,22.817292653629014
2011-04-08,1,13,3,1,2011,2,8,4,21.537969490221762
2011-04-10,1,13,3,1,2011,2,10,6,17.62847711766632
2011-04-11,1,13,3,1,2011,2,11,0,22.071357838249742
2011-04-12,1,13,3,1,2011,2,12,1,47.891018378687306
2011-04-15,1,13,3,1,2011,2,15,4,38.86826378401548
2011-04-18,1,13,3,1,2011,2,18,0,32.83869783801161
2011-04-20,1,13,3,1,2011,2,20,2,42.32902337850871
2011-04-28,1,13,3,1,2011,2,28,3,40.59676753388153
2011-05-01,1,13,3,1,2011,2,1,6,39.29757565041115
2011-05-04,1,13,3,1,2011,2,4,2,30.21068173780836
2011-05-06,1,13,3,1,2011,2,6,4,27.083011303356272
2011-05-13,1,13,3,1,2011,2,13,4,24.737258477517205
2011-05-16,1,13,3,1,2011,2,16,0,36.25294385813791
2011-05-17,1,13,3,1,2011,2,17,1,34.56470789360343
2011-05-18,1,13,3,1,2011,2,18,2,34.773530920202575
2011-05-19,1,13,3,1,2011,2,19,3,37.14264819015193
2011-05-20,1,13,3,1,2011,2,20,4,32.281986142613945
2011-05-22,1,13,3,1,2011,2,22,6,54.81148960696046
2011-05-23,1,13,3,1,2011,2,23,0,45.53361720522034
2011-05-27,1,13,3,1,2011,2,27,4,38.57521290391526
2011-06-02,1,13,3,1,2011,2,2,3,33.35640967793644
2011-06-03,1,13,3,1,2011,2,3,4,55.61730725845233
2011-06-05,1,13,3,1,2011,2,5,6,42.45048044383924
2011-06-06,1,13,3,1,2011,2,6,0,36.26286033287943
2011-06-07,1,13,3,1,2011,2,7,1,31.62214524965957
2011-06-10,1,13,3,1,2011,2,10,4,29.616608937244678
2011-06-12,1,13,3,1,2011,2,12,6,25.162456702933508
2011-06-14,1,13,3,1,2011,2,14,1,32.14684252720013
2011-06-15,1,13,3,1,2011,2,15,2,28.535131895400095
2011-06-17,1,13,3,1,2011,2,17,4,23.613848921550073
2011-06-19,1,13,3,1,2011,2,19,6,22.135386691162555
2011-06-22,1,13,3,1,2011,2,22,2,18.81404001837192
2011-06-23,1,13,3,1,2011,2,23,3,19.27303001377894
2011-06-26,1,13,3,1,2011,2,26,6,18.879772510334206
2011-06-30,1,13,3,1,2011,2,30,3,18.584829382750655
2011-07-05,1,13,3,1,2011,3,5,1,18.363622037062992
2011-07-06,1,13,3,1,2011,3,6,2,18.197716527797244
2011-07-08,1,13,3,1,2011,3,8,4,22.498287395847935
2011-07-13,1,13,3,1,2011,3,13,2,21.29871554688595
2011-07-15,1,13,3,1,2011,3,15,4,20.399036660164462
2011-07-17,1,13,3,1,2011,3,17,6,21.199277495123347
2011-07-19,1,13,3,1,2011,3,19,1,23.274458121342512
2011-07-20,1,13,3,1,2011,3,20,2,52.48084359100688
2011-07-21,1,13,3,1,2011,3,21,3,43.78563269325517
2011-07-24,1,13,3,1,2011,3,24,6,36.526724519941375
2011-07-29,1,13,3,1,2011,3,29,4,31.82004338995603
2011-07-31,1,13,3,1,2011,3,31,6,26.077532542467026
2011-08-04,1,13,3,1,2011,3,4,3,20.29564940685027
2011-08-09,1,13,3,1,2011,3,9,1,24.071737055137703
2011-08-15,1,13,3,1,2011,3,15,0,26.90380279135328
2011-08-16,1,13,3,1,2011,3,16,1,33.45285209351496
2011-08-17,1,13,3,1,2011,3,17,2,33.939639070136224
2011-08-18,1,13,3,1,2011,3,18,3,33.56722930260217
2011-08-25,1,13,3,1,2011,3,25,3,60.20042197695163
2011-09-01,1,13,3,1,2011,3,1,3,54.00031648271372
2011-09-02,1,13,3,1,2011,3,2,4,42.71273736203529
2011-09-07,1,13,3,1,2011,3,7,2,36.459553021526474
2011-09-08,1,13,3,1,2011,3,8,3,57.944664766144854
2011-09-09,1,13,3,1,2011,3,9,4,44.19599857460864
2011-09-11,1,13,3,1,2011,3,11,6,39.04699893095648
2011-09-13,1,13,3,1,2011,3,13,1,42.56024919821736
2011-09-18,1,13,3,1,2011,3,18,6,35.60768689866302
2011-09-20,1,13,3,1,2011,3,20,1,31.130765173997265
2011-09-23,1,13,3,1,2011,3,23,4,26.29807388049795
2011-09-28,1,13,3,1,2011,3,28,2,28.573555410373462
2011-10-04,1,13,3,1,2011,4,4,1,47.9801665577801
2011-10-05,1,13,3,1,2011,4,5,2,40.41012491833507
2011-10-06,1,13,3,1,2011,4,6,3,41.370093688751304
2011-10-11,1,13,3,1,2011,4,11,1,33.97757026656348
2011-10-12,1,13,3,1,2011,4,12,2,29.908177699922614
2011-10-13,1,13,3,1,2011,4,13,3,28.331133274941962
2011-10-16,1,13,3,1,2011,4,16,6,43.373349956206475
2011-10-17,1,13,3,1,2011,4,17,0,36.95501246715486
2011-10-18,1,13,3,1,2011,4,18,1,28.453759350366145
2011-10-19,1,13,3,1,2011,4,19,2,25.76531951277461
2011-10-27,1,13,3,1,2011,4,27,3,23.011489634580958
2011-10-28,1,13,3,1,2011,4,28,4,61.13361722593572
2011-11-03,1,13,3,1,2011,4,3,3,47.32521291945179
2011-11-04,1,13,3,1,2011,4,4,4,43.606409689588844
2011-11-06,1,13,3,1,2011,4,6,6,37.867307267191634
2011-11-08,1,13,3,1,2011,4,8,1,37.250480450393724
2011-11-09,1,13,3,1,2011,4,9,2,41.21286033779529
2011-11-10,1,13,3,1,2011,4,10,3,35.334645253346466
2011-11-11,1,13,3,1,2011,4,11,4,27.23848394000985
2011-11-13,1,13,3,1,2011,4,13,6,27.80386295500739
2011-11-15,1,13,3,1,2011,4,15,1,27.490397216255545
2011-11-16,1,13,3,1,2011,4,16,2,25.04279791219166
2011-11-17,1,13,3,1,2011,4,17,3,20.994598434143747
2011-11-18,1,13,3,1,2011,4,18,4,24.595948825607813
2011-11-20,1,13,3,1,2011,4,20,6,19.18446161920586
2011-11-22,1,13,3,1,2011,4,22,1,18.813346214404394
2011-11-23,1,13,3,1,2011,4,23,2,22.960009660803298
2011-11-24,1,13,3,1,2011,4,24,3,18.695007245602476
2011-11-25,1,13,3,1,2011,4,25,4,22.871255434201856
2011-11-28,1,13,3,1,2011,4,28,0,19.36594157565139
2011-11-29,1,13,3,1,2011,4,29,1,35.17445618173855
2011-11-30,1,13,3,1,2011,4,30,2,27.855842136303913
2011-12-01,1,13,3,1,2011,4,1,3,38.591881602227936
2011-12-02,1,13,3,1,2011,4,2,4,33.368911201670954
2011-12-04,1,13,3,1,2011,4,4,6,29.451683401253216
2011-12-05,1,13,3,1,2011,4,5,0,26.513762550939912
2011-03-14,1,14,4,1,2011,1,14,0,1.8276752767264397
2011-03-20,1,14,4,1,2011,1,20,6,1.8457564575448298
2011-03-21,1,14,4,1,2011,1,21,0,1.6218173431586222
2011-03-24,1,14,4,1,2011,1,24,3,1.4538630073689667
2011-04-01,1,14,4,1,2011,2,1,4,1.565397255526725
2011-04-05,1,14,4,1,2011,2,5,1,1.8865479416450437
2011-04-10,1,14,4,1,2011,2,10,6,2.6024109562337827
2011-04-12,1,14,4,1,2011,2,12,1,2.189308217175337
2011-04-18,1,14,4,1,2011,2,18,0,2.1169811628815025
2011-04-26,1,14,4,1,2011,2,26,1,1.8252358721611268
2011-05-03,1,14,4,1,2011,2,3,1,1.843926904120845
2011-05-08,1,14,4,1,2011,2,8,6,1.8579451780906338
2011-05-11,1,14,4,1,2011,2,11,2,1.6309588835679754
2011-05-13,1,14,4,1,2011,2,13,4,2.1732191626759816
2011-05-18,1,14,4,1,2011,2,18,2,1.8674143720069862
2011-05-19,1,14,4,1,2011,2,19,3,1.8755607790052395
2011-05-20,1,14,4,1,2011,2,20,4,2.5941705842539298
2011-05-25,1,14,4,1,2011,2,25,2,6.695627938190447
2011-06-02,1,14,4,1,2011,2,2,3,5.259220953642835
2011-06-09,1,14,4,1,2011,2,9,3,6.319415715232125
2011-06-12,1,14,4,1,2011,2,12,6,5.214561786424094
2011-06-20,1,14,4,1,2011,2,20,0,4.62342133981807
2011-06-22,1,14,4,1,2011,2,22,2,3.942566004863553
2011-06-26,1,14,4,1,2011,2,26,6,3.1944245036476646
2011-06-30,1,14,4,1,2011,2,30,3,3.1083183777357486
2011-07-03,1,14,4,1,2011,3,3,6,2.8062387833018114
2011-07-06,1,14,4,1,2011,3,6,2,2.3421790874763584
2011-07-07,1,14,4,1,2011,3,7,3,2.231634315607269
2011-07-14,1,14,4,1,2011,3,14,3,2.1487257367054515
2011-07-15,1,14,4,1,2011,3,15,4,2.086544302529089
2011-07-17,1,14,4,1,2011,3,17,6,2.5149082268968166
2011-07-18,1,14,4,1,2011,3,18,0,2.3611811701726126
2011-07-19,1,14,4,1,2011,3,19,1,2.4833858776294595
2011-07-28,1,14,4,1,2011,3,28,3,2.337539408222095
2011-07-29,1,14,4,1,2011,3,29,4,1.9906545561665712
2011-07-31,1,14,4,1,2011,3,31,6,1.9679909171249284
2011-08-03,1,14,4,1,2011,3,3,2,1.9509931878436961
2011-08-19,1,14,4,1,2011,3,19,4,1.700744890882772
2011-08-22,1,14,4,1,2011,3,22,0,1.7505586681620788
2011-08-28,1,14,4,1,2011,3,28,6,2.262919001121559
2011-09-04,1,14,4,1,2011,3,4,6,2.172189250841169
2011-09-13,1,14,4,1,2011,3,13,1,1.8666419381308768
2011-09-18,1,14,4,1,2011,3,18,6,1.6374814535981577
2011-09-22,1,14,4,1,2011,3,22,3,1.4656110901986183
2011-09-23,1,14,4,1,2011,3,23,4,1.5742083176489636
2011-09-25,1,14,4,1,2011,3,25,6,1.4181562382367228
2011-09-26,1,14,4,1,2011,3,26,0,1.538617178677542
2011-09-29,1,14,4,1,2011,3,29,3,1.3914628840081564
2011-10-02,1,14,4,1,2011,4,2,6,1.9935971630061173
2011-10-04,1,14,4,1,2011,4,4,1,2.207697872254588
2011-10-09,1,14,4,1,2011,4,9,6,3.3182734041909407
2011-10-10,1,14,4,1,2011,4,10,0,3.2012050531432057
2011-10-11,1,14,4,1,2011,4,11,1,2.638403789857404
2011-10-13,1,14,4,1,2011,4,13,3,5.066302842393053
2011-10-18,1,14,4,1,2011,4,18,1,5.22472713179479
2011-10-20,1,14,4,1,2011,4,20,3,4.156045348846092
2011-10-23,1,14,4,1,2011,4,23,6,3.829534011634569
2011-10-25,1,14,4,1,2011,4,25,1,3.822150508725927
2011-10-26,1,14,4,1,2011,4,26,2,3.104112881544445
2011-10-30,1,14,4,1,2011,4,30,6,3.515584661158334
2011-11-01,1,14,4,1,2011,4,1,1,3.1116884958687505
2011-11-03,1,14,4,1,2011,4,3,3,3.5212663719015627
2011-11-06,1,14,4,1,2011,4,6,6,3.5909497789261717
2011-11-07,1,14,4,1,2011,4,7,0,3.168212334194629
2011-11-08,1,14,4,1,2011,4,8,1,3.563659250645972
2011-11-13,1,14,4,1,2011,4,13,6,3.147744437984479
2011-11-14,1,14,4,1,2011,4,14,0,6.398308328488358
2011-11-15,1,14,4,1,2011,4,15,1,5.986231246366269
2011-11-16,1,14,4,1,2011,4,16,2,4.964673434774701
2011-11-18,1,14,4,1,2011,4,18,4,5.148505076081026
2011-11-21,1,14,4,1,2011,4,21,0,4.336378807060769
2011-11-22,1,14,4,1,2011,4,22,1,4.202284105295577
2011-11-23,1,14,4,1,2011,4,23,2,3.389213078971683
2011-11-24,1,14,4,1,2011,4,24,3,2.779409809228762
2011-11-27,1,14,4,1,2011,4,27,6,3.7470573569215713
2011-11-29,1,14,4,1,2011,4,29,1,3.5227930176911784
2011-12-02,1,14,4,1,2011,4,2,4,3.117094763268384
2011-12-05,1,14,4,1,2011,4,5,0,2.575321072451288
2011-12-07,1,14,4,1,2011,4,7,2,2.6439908043384657
2011-12-08,1,14,4,1,2011,4,8,3,2.2204931032538493
2011-05-05,1,15,0,1,2011,2,5,3,49.5
2011-05-08,1,15,0,1,2011,2,8,6,76.725
2011-05-09,1,15,0,1,2011,2,9,0,98.38125
2011-05-10,1,15,0,1,2011,2,10,1,86.16093749999999
2011-05-11,1,15,0,1,2011,2,11,2,68.333203125
2011-05-12,1,15,0,1,2011,2,12,3,54.96240234374999
2011-05-13,1,15,0,1,2011,2,13,4,56.071801757812494
2011-05-16,1,15,0,1,2011,2,16,0,59.378851318359374
2011-05-17,1,15,0,1,2011,2,17,1,48.24663848876953
2011-05-18,1,15,0,1,2011,2,18,2,43.60997886657715
2011-05-19,1,15,0,1,2011,2,19,3,43.84498414993287
2011-05-20,1,15,0,1,2011,2,20,4,40.308738112449646
2011-05-22,1,15,0,1,2011,2,22,6,47.55655358433724
2011-05-23,1,15,0,1,2011,2,23,0,65.36741518825293
2011-05-24,1,15,0,1,2011,2,24,1,52.738061391189696
2011-05-25,1,15,0,1,2011,2,25,2,55.64104604339228
2011-05-29,1,15,0,1,2011,2,29,6,54.105784532544206
2011-05-31,1,15,0,1,2011,2,31,1,48.004338399408155
2011-06-01,1,15,0,1,2011,2,1,2,39.71575379955612
2011-06-02,1,15,0,1,2011,2,2,3,39.686815349667086
2011-06-05,1,15,0,1,2011,2,5,6,37.19011151225031
2011-06-06,1,15,0,1,2011,2,6,0,37.792583634187736
2011-06-07,1,15,0,1,2011,2,7,1,37.0069377256408
2011-06-08,1,15,0,1,2011,2,8,2,35.18020329423061
2011-06-09,1,15,0,1,2011,2,9,3,38.760152470672956
2011-06-10,1,15,0,1,2011,2,10,4,30.30761435300472
2011-06-12,1,15,0,1,2011,2,12,6,30.15571076475354
2011-06-13,1,15,0,1,2011,2,13,0,44.89178307356515
2011-06-14,1,15,0,1,2011,2,14,1,38.61883730517387
2011-06-15,1,15,0,1,2011,2,15,2,33.9141279788804
2011-06-17,1,15,0,1,2011,2,17,4,84.73559598416031
2011-06-19,1,15,0,1,2011,2,19,6,67.26419698812023
2011-06-20,1,15,0,1,2011,2,20,0,61.58564774109018
2011-06-21,1,15,0,1,2011,2,21,1,53.61423580581763
2011-06-22,1,15,0,1,2011,2,22,2,43.92317685436322
2011-06-23,1,15,0,1,2011,2,23,3,45.317382640772415
2011-06-27,1,15,0,1,2011,2,27,0,36.46303698057931
2011-07-03,1,15,0,1,2011,3,3,6,34.772277735434486
2011-07-05,1,15,0,1,2011,3,5,1,29.791708301575866
2011-07-07,1,15,0,1,2011,3,7,3,37.1937812261819
2011-07-08,1,15,0,1,2011,3,8,4,35.32033591963642
2011-07-13,1,15,0,1,2011,3,13,2,35.15275193972732
2011-07-14,1,15,0,1,2011,3,14,3,41.21456395479549
2011-07-15,1,15,0,1,2011,3,15,4,45.760922966096615
2011-07-17,1,15,0,1,2011,3,17,6,52.88319222457246
2011-07-18,1,15,0,1,2011,3,18,0,49.56239416842934
2011-07-19,1,15,0,1,2011,3,19,1,58.20929562632201
2011-07-20,1,15,0,1,2011,3,20,2,57.2694717197415
2011-07-21,1,15,0,1,2011,3,21,3,57.80210378980613
2011-07-22,1,15,0,1,2011,3,22,4,50.7765778423546
2011-07-26,1,15,0,1,2011,3,26,1,43.032433381765955
2011-07-28,1,15,0,1,2011,3,28,3,43.41182503632447
2011-07-29,1,15,0,1,2011,3,29,4,39.98386877724336
2011-07-31,1,15,0,1,2011,3,31,6,37.41290158293252
2011-08-03,1,15,0,1,2011,3,3,2,35.48467618719939
2011-08-04,1,15,0,1,2011,3,4,3,30.32600714039954
2011-08-07,1,15,0,1,2011,3,7,6,30.169505355299655
2011-08-12,1,15,0,1,2011,3,12,4,26.33962901647474
2011-08-15,1,15,0,1,2011,3,15,0,40.79222176235606
2011-08-16,1,15,0,1,2011,3,16,1,34.30666632176704
2011-08-18,1,15,0,1,2011,3,18,3,34.39249974132528
2011-08-19,1,15,0,1,2011,3,19,4,29.50687480599396
2011-08-21,1,15,0,1,2011,3,21,6,40.69265610449547
2011-08-22,1,15,0,1,2011,3,22,0,35.4694920783716
2011-08-24,1,15,0,1,2011,3,24,2,42.6896190587787
2011-08-25,1,15,0,1,2011,3,25,3,46.86721429408403
2011-08-26,1,15,0,1,2011,3,26,4,42.57541072056303
2011-09-01,1,15,0,1,2011,3,1,3,33.16905804042227
2011-09-04,1,15,0,1,2011,3,4,6,27.351793530316705
2011-09-05,1,15,0,1,2011,3,5,0,26.701345147737527
2011-09-07,1,15,0,1,2011,3,7,2,21.263508860803146
2011-09-09,1,15,0,1,2011,3,9,4,19.660131645602362
2011-09-11,1,15,0,1,2011,3,11,6,17.220098734201773
2011-09-13,1,15,0,1,2011,3,13,1,20.34007405065133
2011-09-15,1,15,0,1,2011,3,15,3,27.630055537988497
2011-09-19,1,15,0,1,2011,3,19,0,35.57254165349137
2011-09-26,1,15,0,1,2011,3,26,0,30.39190624011853
2011-09-29,1,15,0,1,2011,3,29,3,25.2689296800889
2011-09-30,1,15,0,1,2011,3,30,4,25.139197260066673
2011-10-02,1,15,0,1,2011,4,2,6,21.329397945050005
2011-10-03,1,15,0,1,2011,4,3,0,27.134548458787506
2011-10-04,1,15,0,1,2011,4,4,1,22.82591134409063
2011-10-05,1,15,0,1,2011,4,5,2,24.544433508067975
2011-10-06,1,15,0,1,2011,4,6,3,19.64582513105098
2011-10-10,1,15,0,1,2011,4,10,0,15.971868848288235
2011-10-11,1,15,0,1,2011,4,11,1,19.403901636216176
2011-10-13,1,15,0,1,2011,4,13,3,23.215426227162133
2011-10-17,1,15,0,1,2011,4,17,0,18.6490696703716
2011-10-19,1,15,0,1,2011,4,19,2,16.4618022527787
2011-10-20,1,15,0,1,2011,4,20,3,14.821351689584025
2011-10-23,1,15,0,1,2011,4,23,6,13.591013767188018
2011-10-25,1,15,0,1,2011,4,25,1,13.905760325391014
2011-10-27,1,15,0,1,2011,4,27,3,24.04182024404326
2011-11-01,1,15,0,1,2011,4,1,1,27.931365183032447
2011-11-04,1,15,0,1,2011,4,4,4,28.373523887274334
2011-11-07,1,15,0,1,2011,4,7,0,23.755142915455753
2011-11-09,1,15,0,1,2011,4,9,2,20.291357186591817
2011-11-15,1,15,0,1,2011,4,15,1,18.931017889943863
2011-11-17,1,15,0,1,2011,4,17,3,66.07326341745791
2011-11-21,1,15,0,1,2011,4,21,0,53.267447563093434
2011-11-22,1,15,0,1,2011,4,22,1,41.18808567232007
2011-11-23,1,15,0,1,2011,4,23,2,38.316064254240054
2011-11-29,1,15,0,1,2011,4,29,1,29.974548190680043
2011-12-01,1,15,0,1,2011,4,1,3,26.19341114301003
2011-12-02,1,15,0,1,2011,4,2,4,20.882558357257526
2011-12-04,1,15,0,1,2011,4,4,6,19.374418767943148
2011-12-07,1,15,0,1,2011,4,7,2,18.24331407595736
2011-12-08,1,15,0,1,2011,4,8,3,21.107485556968022
2011-05-08,1,16,1,1,2011,2,8,6,24.75
2011-05-09,1,16,1,1,2011,2,9,0,29.2875
2011-05-10,1,16,1,1,2011,2,10,1,27.328125000000004
2011-05-11,1,16,1,1,2011,2,11,2,29.983593750000004
2011-05-13,1,16,1,1,2011,2,13,4,59.562695312500004
2011-05-16,1,16,1,1,2011,2,16,0,95.772021484375
2011-05-17,1,16,1,1,2011,2,17,1,75.95401611328126
2011-05-20,1,16,1,1,2011,2,20,4,65.21551208496095
2011-05-23,1,16,1,1,2011,2,23,0,57.16163406372071
2011-05-29,1,16,1,1,2011,2,29,6,53.18372554779053
2011-05-31,1,16,1,1,2011,2,31,1,44.0127941608429
2011-06-02,1,16,1,1,2011,2,2,3,35.072095620632176
2011-06-05,1,16,1,1,2011,2,5,6,28.77907171547413
2011-06-06,1,16,1,1,2011,2,6,0,25.7093037866056
2011-06-07,1,16,1,1,2011,2,7,1,23.406977839954198
2011-06-09,1,16,1,1,2011,2,9,3,22.91773337996565
2011-06-10,1,16,1,1,2011,2,10,4,22.138300034974236
2011-06-12,1,16,1,1,2011,2,12,6,18.666225026230677
2011-06-14,1,16,1,1,2011,2,14,1,14.412168769673007
2011-06-16,1,16,1,1,2011,2,16,3,21.121626577254755
2011-06-17,1,16,1,1,2011,2,17,4,19.966219932941065
2011-06-19,1,16,1,1,2011,2,19,6,15.387164949705799
2011-06-21,1,16,1,1,2011,2,21,1,14.015373712279349
2011-06-22,1,16,1,1,2011,2,22,2,18.761530284209513
2011-06-23,1,16,1,1,2011,2,23,3,23.558647713157136
2011-06-27,1,16,1,1,2011,2,27,0,25.91898578486785
2011-06-30,1,16,1,1,2011,2,30,3,20.264239338650885
2011-07-03,1,16,1,1,2011,3,3,6,17.260679503988165
2011-07-05,1,16,1,1,2011,3,5,1,17.07050962799112
2011-07-07,1,16,1,1,2011,3,7,3,16.92788222099334
2011-07-08,1,16,1,1,2011,3,8,4,20.945911665745005
2011-07-11,1,16,1,1,2011,3,11,0,19.834433749308754
2011-07-14,1,16,1,1,2011,3,14,3,15.700825311981564
2011-07-17,1,16,1,1,2011,3,17,6,29.925618983986173
2011-07-18,1,16,1,1,2011,3,18,0,26.981714237989628
2011-07-19,1,16,1,1,2011,3,19,1,24.361285678492223
2011-07-20,1,16,1,1,2011,3,20,2,60.29596425886916
2011-07-21,1,16,1,1,2011,3,21,3,53.47197319415187
2011-07-27,1,16,1,1,2011,3,27,2,44.228979895613904
2011-07-28,1,16,1,1,2011,3,28,3,43.07173492171042
2011-07-29,1,16,1,1,2011,3,29,4,37.66630119128281
2011-07-31,1,16,1,1,2011,3,31,6,29.07472589346211
2011-08-03,1,16,1,1,2011,3,3,2,27.168544420096584
2011-08-04,1,16,1,1,2011,3,4,3,28.62640831507244
2011-08-09,1,16,1,1,2011,3,9,1,29.71980623630433
2011-08-11,1,16,1,1,2011,3,11,3,22.70235467722825
2011-08-12,1,16,1,1,2011,3,12,4,29.40176600792119
2011-08-15,1,16,1,1,2011,3,15,0,26.17632450594089
2011-08-16,1,16,1,1,2011,3,16,1,27.882243379455666
2011-08-17,1,16,1,1,2011,3,17,2,27.099182534591748
2011-08-19,1,16,1,1,2011,3,19,4,24.44938690094381
2011-08-21,1,16,1,1,2011,3,21,6,19.16204017570786
2011-08-22,1,16,1,1,2011,3,22,0,16.021530131780892
2011-08-23,1,16,1,1,2011,3,23,1,17.37864759883567
2011-08-24,1,16,1,1,2011,3,24,2,17.158985699126752
2011-08-25,1,16,1,1,2011,3,25,3,16.994239274345063
2011-08-26,1,16,1,1,2011,3,26,4,20.995679455758797
2011-08-28,1,16,1,1,2011,3,28,6,16.5717595918191
2011-08-31,1,16,1,1,2011,3,31,2,24.803819693864323
2011-09-01,1,16,1,1,2011,3,1,3,30.56536477039824
2011-09-04,1,16,1,1,2011,3,4,6,31.17402357779868
2011-09-05,1,16,1,1,2011,3,5,0,27.50551768334901
2011-09-08,1,16,1,1,2011,3,8,3,24.754138262511756
2011-09-09,1,16,1,1,2011,3,9,4,23.103103696883814
2011-09-11,1,16,1,1,2011,3,11,6,18.15232777266286
2011-09-12,1,16,1,1,2011,3,12,0,18.151745829497145
2011-09-13,1,16,1,1,2011,3,13,1,15.263809372122859
2011-09-14,1,16,1,1,2011,3,14,2,15.572857029092145
2011-09-15,1,16,1,1,2011,3,15,3,52.46714277181911
2011-09-16,1,16,1,1,2011,3,16,4,43.475357078864334
2011-09-19,1,16,1,1,2011,3,19,0,44.98151780914825
2011-09-23,1,16,1,1,2011,3,23,4,37.86113835686119
2011-09-27,1,16,1,1,2011,3,27,1,32.52085376764589
2011-09-28,1,16,1,1,2011,3,28,2,30.165640325734415
2011-09-30,1,16,1,1,2011,3,30,4,32.52423024430081
2011-10-04,1,16,1,1,2011,4,4,1,34.70567268322561
2011-10-06,1,16,1,1,2011,4,6,3,31.804254512419206
2011-10-07,1,16,1,1,2011,4,7,4,24.678190884314404
2011-10-10,1,16,1,1,2011,4,10,0,19.746143163235804
2011-10-11,1,16,1,1,2011,4,11,1,32.95960737242685
2011-10-13,1,16,1,1,2011,4,13,3,27.19470552932014
2011-10-16,1,16,1,1,2011,4,16,6,24.521029146990102
2011-10-17,1,16,1,1,2011,4,17,0,30.765771860242577
2011-10-21,1,16,1,1,2011,4,21,4,27.19932889518193
2011-10-23,1,16,1,1,2011,4,23,6,22.461996671386448
2011-10-25,1,16,1,1,2011,4,25,1,23.858997503539836
2011-10-27,1,16,1,1,2011,4,27,3,19.956748127654876
2011-11-01,1,16,1,1,2011,4,1,1,23.217561095741157
2011-11-02,1,16,1,1,2011,4,2,2,19.88817082180587
2011-11-04,1,16,1,1,2011,4,4,4,19.0411281163544
2011-11-06,1,16,1,1,2011,4,6,6,30.7808460872658
2011-11-07,1,16,1,1,2011,4,7,0,31.33563456544935
2011-11-09,1,16,1,1,2011,4,9,2,27.626725924087012
2011-11-11,1,16,1,1,2011,4,11,4,24.84504444306526
2011-11-13,1,16,1,1,2011,4,13,6,22.346283332298942
2011-11-18,1,16,1,1,2011,4,18,4,20.884712499224207
2011-11-20,1,16,1,1,2011,4,20,6,20.201034374418157
2011-11-22,1,16,1,1,2011,4,22,1,19.275775780813618
2011-11-27,1,16,1,1,2011,4,27,6,18.581831835610213
2011-11-29,1,16,1,1,2011,4,29,1,18.06137387670766
2011-11-30,1,16,1,1,2011,4,30,2,19.321030407530742
2011-12-01,1,16,1,1,2011,4,1,3,28.928272805648056
2011-12-02,1,16,1,1,2011,4,2,4,25.821204604236044
2011-12-05,1,16,1,1,2011,4,5,0,27.615903453177033
2011-12-06,1,16,1,1,2011,4,6,1,25.661927589882776
2011-03-16,1,17,2,1,2011,1,16,2,7.458318660676013
2011-03-17,1,17,2,1,2011,1,17,3,9.71873899550701
2011-03-21,1,17,2,1,2011,1,21,0,11.414054246630258
2011-03-23,1,17,2,1,2011,1,23,2,16.810540684972693
2011-03-24,1,17,2,1,2011,1,24,3,19.20790551372952
2011-03-28,1,17,2,1,2011,1,28,0,14.81842913529714
2011-04-06,1,17,2,1,2011,2,6,2,15.238821851472856
2011-04-11,1,17,2,1,2011,2,11,0,15.554116388604642
2011-04-12,1,17,2,1,2011,2,12,1,15.790587291453482
2011-04-13,1,17,2,1,2011,2,13,2,15.967940468590111
2011-04-15,1,17,2,1,2011,2,15,4,16.100955351442582
2011-04-18,1,17,2,1,2011,2,18,0,12.900716513581937
2011-04-26,1,17,2,1,2011,2,26,1,13.800537385186452
2011-04-28,1,17,2,1,2011,2,28,3,10.762903038889839
2011-05-03,1,17,2,1,2011,2,3,1,12.197177279167379
2011-05-05,1,17,2,1,2011,2,5,3,10.385382959375534
2011-05-09,1,17,2,1,2011,2,9,0,11.501537219531649
2011-05-11,1,17,2,1,2011,2,11,2,9.038652914648736
2011-05-13,1,17,2,1,2011,2,13,4,19.153989685986552
2011-05-16,1,17,2,1,2011,2,16,0,18.490492264489916
2011-05-18,1,17,2,1,2011,2,18,2,14.280369198367437
2011-05-20,1,17,2,1,2011,2,20,4,18.960276898775575
2011-05-25,1,17,2,1,2011,2,25,2,15.04520767408168
2011-05-29,1,17,2,1,2011,2,29,6,12.93390575556126
2011-05-31,1,17,2,1,2011,2,31,1,22.075429316670945
2011-06-01,1,17,2,1,2011,2,1,2,17.381571987503207
2011-06-02,1,17,2,1,2011,2,2,3,17.161178990627405
2011-06-06,1,17,2,1,2011,2,6,0,21.120884242970554
2011-06-09,1,17,2,1,2011,2,9,3,22.028163182227914
2011-06-10,1,17,2,1,2011,2,10,4,20.646122386670935
2011-06-12,1,17,2,1,2011,2,12,6,19.6095917900032
2011-06-16,1,17,2,1,2011,2,16,3,15.9446938425024
2011-06-17,1,17,2,1,2011,2,17,4,16.0835203818768
2011-06-21,1,17,2,1,2011,2,21,1,13.7126402864076
2011-06-24,1,17,2,1,2011,2,24,4,46.5344802148057
2011-06-27,1,17,2,1,2011,2,27,0,43.150860161104276
2011-06-29,1,17,2,1,2011,2,29,2,32.77564512082821
2011-06-30,1,17,2,1,2011,2,30,3,25.406733840621154
2011-07-01,1,17,2,1,2011,3,1,4,23.180050380465865
2011-07-03,1,17,2,1,2011,3,3,6,21.510037785349397
2011-07-07,1,17,2,1,2011,3,7,3,20.257528339012048
2011-07-11,1,17,2,1,2011,3,11,0,23.443146254259034
2011-07-13,1,17,2,1,2011,3,13,2,18.407359690694275
2011-07-14,1,17,2,1,2011,3,14,3,14.630519768020704
2011-07-15,1,17,2,1,2011,3,15,4,15.097889826015528
2011-07-17,1,17,2,1,2011,3,17,6,14.210917369511645
2011-07-19,1,17,2,1,2011,3,19,1,19.320688027133734
2011-07-20,1,17,2,1,2011,3,20,2,14.9030160203503
2011-07-21,1,17,2,1,2011,3,21,3,15.302262015262725
2011-07-25,1,17,2,1,2011,3,25,0,19.726696511447045
2011-07-27,1,17,2,1,2011,3,27,2,27.170022383585284
2011-07-28,1,17,2,1,2011,3,28,3,26.15251678768896
2011-07-29,1,17,2,1,2011,3,29,4,20.439387590766717
2011-07-31,1,17,2,1,2011,3,31,6,15.742040693075039
2011-08-02,1,17,2,1,2011,3,2,1,15.931530519806278
2011-08-03,1,17,2,1,2011,3,3,2,20.19864788985471
2011-08-04,1,17,2,1,2011,3,4,3,63.36148591739103
2011-08-05,1,17,2,1,2011,3,5,4,47.93361443804327
2011-08-09,1,17,2,1,2011,3,9,1,44.200210828532455
2011-08-11,1,17,2,1,2011,3,11,3,33.975158121399346
2011-08-12,1,17,2,1,2011,3,12,4,29.60636859104951
2011-08-14,1,17,2,1,2011,3,14,6,26.742276443287132
2011-08-15,1,17,2,1,2011,3,15,0,21.70670733246535
2011-08-16,1,17,2,1,2011,3,16,1,28.65503049934901
2011-08-17,1,17,2,1,2011,3,17,2,21.90377287451176
2011-08-18,1,17,2,1,2011,3,18,3,20.55282965588382
2011-08-19,1,17,2,1,2011,3,19,4,19.539622241912866
2011-08-22,1,17,2,1,2011,3,22,0,18.77971668143465
2011-08-23,1,17,2,1,2011,3,23,1,31.822287511075988
2011-08-24,1,17,2,1,2011,3,24,2,25.104215633306993
2011-08-25,1,17,2,1,2011,3,25,3,20.478161724980243
2011-08-28,1,17,2,1,2011,3,28,6,16.183621293735182
2011-09-01,1,17,2,1,2011,3,1,3,12.550215970301386
2011-09-06,1,17,2,1,2011,3,6,1,13.537661977726039
2011-09-09,1,17,2,1,2011,3,9,4,18.40324648329453
2011-09-11,1,17,2,1,2011,3,11,6,50.052434862470896
2011-09-12,1,17,2,1,2011,3,12,0,42.48932614685317
2011-09-13,1,17,2,1,2011,3,13,1,36.81699461013988
2011-09-15,1,17,2,1,2011,3,15,3,28.437745957604907
2011-09-22,1,17,2,1,2011,3,22,3,29.57830946820368
2011-09-23,1,17,2,1,2011,3,23,4,26.30873210115276
2011-09-29,1,17,2,1,2011,3,29,3,23.85654907586457
2011-10-04,1,17,2,1,2011,4,4,1,20.36741180689843
2011-10-07,1,17,2,1,2011,4,7,4,15.688058855173823
2011-10-09,1,17,2,1,2011,4,9,6,12.591044141380367
2011-10-10,1,17,2,1,2011,4,10,0,13.155783106035276
2011-10-11,1,17,2,1,2011,4,11,1,20.591837329526456
2011-10-16,1,17,2,1,2011,4,16,6,19.568877997144842
2011-10-20,1,17,2,1,2011,4,20,3,16.32665849785863
2011-10-25,1,17,2,1,2011,4,25,1,14.307493873393973
2011-10-27,1,17,2,1,2011,4,27,3,12.38062040504548
2011-10-28,1,17,2,1,2011,4,28,4,13.82296530378411
2011-10-30,1,17,2,1,2011,4,30,6,11.192223977838083
2011-11-02,1,17,2,1,2011,4,2,2,10.869167983378562
2011-11-03,1,17,2,1,2011,4,3,3,12.276875987533922
2011-11-06,1,17,2,1,2011,4,6,6,14.157656990650441
2011-11-07,1,17,2,1,2011,4,7,0,13.918242742987832
2011-11-08,1,17,2,1,2011,4,8,1,10.851182057240875
2011-11-10,1,17,2,1,2011,4,10,3,10.613386542930655
2011-11-13,1,17,2,1,2011,4,13,6,12.497539907197991
2011-11-18,1,17,2,1,2011,4,18,4,9.785654930398493
2011-11-20,1,17,2,1,2011,4,20,6,15.58924119779887
2011-11-21,1,17,2,1,2011,4,21,0,19.941930898349153
2011-11-22,1,17,2,1,2011,4,22,1,16.606448173761862
2011-11-25,1,17,2,1,2011,4,25,4,17.404836130321396
2011-11-29,1,17,2,1,2011,4,29,1,17.178627097741046
2011-11-30,1,17,2,1,2011,4,30,2,18.246470323305786
2011-12-01,1,17,2,1,2011,4,1,3,17.80985274247934
2011-12-07,1,17,2,1,2011,4,7,2,17.482389556859506
2011-03-14,1,18,3,1,2011,1,14,0,11.90353557819112
2011-03-17,1,18,3,1,2011,1,17,3,13.87765168364334
2011-03-21,1,18,3,1,2011,1,21,0,14.533238762732505
2011-03-22,1,18,3,1,2011,1,22,1,11.724929072049378
2011-03-24,1,18,3,1,2011,1,24,3,13.331196804037033
2011-03-28,1,18,3,1,2011,1,28,0,10.410897603027774
2011-03-29,1,18,3,1,2011,1,29,1,9.04567320227083
2011-04-01,1,18,3,1,2011,2,1,4,10.909254901703122
2011-04-04,1,18,3,1,2011,2,4,0,12.306941176277341
2011-04-10,1,18,3,1,2011,2,10,6,13.355205882208006
2011-04-13,1,18,3,1,2011,2,13,2,14.141404411656005
2011-04-18,1,18,3,1,2011,2,18,0,16.793553308742005
2011-04-20,1,18,3,1,2011,2,20,2,20.845164981556504
2011-04-21,1,18,3,1,2011,2,21,3,16.458873736167376
2011-04-26,1,18,3,1,2011,2,26,1,17.29415530212553
2011-04-27,1,18,3,1,2011,2,27,2,17.09561647659415
2011-04-28,1,18,3,1,2011,2,28,3,14.059212357445613
2011-05-06,1,18,3,1,2011,2,6,4,11.78190926808421
2011-05-08,1,18,3,1,2011,2,8,6,12.961431951063158
2011-05-09,1,18,3,1,2011,2,9,0,11.371073963297368
2011-05-11,1,18,3,1,2011,2,11,2,9.765805472473026
2011-05-13,1,18,3,1,2011,2,13,4,12.27435410435477
2011-05-16,1,18,3,1,2011,2,16,0,10.030765578266077
2011-05-20,1,18,3,1,2011,2,20,4,11.648074183699558
2011-05-25,1,18,3,1,2011,2,25,2,9.97355563777467
2011-05-29,1,18,3,1,2011,2,29,6,11.605166728331003
2011-05-31,1,18,3,1,2011,2,31,1,12.828875046248253
2011-06-08,1,18,3,1,2011,2,8,2,10.446656284686188
2011-06-09,1,18,3,1,2011,2,9,3,9.897492213514642
2011-06-10,1,18,3,1,2011,2,10,4,9.485619160135982
2011-06-12,1,18,3,1,2011,2,12,6,11.239214370101987
2011-06-14,1,18,3,1,2011,2,14,1,12.55441077757649
2011-06-24,1,18,3,1,2011,2,24,4,9.828308083182366
2011-06-27,1,18,3,1,2011,2,27,0,9.433731062386775
2011-06-29,1,18,3,1,2011,2,29,2,8.312798296790081
2011-06-30,1,18,3,1,2011,2,30,3,10.77209872259256
2011-07-01,1,18,3,1,2011,3,1,4,12.20407404194442
2011-07-03,1,18,3,1,2011,3,3,6,9.978055531458313
2011-07-06,1,18,3,1,2011,3,6,2,8.721041648593735
2011-07-08,1,18,3,1,2011,3,8,4,10.665781236445302
2011-07-13,1,18,3,1,2011,3,13,2,8.824335927333976
2011-07-15,1,18,3,1,2011,3,15,4,10.743251945500482
2011-07-17,1,18,3,1,2011,3,17,6,8.469938959125361
2011-07-19,1,18,3,1,2011,3,19,1,11.302454219344021
2011-07-20,1,18,3,1,2011,3,20,2,12.601840664508016
2011-07-25,1,18,3,1,2011,3,25,0,13.576380498381011
2011-07-26,1,18,3,1,2011,3,26,1,11.007285373785757
2011-07-28,1,18,3,1,2011,3,28,3,11.55546403033932
2011-07-29,1,18,3,1,2011,3,29,4,11.141598022754488
2011-08-02,1,18,3,1,2011,3,2,1,12.481198517065867
2011-08-03,1,18,3,1,2011,3,3,2,13.4858988877994
2011-08-04,1,18,3,1,2011,3,4,3,22.48942416584955
2011-08-07,1,18,3,1,2011,3,7,6,17.27956812438716
2011-08-09,1,18,3,1,2011,3,9,1,25.33467609329037
2011-08-15,1,18,3,1,2011,3,15,0,19.41350706996778
2011-08-16,1,18,3,1,2011,3,16,1,22.810130302475834
2011-08-17,1,18,3,1,2011,3,17,2,18.757597726856872
2011-08-19,1,18,3,1,2011,3,19,4,18.193198295142654
2011-08-22,1,18,3,1,2011,3,22,0,15.294898721356992
2011-08-23,1,18,3,1,2011,3,23,1,20.546174041017743
2011-08-25,1,18,3,1,2011,3,25,3,17.059630530763307
2011-08-26,1,18,3,1,2011,3,26,4,21.04472289807248
2011-08-28,1,18,3,1,2011,3,28,6,16.19604217355436
2011-09-01,1,18,3,1,2011,3,1,3,15.859531630165769
2011-09-02,1,18,3,1,2011,3,2,4,16.019648722624325
2011-09-05,1,18,3,1,2011,3,5,0,13.252236541968244
2011-09-13,1,18,3,1,2011,3,13,1,10.764177406476183
2011-09-15,1,18,3,1,2011,3,15,3,10.135633054857138
2011-09-16,1,18,3,1,2011,3,16,4,11.726724791142853
2011-09-20,1,18,3,1,2011,3,20,1,12.92004359335714
2011-09-22,1,18,3,1,2011,3,22,3,10.102532695017855
2011-09-23,1,18,3,1,2011,3,23,4,7.98939952126339
2011-09-28,1,18,3,1,2011,3,28,2,10.117049640947542
2011-09-30,1,18,3,1,2011,3,30,4,9.650287230710656
2011-10-04,1,18,3,1,2011,4,4,1,15.487715423032991
2011-10-06,1,18,3,1,2011,4,6,3,12.853286567274743
2011-10-09,1,18,3,1,2011,4,9,6,10.464964925456057
2011-10-10,1,18,3,1,2011,4,10,0,10.736223694092043
2011-10-11,1,18,3,1,2011,4,11,1,12.589667770569031
2011-10-13,1,18,3,1,2011,4,13,3,9.854750827926773
2011-10-17,1,18,3,1,2011,4,17,0,9.45356312094508
2011-10-21,1,18,3,1,2011,4,21,4,11.215172340708811
2011-10-25,1,18,3,1,2011,4,25,1,10.473879255531608
2011-10-27,1,18,3,1,2011,4,27,3,8.267909441648706
2011-10-28,1,18,3,1,2011,4,28,4,6.61343208123653
2011-10-30,1,18,3,1,2011,4,30,6,5.372574060927397
2011-11-01,1,18,3,1,2011,4,1,1,4.854430545695547
2011-11-02,1,18,3,1,2011,4,2,2,5.703322909271661
2011-11-06,1,18,3,1,2011,4,6,6,8.814992181953745
2011-11-07,1,18,3,1,2011,4,7,0,14.86124413646531
2011-11-08,1,18,3,1,2011,4,8,1,11.970933102348981
2011-11-09,1,18,3,1,2011,4,9,2,13.103199826761736
2011-11-13,1,18,3,1,2011,4,13,6,11.889899870071302
2011-11-16,1,18,3,1,2011,4,16,2,21.292424902553478
2011-11-18,1,18,3,1,2011,4,18,4,16.794318676915108
2011-11-20,1,18,3,1,2011,4,20,6,17.133239007686328
2011-11-22,1,18,3,1,2011,4,22,1,21.924929255764745
2011-11-24,1,18,3,1,2011,4,24,3,20.56869694182356
2011-11-25,1,18,3,1,2011,4,25,4,16.66402270636767
2011-11-28,1,18,3,1,2011,4,28,0,16.623017029775752
2011-11-29,1,18,3,1,2011,4,29,1,16.592262772331814
2011-11-30,1,18,3,1,2011,4,30,2,14.50669707924886
2011-12-01,1,18,3,1,2011,4,1,3,15.005022809436646
2011-12-04,1,18,3,1,2011,4,4,6,15.378767107077485
2011-12-06,1,18,3,1,2011,4,6,1,12.359075330308112
2011-03-14,1,19,4,1,2011,1,14,0,14.60197032332419
2011-03-15,1,19,4,1,2011,1,15,1,14.251477742493144
2011-03-17,1,19,4,1,2011,1,17,3,13.988608306869859
2011-03-20,1,19,4,1,2011,1,20,6,13.791456230152395
2011-03-24,1,19,4,1,2011,1,24,3,17.768592172614298
2011-03-29,1,19,4,1,2011,1,29,1,19.926444129460723
2011-04-03,1,19,4,1,2011,2,3,6,15.357333097095543
2011-04-04,1,19,4,1,2011,2,4,0,18.667999822821656
2011-04-05,1,19,4,1,2011,2,5,1,17.300999867116243
2011-04-07,1,19,4,1,2011,2,7,3,14.213249900337182
2011-04-10,1,19,4,1,2011,2,10,6,10.797437425252886
2011-04-11,1,19,4,1,2011,2,11,0,11.948078068939665
2011-04-12,1,19,4,1,2011,2,12,1,10.61105855170475
2011-04-14,1,19,4,1,2011,2,14,3,14.558293913778563
2011-04-15,1,19,4,1,2011,2,15,4,14.218720435333923
2011-04-18,1,19,4,1,2011,2,18,0,11.214040326500443
2011-04-20,1,19,4,1,2011,2,20,2,15.010530244875333
2011-04-21,1,19,4,1,2011,2,21,3,11.3953976836565
2011-04-26,1,19,4,1,2011,2,26,1,12.534048262742376
2011-04-28,1,19,4,1,2011,2,28,3,12.975536197056783
2011-05-01,1,19,4,1,2011,2,1,6,13.031652147792588
2011-05-03,1,19,4,1,2011,2,3,1,13.073739110844443
2011-05-04,1,19,4,1,2011,2,4,2,13.380304333133331
2011-05-05,1,19,4,1,2011,2,5,3,13.33522824985
2011-05-08,1,19,4,1,2011,2,8,6,16.6014211873875
2011-05-09,1,19,4,1,2011,2,9,0,12.726065890540626
2011-05-11,1,19,4,1,2011,2,11,2,16.55704941790547
2011-05-16,1,19,4,1,2011,2,16,0,16.405287063429103
2011-05-18,1,19,4,1,2011,2,18,2,18.90396529757183
2011-05-31,1,19,4,1,2011,2,31,1,17.477973973178873
2011-06-02,1,19,4,1,2011,2,2,3,16.408480479884155
2011-06-05,1,19,4,1,2011,2,5,6,15.606360359913117
2011-06-10,1,19,4,1,2011,2,10,4,12.254770269934838
2011-06-12,1,19,4,1,2011,2,12,6,10.703577702451128
2011-06-14,1,19,4,1,2011,2,14,1,8.165183276838345
2011-06-15,1,19,4,1,2011,2,15,2,9.423887457628759
2011-06-16,1,19,4,1,2011,2,16,3,10.36791559322157
2011-06-17,1,19,4,1,2011,2,17,4,11.075936694916178
2011-06-19,1,19,4,1,2011,2,19,6,8.444452521187133
2011-06-22,1,19,4,1,2011,2,22,2,6.60833939089035
2011-06-30,1,19,4,1,2011,2,30,3,5.231254543167763
2011-07-01,1,19,4,1,2011,3,1,4,7.223440907375823
2011-07-03,1,19,4,1,2011,3,3,6,5.555080680531867
2011-07-04,1,19,4,1,2011,3,4,0,10.7663105103989
2011-07-14,1,19,4,1,2011,3,14,3,8.212232882799174
2011-07-15,1,19,4,1,2011,3,15,4,16.05917466209938
2011-07-28,1,19,4,1,2011,3,28,3,12.181880996574534
2011-08-03,1,19,4,1,2011,3,3,2,9.9614107474309
2011-08-04,1,19,4,1,2011,3,4,3,20.071058060573176
2011-08-12,1,19,4,1,2011,3,12,4,18.35329354542988
2011-08-14,1,19,4,1,2011,3,14,6,14.177470159072412
2011-08-18,1,19,4,1,2011,3,18,3,17.233102619304308
2011-08-24,1,19,4,1,2011,3,24,2,16.49982696447823
2011-08-26,1,19,4,1,2011,3,26,4,15.674870223358674
2011-09-01,1,19,4,1,2011,3,1,3,15.056152667519006
2011-09-02,1,19,4,1,2011,3,2,4,14.592114500639255
2011-09-04,1,19,4,1,2011,3,4,6,14.244085875479442
2011-09-06,1,19,4,1,2011,3,6,1,13.983064406609582
2011-09-08,1,19,4,1,2011,3,8,3,17.087298304957187
2011-09-09,1,19,4,1,2011,3,9,4,19.55297372871789
2011-09-11,1,19,4,1,2011,3,11,6,27.264730296538417
2011-09-13,1,19,4,1,2011,3,13,1,27.048547722403814
2011-09-15,1,19,4,1,2011,3,15,3,21.11141079180286
2011-09-18,1,19,4,1,2011,3,18,6,16.246058093852145
2011-09-27,1,19,4,1,2011,3,27,1,15.48454357038911
2011-10-04,1,19,4,1,2011,4,4,1,14.913407677791835
2011-10-06,1,19,4,1,2011,4,6,3,14.485055758343876
2011-10-07,1,19,4,1,2011,4,7,4,17.463791818757908
2011-10-10,1,19,4,1,2011,4,10,0,16.39784386406843
2011-10-13,1,19,4,1,2011,4,13,3,15.598382898051323
2011-10-16,1,19,4,1,2011,4,16,6,14.998787173538492
2011-10-17,1,19,4,1,2011,4,17,0,14.54909038015387
2011-10-20,1,19,4,1,2011,4,20,3,14.211817785115404
2011-10-23,1,19,4,1,2011,4,23,6,13.958863338836554
2011-10-24,1,19,4,1,2011,4,24,0,11.019147504127417
2011-10-25,1,19,4,1,2011,4,25,1,8.539360628095563
2011-10-28,1,19,4,1,2011,4,28,4,31.604520471071673
2011-11-02,1,19,4,1,2011,4,2,2,27.003390353303754
2011-11-03,1,19,4,1,2011,4,3,3,70.65254276497781
2011-11-04,1,19,4,1,2011,4,4,4,56.28940707373336
2011-11-06,1,19,4,1,2011,4,6,6,45.51705530530002
2011-11-07,1,19,4,1,2011,4,7,0,37.57529147897502
2011-11-08,1,19,4,1,2011,4,8,1,28.731468609231264
2011-11-13,1,19,4,1,2011,4,13,6,26.49860145692345
2011-11-14,1,19,4,1,2011,4,14,0,23.173951092692587
2011-11-16,1,19,4,1,2011,4,16,2,17.93046331951944
2011-11-20,1,19,4,1,2011,4,20,6,20.04784748963958
2011-11-22,1,19,4,1,2011,4,22,1,15.723385617229685
2011-11-23,1,19,4,1,2011,4,23,2,15.092539212922265
2011-11-25,1,19,4,1,2011,4,25,4,11.5944044096917
2011-11-30,1,19,4,1,2011,4,30,2,24.595803307268774
2011-12-02,1,19,4,1,2011,4,2,4,22.02185248045158
2011-12-07,1,19,4,1,2011,4,7,2,16.653889360338685
2011-03-14,2,0,0,2,2011,1,14,0,33.080239248705084
2011-03-15,2,0,0,2,2011,1,15,1,33.660179436528814
2011-03-16,2,0,0,2,2011,1,16,2,50.80763457739661
2011-03-17,2,0,0,2,2011,1,17,3,42.530725933047464
2011-03-20,2,0,0,2,2011,1,20,6,40.748044449785596
2011-03-22,2,0,0,2,2011,1,22,1,39.4110333373392
2011-03-23,2,0,0,2,2011,1,23,2,36.1957750030044
2011-03-27,2,0,0,2,2011,1,27,6,31.5718312522533
2011-03-28,2,0,0,2,2011,1,28,0,32.52887343918998
2011-03-29,2,0,0,2,2011,1,29,1,33.24665507939248
2011-03-30,2,0,0,2,2011,1,30,2,29.359991309544363
2011-03-31,2,0,0,2,2011,1,31,3,24.96999348215827
2011-04-01,2,0,0,2,2011,2,1,4,44.2899951116187
2011-04-03,2,0,0,2,2011,2,3,6,76.96749633371402
2011-04-04,2,0,0,2,2011,2,4,0,62.15062225028552
2011-04-05,2,0,0,2,2011,2,5,1,51.037966687714146
2011-04-06,2,0,0,2,2011,2,6,2,58.67847501578561
2011-04-07,2,0,0,2,2011,2,7,3,45.48385626183921
2011-04-08,2,0,0,2,2011,2,8,4,47.387892196379404
2011-04-10,2,0,0,2,2011,2,10,6,64.79091914728455
2011-04-12,2,0,0,2,2011,2,12,1,96.03068936046341
2011-04-13,2,0,0,2,2011,2,13,2,80.13551702034756
2011-04-14,2,0,0,2,2011,2,14,3,67.47663776526068
2011-04-15,2,0,0,2,2011,2,15,4,55.03247832394551
2011-04-17,2,0,0,2,2011,2,17,6,44.96185874295914
2011-04-18,2,0,0,2,2011,2,18,0,38.146394057219354
2011-04-19,2,0,0,2,2011,2,19,1,44.83479554291452
2011-04-20,2,0,0,2,2011,2,20,2,42.47609665718589
2011-04-21,2,0,0,2,2011,2,21,3,62.832072492889424
2011-04-27,2,0,0,2,2011,2,27,2,51.54905436966706
2011-04-28,2,0,0,2,2011,2,28,3,50.4617907772503
2011-05-03,2,0,0,2,2011,2,3,1,42.27134308293772
2011-05-04,2,0,0,2,2011,2,4,2,38.34100731220329
2011-05-05,2,0,0,2,2011,2,5,3,42.76825548415247
2011-05-08,2,0,0,2,2011,2,8,6,58.62619161311436
2011-05-09,2,0,0,2,2011,2,9,0,48.39464370983576
2011-05-10,2,0,0,2,2011,2,10,1,40.72098278237682
2011-05-11,2,0,0,2,2011,2,11,2,68.64073708678262
2011-05-12,2,0,0,2,2011,2,12,3,76.30555281508697
2011-05-15,2,0,0,2,2011,2,15,6,60.91666461131523
2011-05-16,2,0,0,2,2011,2,16,0,90.91249845848641
2011-05-17,2,0,0,2,2011,2,17,1,84.40937384386481
2011-05-18,2,0,0,2,2011,2,18,2,72.15703038289861
2011-05-19,2,0,0,2,2011,2,19,3,79.19277278717396
2011-05-22,2,0,0,2,2011,2,22,6,70.45707959038047
2011-05-24,2,0,0,2,2011,2,24,1,69.06780969278535
2011-05-25,2,0,0,2,2011,2,25,2,60.65085726958901
2011-05-26,2,0,0,2,2011,2,26,3,55.81314295219176
2011-05-27,2,0,0,2,2011,2,27,4,50.709857214143824
2011-05-29,2,0,0,2,2011,2,29,6,38.769892910607865
2011-05-31,2,0,0,2,2011,2,31,1,33.5024196829559
2011-06-01,2,0,0,2,2011,2,1,2,28.076814762216927
2011-06-02,2,0,0,2,2011,2,2,3,25.482611071662696
2011-06-03,2,0,0,2,2011,2,3,4,22.799458303747024
2011-06-05,2,0,0,2,2011,2,5,6,21.524593727810267
2011-06-06,2,0,0,2,2011,2,6,0,20.5684452958577
2011-06-08,2,0,0,2,2011,2,8,2,40.251333971893274
2011-06-09,2,0,0,2,2011,2,9,3,39.03850047891996
2011-06-12,2,0,0,2,2011,2,12,6,31.491375359189966
2011-06-14,2,0,0,2,2011,2,14,1,28.043531519392477
2011-06-16,2,0,0,2,2011,2,16,3,41.432648639544354
2011-06-19,2,0,0,2,2011,2,19,6,35.499486479658266
2011-06-23,2,0,0,2,2011,2,23,3,39.1621148597437
2011-06-24,2,0,0,2,2011,2,24,4,38.22158614480778
2011-06-27,2,0,0,2,2011,2,27,0,69.46618960860583
2011-07-01,2,0,0,2,2011,3,1,4,57.999642206454375
2011-07-12,2,0,0,2,2011,3,12,1,47.924731654840784
2011-07-13,2,0,0,2,2011,3,13,2,44.793548741130586
2011-07-14,2,0,0,2,2011,3,14,3,38.020161555847935
2011-07-15,2,0,0,2,2011,3,15,4,39.57762116688595
2011-07-18,2,0,0,2,2011,3,18,0,54.50821587516446
2011-07-21,2,0,0,2,2011,3,21,3,58.581161906373346
2011-07-24,2,0,0,2,2011,3,24,6,48.360871429780005
2011-07-25,2,0,0,2,2011,3,25,0,45.12065357233501
2011-07-26,2,0,0,2,2011,3,26,1,38.26549017925126
2011-07-27,2,0,0,2,2011,3,27,2,33.12411763443845
2011-07-29,2,0,0,2,2011,3,29,4,33.69308822582884
2011-07-31,2,0,0,2,2011,3,31,6,30.43231616937163
2011-08-01,2,0,0,2,2011,3,1,0,27.249237127028724
2011-08-03,2,0,0,2,2011,3,3,2,29.286927845271546
2011-08-04,2,0,0,2,2011,3,4,3,33.02769588395366
2011-08-07,2,0,0,2,2011,3,7,6,45.17077191296524
2011-08-08,2,0,0,2,2011,3,8,0,47.89057893472393
2011-08-11,2,0,0,2,2011,3,11,3,44.767934201042955
2011-08-15,2,0,0,2,2011,3,15,0,42.42595065078222
2011-08-17,2,0,0,2,2011,3,17,2,36.24446298808667
2011-08-21,2,0,0,2,2011,3,21,6,31.608347241065
2011-08-23,2,0,0,2,2011,3,23,1,31.08126043079875
2011-08-24,2,0,0,2,2011,3,24,2,33.635945323099065
2011-08-26,2,0,0,2,2011,3,26,4,34.0769589923243
2011-08-28,2,0,0,2,2011,3,28,6,29.245219244243223
2011-09-01,2,0,0,2,2011,3,1,3,34.47141443318242
2011-09-02,2,0,0,2,2011,3,2,4,87.0535608248868
2011-09-05,2,0,0,2,2011,3,5,0,106.0901706186651
2011-09-06,2,0,0,2,2011,3,6,1,99.96762796399884
2011-09-08,2,0,0,2,2011,3,8,3,76.45072097299912
2011-09-11,2,0,0,2,2011,3,11,6,66.18804072974933
2011-09-13,2,0,0,2,2011,3,13,1,83.316030547312
2011-09-14,2,0,0,2,2011,3,14,2,64.699522910484
2011-09-15,2,0,0,2,2011,3,15,3,51.47464218286301
2011-09-16,2,0,0,2,2011,3,16,4,47.455981637147254
2011-09-18,2,0,0,2,2011,3,18,6,38.54198622786044
2011-09-19,2,0,0,2,2011,3,19,0,39.231489670895336
2011-09-22,2,0,0,2,2011,3,22,3,42.698617253171506
2011-09-23,2,0,0,2,2011,3,23,4,37.92396293987863
2011-09-26,2,0,0,2,2011,3,26,0,35.81797220490897
2011-09-27,2,0,0,2,2011,3,27,1,38.66347915368173
2011-09-28,2,0,0,2,2011,3,28,2,49.397609365261296
2011-09-30,2,0,0,2,2011,3,30,4,56.223207023945974
2011-10-02,2,0,0,2,2011,4,2,6,46.59240526795948
2011-10-03,2,0,0,2,2011,4,3,0,49.666803950969616
2011-10-07,2,0,0,2,2011,4,7,4,40.937602963227214
2011-10-09,2,0,0,2,2011,4,9,6,43.97820222242041
2011-10-10,2,0,0,2,2011,4,10,0,94.18365166681531
2011-10-12,2,0,0,2,2011,4,12,2,75.06273875011148
2011-10-13,2,0,0,2,2011,4,13,3,64.40955406258361
2011-10-14,2,0,0,2,2011,4,14,4,97.95716554693772
2011-10-17,2,0,0,2,2011,4,17,0,78.60287416020329
2011-10-24,2,0,0,2,2011,4,24,0,62.58465562015247
2011-10-25,2,0,0,2,2011,4,25,1,49.15099171511435
2011-10-26,2,0,0,2,2011,4,26,2,44.97574378633577
2011-10-27,2,0,0,2,2011,4,27,3,38.15680783975182
2011-10-28,2,0,0,2,2011,4,28,4,33.78010587981387
2011-10-30,2,0,0,2,2011,4,30,6,32.7100794098604
2011-10-31,2,0,0,2,2011,4,31,0,68.2275595573953
2011-11-01,2,0,0,2,2011,4,1,1,55.59566966804647
2011-11-04,2,0,0,2,2011,4,4,4,50.54675225103485
2011-11-07,2,0,0,2,2011,4,7,0,47.49756418827614
2011-11-08,2,0,0,2,2011,4,8,1,44.473173141207106
2011-11-09,2,0,0,2,2011,4,9,2,37.779879855905335
2011-11-10,2,0,0,2,2011,4,10,3,62.692409891929
2011-11-11,2,0,0,2,2011,4,11,4,61.76930741894675
2011-11-14,2,0,0,2,2011,4,14,0,54.41198056421006
2011-11-15,2,0,0,2,2011,4,15,1,43.75898542315755
2011-11-16,2,0,0,2,2011,4,16,2,50.51923906736816
2011-11-17,2,0,0,2,2011,4,17,3,40.101929300526116
2011-11-20,2,0,0,2,2011,4,20,6,33.02644697539459
2011-11-22,2,0,0,2,2011,4,22,1,34.357335231545946
2011-11-23,2,0,0,2,2011,4,23,2,36.06550142365946
2011-11-25,2,0,0,2,2011,4,25,4,60.72412606774459
2011-11-27,2,0,0,2,2011,4,27,6,46.280594550808445
2011-11-28,2,0,0,2,2011,4,28,0,39.052945913106335
2011-12-01,2,0,0,2,2011,4,1,3,30.764709434829754
2011-12-02,2,0,0,2,2011,4,2,4,27.498532076122316
2011-12-04,2,0,0,2,2011,4,4,6,24.311399057091737
2011-12-05,2,0,0,2,2011,4,5,0,22.631049292818805
2011-12-06,2,0,0,2,2011,4,6,1,21.398286969614105
2011-12-08,2,0,0,2,2011,4,8,3,18.998715227210578
2011-03-14,2,1,1,2,2011,1,14,0,69.34446692238926
2011-03-15,2,1,1,2,2011,1,15,1,52.98335019179195
2011-03-18,2,1,1,2,2011,1,18,4,44.612512643843964
2011-03-21,2,1,1,2,2011,1,21,0,74.70938448288297
2011-03-22,2,1,1,2,2011,1,22,1,62.85703836216223
2011-03-23,2,1,1,2,2011,1,23,2,93.26777877162166
2011-03-24,2,1,1,2,2011,1,24,3,74.82583407871624
2011-03-25,2,1,1,2,2011,1,25,4,97.36937555903718
2011-03-28,2,1,1,2,2011,1,28,0,114.27703166927789
2011-03-29,2,1,1,2,2011,1,29,1,105.20777375195841
2011-03-30,2,1,1,2,2011,1,30,2,88.6558303139688
2011-04-03,2,1,1,2,2011,2,3,6,71.69187273547661
2011-04-04,2,1,1,2,2011,2,4,0,58.96890455160746
2011-04-06,2,1,1,2,2011,2,6,2,90.01667841370559
2011-04-07,2,1,1,2,2011,2,7,3,70.6325088102792
2011-04-08,2,1,1,2,2011,2,8,4,58.17438160770941
2011-04-11,2,1,1,2,2011,2,11,0,44.67078620578206
2011-04-12,2,1,1,2,2011,2,12,1,38.703089654336544
2011-04-17,2,1,1,2,2011,2,17,6,123.72731724075241
2011-04-18,2,1,1,2,2011,2,18,0,97.99548793056431
2011-04-19,2,1,1,2,2011,2,19,1,76.09661594792323
2011-04-20,2,1,1,2,2011,2,20,2,67.47246196094243
2011-04-21,2,1,1,2,2011,2,21,3,51.12434647070682
2011-04-26,2,1,1,2,2011,2,26,1,64.3432598530301
2011-04-27,2,1,1,2,2011,2,27,2,64.37744488977258
2011-05-08,2,1,1,2,2011,2,8,6,69.60308366732943
2011-05-09,2,1,1,2,2011,2,9,0,62.60231275049707
2011-05-10,2,1,1,2,2011,2,10,1,57.3517345628728
2011-05-11,2,1,1,2,2011,2,11,2,53.4138009221546
2011-05-12,2,1,1,2,2011,2,12,3,85.33035069161596
2011-05-16,2,1,1,2,2011,2,16,0,69.19776301871197
2011-05-17,2,1,1,2,2011,2,17,1,96.43832226403399
2011-05-18,2,1,1,2,2011,2,18,2,80.21374169802549
2011-05-19,2,1,1,2,2011,2,19,3,70.56030627351912
2011-05-20,2,1,1,2,2011,2,20,4,58.12022970513934
2011-05-22,2,1,1,2,2011,2,22,6,44.110172278854506
2011-05-23,2,1,1,2,2011,2,23,0,34.122629209140875
2011-05-24,2,1,1,2,2011,2,24,1,75.85197190685565
2011-05-25,2,1,1,2,2011,2,25,2,62.08897893014174
2011-05-31,2,1,1,2,2011,2,31,1,56.96673419760631
2011-06-01,2,1,1,2,2011,2,1,2,47.92505064820473
2011-06-02,2,1,1,2,2011,2,2,3,46.34378798615355
2011-06-06,2,1,1,2,2011,2,6,0,78.25784098961516
2011-06-07,2,1,1,2,2011,2,7,1,68.88838074221138
2011-06-08,2,1,1,2,2011,2,8,2,68.30628555665854
2011-06-12,2,1,1,2,2011,2,12,6,51.749714167493906
2011-06-13,2,1,1,2,2011,2,13,0,49.21228562562043
2011-06-14,2,1,1,2,2011,2,14,1,43.149214219215324
2011-06-15,2,1,1,2,2011,2,15,2,33.401910664411496
2011-06-21,2,1,1,2,2011,2,21,1,30.25143299830862
2011-06-23,2,1,1,2,2011,2,23,3,36.208574748731465
2011-06-28,2,1,1,2,2011,2,28,1,33.9164310615486
2011-07-01,2,1,1,2,2011,3,1,4,30.63732329616145
2011-07-06,2,1,1,2,2011,3,6,2,59.377992472121086
2011-07-07,2,1,1,2,2011,3,7,3,55.97349435409082
2011-07-08,2,1,1,2,2011,3,8,4,144.5801207655681
2011-07-11,2,1,1,2,2011,3,11,0,119.87509057417607
2011-07-12,2,1,1,2,2011,3,12,1,95.10631793063206
2011-07-14,2,1,1,2,2011,3,14,3,71.84973844797405
2011-07-15,2,1,1,2,2011,3,15,4,69.48730383598053
2011-07-17,2,1,1,2,2011,3,17,6,57.3154778769854
2011-07-18,2,1,1,2,2011,3,18,0,44.54660840773905
2011-07-19,2,1,1,2,2011,3,19,1,145.2849563058043
2011-07-20,2,1,1,2,2011,3,20,2,116.76371722935322
2011-07-21,2,1,1,2,2011,3,21,3,92.77278792201491
2011-07-24,2,1,1,2,2011,3,24,6,72.17959094151118
2011-07-27,2,1,1,2,2011,3,27,2,74.93469320613339
2011-07-28,2,1,1,2,2011,3,28,3,66.60101990460005
2011-07-29,2,1,1,2,2011,3,29,4,75.95076492845004
2011-08-01,2,1,1,2,2011,3,1,0,67.36307369633754
2011-08-02,2,1,1,2,2011,3,2,1,55.72230527225315
2011-08-03,2,1,1,2,2011,3,3,2,46.99172895418987
2011-08-04,2,1,1,2,2011,3,4,3,85.1937967156424
2011-08-05,2,1,1,2,2011,3,5,4,107.3953475367318
2011-08-07,2,1,1,2,2011,3,7,6,82.10651065254885
2011-08-08,2,1,1,2,2011,3,8,0,68.85988298941163
2011-08-14,2,1,1,2,2011,3,14,6,53.204912242058725
2011-08-16,2,1,1,2,2011,3,16,1,45.10368418154405
2011-08-17,2,1,1,2,2011,3,17,2,82.52776313615803
2011-08-18,2,1,1,2,2011,3,18,3,67.09582235211852
2011-08-21,2,1,1,2,2011,3,21,6,139.8218667640889
2011-08-22,2,1,1,2,2011,3,22,0,110.06640007306667
2011-08-23,2,1,1,2,2011,3,23,1,119.4698000548
2011-08-24,2,1,1,2,2011,3,24,2,176.6023500411
2011-08-25,2,1,1,2,2011,3,25,3,144.41176253082503
2011-09-01,2,1,1,2,2011,3,1,3,130.14882189811877
2011-09-02,2,1,1,2,2011,3,2,4,110.61161642358908
2011-09-04,2,1,1,2,2011,3,4,6,83.4787123176918
2011-09-05,2,1,1,2,2011,3,5,0,74.04903423826885
2011-09-07,2,1,1,2,2011,3,7,2,100.28677567870163
2011-09-11,2,1,1,2,2011,3,11,6,76.25508175902623
2011-09-12,2,1,1,2,2011,3,12,0,72.79131131926968
2011-09-13,2,1,1,2,2011,3,13,1,104.54348348945226
2011-09-14,2,1,1,2,2011,3,14,2,78.9276126170892
2011-09-15,2,1,1,2,2011,3,15,3,71.6757094628169
2011-09-16,2,1,1,2,2011,3,16,4,64.15678209711268
2011-09-18,2,1,1,2,2011,3,18,6,49.677586572834514
2011-09-19,2,1,1,2,2011,3,19,0,52.85818992962589
2011-09-22,2,1,1,2,2011,3,22,3,50.563642447219415
2011-09-25,2,1,1,2,2011,3,25,6,43.12273183541456
2011-09-26,2,1,1,2,2011,3,26,0,79.13454887656093
2011-09-27,2,1,1,2,2011,3,27,1,65.59091165742069
2011-09-28,2,1,1,2,2011,3,28,2,50.23318374306552
2011-09-29,2,1,1,2,2011,3,29,3,53.27488780729914
2011-09-30,2,1,1,2,2011,3,30,4,47.75616585547435
2011-10-02,2,1,1,2,2011,4,2,6,36.33712439160576
2011-10-03,2,1,1,2,2011,4,3,0,45.452843293704326
2011-10-04,2,1,1,2,2011,4,4,1,44.489632470278245
2011-10-05,2,1,1,2,2011,4,5,2,92.46722435270868
2011-10-06,2,1,1,2,2011,4,6,3,74.55041826453152
2011-10-07,2,1,1,2,2011,4,7,4,192.65281369839863
2011-10-09,2,1,1,2,2011,4,9,6,149.68961027379896
2011-10-10,2,1,1,2,2011,4,10,0,117.46720770534922
2011-10-11,2,1,1,2,2011,4,11,1,218.6004057790119
2011-10-12,2,1,1,2,2011,4,12,2,179.55030433425893
2011-10-16,2,1,1,2,2011,4,16,6,136.2227282506942
2011-10-17,2,1,1,2,2011,4,17,0,112.56704618802064
2011-10-18,2,1,1,2,2011,4,18,1,106.26528464101548
2011-10-19,2,1,1,2,2011,4,19,2,84.89896348076162
2011-10-24,2,1,1,2,2011,4,24,0,155.7667226105712
2011-10-25,2,1,1,2,2011,4,25,1,127.22504195792841
2011-10-26,2,1,1,2,2011,4,26,2,107.3787814684463
2011-10-27,2,1,1,2,2011,4,27,3,85.73408610133474
2011-10-28,2,1,1,2,2011,4,28,4,64.82056457600105
2011-10-30,2,1,1,2,2011,4,30,6,54.855423432000784
2011-10-31,2,1,1,2,2011,4,31,0,47.37406757400059
2011-11-01,2,1,1,2,2011,4,1,1,40.73055068050044
2011-11-02,2,1,1,2,2011,4,2,2,35.747913010375335
2011-11-03,2,1,1,2,2011,4,3,3,89.4609347577815
2011-11-04,2,1,1,2,2011,4,4,4,77.49570106833613
2011-11-06,2,1,1,2,2011,4,6,6,62.8017758012521
2011-11-07,2,1,1,2,2011,4,7,0,59.58133185093908
2011-11-08,2,1,1,2,2011,4,8,1,49.88599888820431
2011-11-09,2,1,1,2,2011,4,9,2,58.21449916615323
2011-11-10,2,1,1,2,2011,4,10,3,63.405874374614925
2011-11-15,2,1,1,2,2011,4,15,1,60.034405780961194
2011-11-16,2,1,1,2,2011,4,16,2,55.42580433572089
2011-11-17,2,1,1,2,2011,4,17,3,68.08935325179067
2011-11-18,2,1,1,2,2011,4,18,4,61.467014938843
2011-11-20,2,1,1,2,2011,4,20,6,61.700261204132254
2011-11-21,2,1,1,2,2011,4,21,0,54.075195903099186
2011-11-22,2,1,1,2,2011,4,22,1,96.75639692732439
2011-11-23,2,1,1,2,2011,4,23,2,78.80729769549329
2011-11-24,2,1,1,2,2011,4,24,3,119.45547327161998
2011-11-27,2,1,1,2,2011,4,27,6,91.67160495371498
2011-11-28,2,1,1,2,2011,4,28,0,74.98620371528624
2011-11-29,2,1,1,2,2011,4,29,1,66.63965278646468
2011-11-30,2,1,1,2,2011,4,30,2,67.1397395898485
2011-12-01,2,1,1,2,2011,4,1,3,55.554804692386384
2011-12-06,2,1,1,2,2011,4,6,1,86.41610351928979
2011-12-07,2,1,1,2,2011,4,7,2,75.21207763946735
2011-12-08,2,1,1,2,2011,4,8,3,57.96905822960052
2011-03-14,2,2,2,2,2011,1,14,0,58.98818163433648
2011-03-15,2,2,2,2,2011,1,15,1,47.428636225752356
2011-03-16,2,2,2,2,2011,1,16,2,41.946477169314264
2011-03-17,2,2,2,2,2011,1,17,3,75.25985787698569
2011-03-18,2,2,2,2,2011,1,18,4,104.25739340773927
2011-03-20,2,2,2,2,2011,1,20,6,116.44304505580445
2011-03-23,2,2,2,2,2011,1,23,2,90.51978379185334
2011-03-24,2,2,2,2,2011,1,24,3,77.45233784389
2011-03-25,2,2,2,2,2011,1,25,4,77.2142533829175
2011-03-27,2,2,2,2,2011,1,27,6,64.28569003718813
2011-03-29,2,2,2,2,2011,1,29,1,51.401767527891096
2011-03-30,2,2,2,2,2011,1,30,2,83.17632564591833
2011-04-01,2,2,2,2,2011,2,1,4,65.56974423443874
2011-04-03,2,2,2,2,2011,2,3,6,92.97730817582905
2011-04-04,2,2,2,2,2011,2,4,0,113.53298113187178
2011-04-05,2,2,2,2,2011,2,5,1,94.71223584890383
2011-04-06,2,2,2,2,2011,2,6,2,158.63417688667786
2011-04-07,2,2,2,2,2011,2,7,3,165.9631326650084
2011-04-08,2,2,2,2,2011,2,8,4,137.2223494987563
2011-04-12,2,2,2,2,2011,2,12,1,109.29176212406722
2011-04-13,2,2,2,2,2011,2,13,2,148.0813215930504
2011-04-14,2,2,2,2,2011,2,14,3,120.6234911947878
2011-04-17,2,2,2,2,2011,2,17,6,103.21761839609086
2011-04-18,2,2,2,2,2011,2,18,0,93.35071379706814
2011-04-20,2,2,2,2,2011,2,20,2,101.88803534780111
2011-04-21,2,2,2,2,2011,2,21,3,92.35352651085083
2011-04-28,2,2,2,2,2011,2,28,3,82.01514488313812
2011-05-03,2,2,2,2,2011,2,3,1,105.31135866235358
2011-05-04,2,2,2,2,2011,2,4,2,85.35851899676518
2011-05-06,2,2,2,2,2011,2,6,4,73.5813892475739
2011-05-08,2,2,2,2,2011,2,8,6,64.74854193568042
2011-05-09,2,2,2,2,2011,2,9,0,54.93640645176032
2011-05-10,2,2,2,2,2011,2,10,1,69.88980483882024
2011-05-11,2,2,2,2,2011,2,11,2,61.97985362911518
2011-05-12,2,2,2,2,2011,2,12,3,49.67239022183639
2011-05-13,2,2,2,2,2011,2,13,4,46.81679266637729
2011-05-17,2,2,2,2,2011,2,17,1,60.612594499782965
2011-05-18,2,2,2,2,2011,2,18,2,51.83444587483722
2011-05-19,2,2,2,2,2011,2,19,3,96.25083440612792
2011-05-22,2,2,2,2,2011,2,22,6,75.37562580459594
2011-05-23,2,2,2,2,2011,2,23,0,69.28171935344696
2011-05-24,2,2,2,2,2011,2,24,1,64.71128951508521
2011-05-27,2,2,2,2,2011,2,27,4,136.1334671363139
2011-05-31,2,2,2,2,2011,2,31,1,108.47510035223542
2011-06-01,2,2,2,2,2011,2,1,2,84.54382526417656
2011-06-02,2,2,2,2,2011,2,2,3,170.17036894813242
2011-06-03,2,2,2,2,2011,2,3,4,140.37777671109933
2011-06-07,2,2,2,2,2011,2,7,1,121.2208325333245
2011-06-09,2,2,2,2,2011,2,9,3,113.22812439999338
2011-06-10,2,2,2,2,2011,2,10,4,191.64609329999502
2011-06-13,2,2,2,2,2011,2,13,0,146.92206997499625
2011-06-14,2,2,2,2,2011,2,14,1,116.56655248124719
2011-06-16,2,2,2,2,2011,2,16,3,90.61241436093539
2011-06-23,2,2,2,2,2011,2,23,3,74.33431077070153
2011-07-03,2,2,2,2,2011,3,3,6,58.93823307802615
2011-07-11,2,2,2,2,2011,3,11,0,60.141174808519615
2011-07-12,2,2,2,2,2011,3,12,1,48.29338110638971
2011-07-14,2,2,2,2,2011,3,14,3,42.59503582979228
2011-07-17,2,2,2,2,2011,3,17,6,44.696276872344214
2011-07-19,2,2,2,2,2011,3,19,1,93.74720765425815
2011-07-20,2,2,2,2,2011,3,20,2,73.49790574069361
2011-07-21,2,2,2,2,2011,3,21,3,108.4859293055202
2011-07-25,2,2,2,2,2011,3,25,0,125.16444697914015
2011-07-26,2,2,2,2,2011,3,26,1,97.06083523435511
2011-07-29,2,2,2,2,2011,3,29,4,75.98312642576633
2011-07-31,2,2,2,2,2011,3,31,6,60.17484481932475
2011-08-01,2,2,2,2,2011,3,1,0,77.00613361449356
2011-08-03,2,2,2,2,2011,3,3,2,60.94210021087017
2011-08-08,2,2,2,2,2011,3,8,0,52.08157515815263
2011-08-10,2,2,2,2,2011,3,10,2,45.43618136861447
2011-08-11,2,2,2,2,2011,3,11,3,43.63963602646085
2011-08-12,2,2,2,2,2011,3,12,4,35.91722701984564
2011-08-16,2,2,2,2,2011,3,16,1,33.31292026488423
2011-08-17,2,2,2,2,2011,3,17,2,28.17219019866317
2011-08-19,2,2,2,2,2011,3,19,4,33.87914264899737
2011-08-21,2,2,2,2,2011,3,21,6,44.53435698674803
2011-08-22,2,2,2,2,2011,3,22,0,42.96326774006102
2011-08-25,2,2,2,2,2011,3,25,3,41.78495080504577
2011-08-26,2,2,2,2,2011,3,26,4,37.71371310378433
2011-09-01,2,2,2,2,2011,3,1,3,37.84778482783825
2011-09-02,2,2,2,2,2011,3,2,4,47.51083862087869
2011-09-04,2,2,2,2,2011,3,4,6,42.00812896565901
2011-09-07,2,2,2,2,2011,3,7,2,44.25609672424426
2011-09-08,2,2,2,2,2011,3,8,3,76.99207254318318
2011-09-11,2,2,2,2,2011,3,11,6,60.93155440738739
2011-09-12,2,2,2,2,2011,3,12,0,52.07366580554054
2011-09-13,2,2,2,2,2011,3,13,1,139.4052493541554
2011-09-14,2,2,2,2,2011,3,14,2,117.30393701561654
2011-09-15,2,2,2,2,2011,3,15,3,178.7654527617124
2011-09-21,2,2,2,2,2011,3,21,2,149.7415895712843
2011-09-22,2,2,2,2,2011,3,22,3,118.68119217846322
2011-09-26,2,2,2,2,2011,3,26,0,98.43839413384741
2011-09-28,2,2,2,2,2011,3,28,2,83.39129560038556
2011-09-29,2,2,2,2,2011,3,29,3,109.53097170028917
2011-10-03,2,2,2,2,2011,4,3,0,132.18822877521688
2011-10-05,2,2,2,2,2011,4,5,2,108.70367158141266
2011-10-06,2,2,2,2,2011,4,6,3,84.7152536860595
2011-10-10,2,2,2,2,2011,4,10,0,76.28644026454462
2011-10-11,2,2,2,2,2011,4,11,1,76.33983019840846
2011-10-12,2,2,2,2,2011,4,12,2,66.81737264880636
2011-10-14,2,2,2,2,2011,4,14,4,59.675529486604766
2011-10-16,2,2,2,2,2011,4,16,6,91.29414711495357
2011-10-17,2,2,2,2,2011,4,17,0,80.95061033621518
2011-10-20,2,2,2,2,2011,4,20,3,104.51295775216138
2011-10-23,2,2,2,2,2011,4,23,6,84.75971831412105
2011-10-24,2,2,2,2,2011,4,24,0,72.99728873559079
2011-10-26,2,2,2,2,2011,4,26,2,61.12296655169309
2011-10-27,2,2,2,2,2011,4,27,3,68.15472491376983
2011-10-31,2,2,2,2,2011,4,31,0,82.85604368532736
2011-11-01,2,2,2,2,2011,4,1,1,68.51703276399553
2011-11-02,2,2,2,2,2011,4,2,2,54.57527457299665
2011-11-03,2,2,2,2,2011,4,3,3,175.51895592974745
2011-11-06,2,2,2,2,2011,4,6,6,134.8267169473106
2011-11-08,2,2,2,2,2011,4,8,1,104.30753771048293
2011-11-10,2,2,2,2,2011,4,10,3,138.5231532828622
2011-11-14,2,2,2,2,2011,4,14,0,110.26736496214666
2011-11-15,2,2,2,2,2011,4,15,1,126.50052372161
2011-11-17,2,2,2,2,2011,4,17,3,101.2503927912075
2011-11-18,2,2,2,2,2011,4,18,4,119.73779459340562
2011-11-20,2,2,2,2,2011,4,20,6,96.17834594505422
2011-11-23,2,2,2,2,2011,4,23,2,124.91125945879065
2011-11-24,2,2,2,2,2011,4,24,3,161.108444594093
2011-11-25,2,2,2,2,2011,4,25,4,130.39383344556973
2011-11-27,2,2,2,2,2011,4,27,6,110.5453750841773
2011-11-28,2,2,2,2,2011,4,28,0,95.52403131313297
2011-11-30,2,2,2,2,2011,4,30,2,78.01802348484972
2011-12-02,2,2,2,2,2011,4,2,4,61.70101761363729
2011-12-04,2,2,2,2,2011,4,4,6,62.213263210227964
2011-12-05,2,2,2,2,2011,4,5,0,65.37994740767097
2011-12-06,2,2,2,2,2011,4,6,1,77.72246055575323
2011-12-07,2,2,2,2,2011,4,7,2,64.66684541681492
2011-03-15,2,3,3,2,2011,1,15,1,73.91667283156164
2011-03-16,2,3,3,2,2011,1,16,2,92.61750462367124
2011-03-17,2,3,3,2,2011,1,17,3,76.22312846775343
2011-03-21,2,3,3,2,2011,1,21,0,86.74234635081507
2011-03-22,2,3,3,2,2011,1,22,1,75.1967597631113
2011-03-23,2,3,3,2,2011,1,23,2,73.29756982233349
2011-03-24,2,3,3,2,2011,1,24,3,58.35317736675012
2011-03-28,2,3,3,2,2011,1,28,0,50.524883025062586
2011-04-07,2,3,3,2,2011,2,7,3,51.41366226879694
2011-04-08,2,3,3,2,2011,2,8,4,99.94024670159772
2011-04-10,2,3,3,2,2011,2,10,6,85.09518502619828
2011-04-11,2,3,3,2,2011,2,11,0,67.2013887696487
2011-04-12,2,3,3,2,2011,2,12,1,84.20104157723652
2011-04-17,2,3,3,2,2011,2,17,6,76.67078118292739
2011-04-18,2,3,3,2,2011,2,18,0,64.26308588719554
2011-04-19,2,3,3,2,2011,2,19,1,54.95731441539666
2011-04-21,2,3,3,2,2011,2,21,3,58.11798581154749
2011-04-26,2,3,3,2,2011,2,26,1,50.348489358660615
2011-05-03,2,3,3,2,2011,2,3,1,41.14136701899546
2011-05-04,2,3,3,2,2011,2,4,2,34.2360252642466
2011-05-05,2,3,3,2,2011,2,5,3,43.84451894818495
2011-05-08,2,3,3,2,2011,2,8,6,49.78338921113871
2011-05-09,2,3,3,2,2011,2,9,0,40.717541908354036
2011-05-10,2,3,3,2,2011,2,10,1,47.438156431265526
2011-05-11,2,3,3,2,2011,2,11,2,93.57861732344915
2011-05-13,2,3,3,2,2011,2,13,4,80.32396299258686
2011-05-15,2,3,3,2,2011,2,15,6,65.31297224444015
2011-05-16,2,3,3,2,2011,2,16,0,52.36472918333011
2011-05-17,2,3,3,2,2011,2,17,1,89.97354688749758
2011-05-18,2,3,3,2,2011,2,18,2,74.24016016562318
2011-05-19,2,3,3,2,2011,2,19,3,65.82012012421738
2011-05-20,2,3,3,2,2011,2,20,4,56.12509009316303
2011-05-22,2,3,3,2,2011,2,22,6,45.473817569872274
2011-05-23,2,3,3,2,2011,2,23,0,37.48536317740421
2011-05-24,2,3,3,2,2011,2,24,1,46.70402238305316
2011-05-27,2,3,3,2,2011,2,27,4,38.408016787289874
2011-06-02,2,3,3,2,2011,2,2,3,32.186012590467406
2011-06-05,2,3,3,2,2011,2,5,6,30.89950944285055
2011-06-06,2,3,3,2,2011,2,6,0,29.93463208213791
2011-06-07,2,3,3,2,2011,2,7,1,30.90097406160343
2011-06-08,2,3,3,2,2011,2,8,2,26.55573054620257
2011-06-09,2,3,3,2,2011,2,9,3,26.67679790965193
2011-06-14,2,3,3,2,2011,2,14,1,26.767598432238948
2011-06-19,2,3,3,2,2011,2,19,6,33.59569882417921
2011-06-24,2,3,3,2,2011,2,24,4,35.33677411813441
2011-06-27,2,3,3,2,2011,2,27,0,33.262580588600805
2011-06-28,2,3,3,2,2011,2,28,1,31.706935441450604
2011-07-05,2,3,3,2,2011,3,5,1,45.75020158108795
2011-07-06,2,3,3,2,2011,3,6,2,68.11265118581596
2011-07-07,2,3,3,2,2011,3,7,3,54.464488389361975
2011-07-08,2,3,3,2,2011,3,8,4,50.98836629202148
2011-07-11,2,3,3,2,2011,3,11,0,61.901274719016115
2011-07-13,2,3,3,2,2011,3,13,2,63.32595603926209
2011-07-14,2,3,3,2,2011,3,14,3,64.39446702944656
2011-07-24,2,3,3,2,2011,3,24,6,51.67585027208492
2011-07-25,2,3,3,2,2011,3,25,0,42.136887704063696
2011-07-31,2,3,3,2,2011,3,31,6,34.982665778047775
2011-08-01,2,3,3,2,2011,3,1,0,29.61699933353583
2011-08-03,2,3,3,2,2011,3,3,2,28.97274950015187
2011-08-04,2,3,3,2,2011,3,4,3,1065.729562125114
2011-08-05,2,3,3,2,2011,3,5,4,800.5646715938354
2011-08-07,2,3,3,2,2011,3,7,6,600.8460036953766
2011-08-08,2,3,3,2,2011,3,8,0,460.7745027715324
2011-08-11,2,3,3,2,2011,3,11,3,703.2408770786493
2011-08-14,2,3,3,2,2011,3,14,6,530.810657808987
2011-08-15,2,3,3,2,2011,3,15,0,425.1479933567403
2011-08-18,2,3,3,2,2011,3,18,3,325.62099501755523
2011-08-21,2,3,3,2,2011,3,21,6,247.5957462631664
2011-08-22,2,3,3,2,2011,3,22,0,243.69680969737482
2011-08-24,2,3,3,2,2011,3,24,2,186.1526072730311
2011-08-25,2,3,3,2,2011,3,25,3,146.3744554547733
2011-08-26,2,3,3,2,2011,3,26,4,113.16084159107999
2011-09-04,2,3,3,2,2011,3,4,6,98.39063119330999
2011-09-05,2,3,3,2,2011,3,5,0,77.17297339498248
2011-09-07,2,3,3,2,2011,3,7,2,64.63973004623686
2011-09-08,2,3,3,2,2011,3,8,3,55.23979753467764
2011-09-09,2,3,3,2,2011,3,9,4,44.80984815100823
2011-09-11,2,3,3,2,2011,3,11,6,53.88738611325617
2011-09-13,2,3,3,2,2011,3,13,1,43.79553958494213
2011-09-15,2,3,3,2,2011,3,15,3,39.60665468870659
2011-09-19,2,3,3,2,2011,3,19,0,36.46499101652994
2011-09-20,2,3,3,2,2011,3,20,1,47.62874326239746
2011-09-22,2,3,3,2,2011,3,22,3,56.001557446798095
2011-09-25,2,3,3,2,2011,3,25,6,52.56366808509857
2011-09-27,2,3,3,2,2011,3,27,1,42.802751063823926
2011-09-28,2,3,3,2,2011,3,28,2,42.242063297867944
2011-09-29,2,3,3,2,2011,3,29,3,51.961547473400955
2011-10-02,2,3,3,2,2011,4,2,6,45.73116060505071
2011-10-03,2,3,3,2,2011,4,3,0,41.05837045378803
2011-10-04,2,3,3,2,2011,4,4,1,35.86377784034102
2011-10-12,2,3,3,2,2011,4,12,2,30.277833380255768
2011-10-14,2,3,3,2,2011,4,14,4,36.228375035191824
2011-10-16,2,3,3,2,2011,4,16,6,33.93128127639387
2011-10-18,2,3,3,2,2011,4,18,1,32.2084609572954
2011-10-19,2,3,3,2,2011,4,19,2,47.81634571797155
2011-10-20,2,3,3,2,2011,4,20,3,42.62225928847866
2011-10-27,2,3,3,2,2011,4,27,3,35.346694466359
2011-10-30,2,3,3,2,2011,4,30,6,28.20002084976925
2011-10-31,2,3,3,2,2011,4,31,0,38.050015637326936
2011-11-01,2,3,3,2,2011,4,1,1,35.2975117279952
2011-11-02,2,3,3,2,2011,4,2,2,39.9931337959964
2011-11-03,2,3,3,2,2011,4,3,3,33.3748503469973
2011-11-06,2,3,3,2,2011,4,6,6,52.91613776024798
2011-11-07,2,3,3,2,2011,4,7,0,43.067103320185986
2011-11-09,2,3,3,2,2011,4,9,2,467.30032749013947
2011-11-10,2,3,3,2,2011,4,10,3,374.13524561760465
2011-11-11,2,3,3,2,2011,4,11,4,287.3614342132035
2011-11-13,2,3,3,2,2011,4,13,6,222.28107565990263
2011-11-14,2,3,3,2,2011,4,14,0,173.47080674492696
2011-11-15,2,3,3,2,2011,4,15,1,143.62310505869524
2011-11-16,2,3,3,2,2011,4,16,2,110.25232879402142
2011-11-17,2,3,3,2,2011,4,17,3,86.91424659551606
2011-11-20,2,3,3,2,2011,4,20,6,79.97318494663705
2011-11-21,2,3,3,2,2011,4,21,0,100.53988870997779
2011-11-22,2,3,3,2,2011,4,22,1,81.31991653248335
2011-11-23,2,3,3,2,2011,4,23,2,67.74993739936251
2011-11-24,2,3,3,2,2011,4,24,3,55.03745304952188
2011-11-25,2,3,3,2,2011,4,25,4,68.31808978714142
2011-11-28,2,3,3,2,2011,4,28,0,57.99856734035606
2011-12-01,2,3,3,2,2011,4,1,3,60.398925505267044
2011-12-02,2,3,3,2,2011,4,2,4,106.67919412895029
2011-12-04,2,3,3,2,2011,4,4,6,83.38939559671272
2011-12-05,2,3,3,2,2011,4,5,0,70.99204669753453
2011-12-06,2,3,3,2,2011,4,6,1,56.6240350231509
2011-12-07,2,3,3,2,2011,4,7,2,45.84802626736318
2011-03-14,2,4,4,2,2011,1,14,0,20.693195992234042
2011-03-15,2,4,4,2,2011,1,15,1,25.41989699417553
2011-03-16,2,4,4,2,2011,1,16,2,21.53992274563165
2011-03-17,2,4,4,2,2011,1,17,3,21.104942059223735
2011-03-20,2,4,4,2,2011,1,20,6,20.7787065444178
2011-03-22,2,4,4,2,2011,1,22,1,48.99652990831335
2011-03-23,2,4,4,2,2011,1,23,2,46.647397431235014
2011-03-28,2,4,4,2,2011,1,28,0,49.83554807342626
2011-03-29,2,4,4,2,2011,1,29,1,62.1266610550697
2011-03-30,2,4,4,2,2011,1,30,2,56.49499579130227
2011-04-01,2,4,4,2,2011,2,1,4,44.846246843476706
2011-04-03,2,4,4,2,2011,2,3,6,49.722185132607535
2011-04-04,2,4,4,2,2011,2,4,0,42.241638849455654
2011-04-05,2,4,4,2,2011,2,5,1,49.00622913709174
2011-04-06,2,4,4,2,2011,2,6,2,46.6546718528188
2011-04-07,2,4,4,2,2011,2,7,3,105.42850388961409
2011-04-08,2,4,4,2,2011,2,8,4,88.97137791721057
2011-04-10,2,4,4,2,2011,2,10,6,98.90353343790792
2011-04-11,2,4,4,2,2011,2,11,0,93.97765007843094
2011-04-12,2,4,4,2,2011,2,12,1,124.83323755882321
2011-04-13,2,4,4,2,2011,2,13,2,96.0999281691174
2011-04-14,2,4,4,2,2011,2,14,3,86.92494612683805
2011-04-18,2,4,4,2,2011,2,18,0,77.56870959512854
2011-04-19,2,4,4,2,2011,2,19,1,63.1265321963464
2011-04-20,2,4,4,2,2011,2,20,2,72.09489914725981
2011-04-21,2,4,4,2,2011,2,21,3,75.10867436044487
2011-04-26,2,4,4,2,2011,2,26,1,78.60650577033365
2011-04-27,2,4,4,2,2011,2,27,2,124.44237932775025
2011-05-03,2,4,4,2,2011,2,3,1,103.23178449581269
2011-05-04,2,4,4,2,2011,2,4,2,94.74883837185952
2011-05-05,2,4,4,2,2011,2,5,3,74.77412877889465
2011-05-08,2,4,4,2,2011,2,8,6,80.83059658417099
2011-05-09,2,4,4,2,2011,2,9,0,85.37294743812825
2011-05-10,2,4,4,2,2011,2,10,1,78.87971057859619
2011-05-11,2,4,4,2,2011,2,11,2,93.80978293394715
2011-05-16,2,4,4,2,2011,2,16,0,122.23233720046036
2011-05-17,2,4,4,2,2011,2,17,1,101.57425290034527
2011-05-18,2,4,4,2,2011,2,18,2,81.13068967525895
2011-05-19,2,4,4,2,2011,2,19,3,76.93551725644421
2011-05-20,2,4,4,2,2011,2,20,4,72.55163794233317
2011-05-22,2,4,4,2,2011,2,22,6,61.83872845674988
2011-05-23,2,4,4,2,2011,2,23,0,48.854046342562405
2011-05-24,2,4,4,2,2011,2,24,1,46.5405347569218
2011-05-25,2,4,4,2,2011,2,25,2,44.80540106769135
2011-05-26,2,4,4,2,2011,2,26,3,57.116550800768515
2011-05-27,2,4,4,2,2011,2,27,4,51.499913100576386
2011-05-31,2,4,4,2,2011,2,31,1,52.23743482543229
2011-06-02,2,4,4,2,2011,2,2,3,44.12807611907422
2011-06-03,2,4,4,2,2011,2,3,4,45.47105708930567
2011-06-05,2,4,4,2,2011,2,5,6,42.76579281697925
2011-06-07,2,4,4,2,2011,2,7,1,50.636844612734436
2011-06-08,2,4,4,2,2011,2,8,2,52.82763345955083
2011-06-09,2,4,4,2,2011,2,9,3,71.79572509466311
2011-06-10,2,4,4,2,2011,2,10,4,66.22179382099733
2011-06-12,2,4,4,2,2011,2,12,6,57.091345365748
2011-06-13,2,4,4,2,2011,2,13,0,57.668509024311
2011-06-14,2,4,4,2,2011,2,14,1,53.15138176823325
2011-06-16,2,4,4,2,2011,2,16,3,44.81353632617494
2011-06-19,2,4,4,2,2011,2,19,6,52.17265224463121
2011-06-20,2,4,4,2,2011,2,20,0,44.07948918347341
2011-06-23,2,4,4,2,2011,2,23,3,46.67211688760506
2011-06-24,2,4,4,2,2011,2,24,4,44.90408766570379
2011-06-27,2,4,4,2,2011,2,27,0,34.91556574927784
2011-06-28,2,4,4,2,2011,2,28,1,28.66167431195838
2011-06-29,2,4,4,2,2011,2,29,2,26.446255733968783
2011-06-30,2,4,4,2,2011,2,30,3,26.022191800476588
2011-07-04,2,4,4,2,2011,3,4,0,25.70414385035744
2011-07-05,2,4,4,2,2011,3,5,1,81.05310788776808
2011-07-06,2,4,4,2,2011,3,6,2,80.58983091582606
2011-07-07,2,4,4,2,2011,3,7,3,79.00487318686955
2011-07-08,2,4,4,2,2011,3,8,4,69.15365489015217
2011-07-11,2,4,4,2,2011,3,11,0,79.09024116761412
2011-07-12,2,4,4,2,2011,3,12,1,64.2676808757106
2011-07-13,2,4,4,2,2011,3,13,2,53.15076065678295
2011-07-14,2,4,4,2,2011,3,14,3,58.42557049258721
2011-07-17,2,4,4,2,2011,3,17,6,48.76917786944041
2011-07-18,2,4,4,2,2011,3,18,0,90.92688340208032
2011-07-19,2,4,4,2,2011,3,19,1,130.44516255156026
2011-07-21,2,4,4,2,2011,3,21,3,205.33387191367018
2011-07-24,2,4,4,2,2011,3,24,6,161.42540393525263
2011-07-25,2,4,4,2,2011,3,25,0,135.91905295143948
2011-07-26,2,4,4,2,2011,3,26,1,110.60178971357962
2011-07-27,2,4,4,2,2011,3,27,2,117.60134228518473
2011-07-28,2,4,4,2,2011,3,28,3,108.00100671388854
2011-07-29,2,4,4,2,2011,3,29,4,105.7507550354164
2011-07-31,2,4,4,2,2011,3,31,6,81.78806627656229
2011-08-05,2,4,4,2,2011,3,5,4,63.81604970742172
2011-08-07,2,4,4,2,2011,3,7,6,55.287037280566295
2011-08-10,2,4,4,2,2011,3,10,2,61.265277960424726
2011-08-11,2,4,4,2,2011,3,11,3,75.64895847031855
2011-08-16,2,4,4,2,2011,3,16,1,61.68671885273891
2011-08-21,2,4,4,2,2011,3,21,6,69.7775391395542
2011-08-22,2,4,4,2,2011,3,22,0,75.84565435466564
2011-08-23,2,4,4,2,2011,3,23,1,64.30924076599923
2011-08-24,2,4,4,2,2011,3,24,2,53.18193057449943
2011-08-25,2,4,4,2,2011,3,25,3,44.83644793087458
2011-08-26,2,4,4,2,2011,3,26,4,34.86483594815593
2011-09-04,2,4,4,2,2011,3,4,6,47.18612696111695
2011-09-05,2,4,4,2,2011,3,5,0,42.81459522083772
2011-09-07,2,4,4,2,2011,3,7,2,37.060946415628294
2011-09-08,2,4,4,2,2011,3,8,3,32.74570981172122
2011-09-09,2,4,4,2,2011,3,9,4,29.509282358790916
2011-09-11,2,4,4,2,2011,3,11,6,25.844461769093186
2011-09-12,2,4,4,2,2011,3,12,0,34.23334632681989
2011-09-13,2,4,4,2,2011,3,13,1,30.62500974511492
2011-09-14,2,4,4,2,2011,3,14,2,27.918757308836188
2011-09-15,2,4,4,2,2011,3,15,3,33.31406798162714
2011-09-21,2,4,4,2,2011,3,21,2,29.935550986220353
2011-09-22,2,4,4,2,2011,3,22,3,41.014163239665265
2011-09-23,2,4,4,2,2011,3,23,4,31.99812242974895
2011-09-25,2,4,4,2,2011,3,25,6,31.423591822311714
2011-09-26,2,4,4,2,2011,3,26,0,29.755193866733784
2011-09-27,2,4,4,2,2011,3,27,1,27.26639540005034
2011-09-28,2,4,4,2,2011,3,28,2,77.27479655003776
2011-09-29,2,4,4,2,2011,3,29,3,62.906097412528325
2011-10-02,2,4,4,2,2011,4,2,6,52.12957305939625
2011-10-03,2,4,4,2,2011,4,3,0,52.13967979454719
2011-10-04,2,4,4,2,2011,4,4,1,44.0547598459104
2011-10-05,2,4,4,2,2011,4,5,2,37.991069884432804
2011-10-11,2,4,4,2,2011,4,11,1,38.393302413324605
2011-10-12,2,4,4,2,2011,4,12,2,38.694976809993456
2011-10-13,2,4,4,2,2011,4,13,3,33.9712326074951
2011-10-14,2,4,4,2,2011,4,14,4,30.42842445562132
2011-10-16,2,4,4,2,2011,4,16,6,29.00881834171599
2011-10-18,2,4,4,2,2011,4,18,1,129.25661375628698
2011-10-20,2,4,4,2,2011,4,20,3,110.55496031721523
2011-10-21,2,4,4,2,2011,4,21,4,86.62872023791144
2011-10-24,2,4,4,2,2011,4,24,0,66.20904017843357
2011-10-26,2,4,4,2,2011,4,26,2,58.31928013382518
2011-10-30,2,4,4,2,2011,4,30,6,49.92696010036889
2011-11-06,2,4,4,2,2011,4,6,6,41.157720075276664
2011-11-07,2,4,4,2,2011,4,7,0,35.8182900564575
2011-11-10,2,4,4,2,2011,4,10,3,45.426217542343124
2011-11-13,2,4,4,2,2011,4,13,6,40.25716315675734
2011-11-15,2,4,4,2,2011,4,15,1,82.06787236756801
2011-11-16,2,4,4,2,2011,4,16,2,66.500904275676
2011-11-18,2,4,4,2,2011,4,18,4,54.825678206757004
2011-11-23,2,4,4,2,2011,4,23,2,62.25425865506775
2011-11-25,2,4,4,2,2011,4,25,4,51.640693991300815
2011-11-27,2,4,4,2,2011,4,27,6,41.20552049347561
2011-11-28,2,4,4,2,2011,4,28,0,46.42164037010671
2011-12-01,2,4,4,2,2011,4,1,3,39.766230277580036
2011-12-04,2,4,4,2,2011,4,4,6,31.062172708185027
2011-03-14,2,5,0,2,2011,1,14,0,33.17466532643339
2011-03-15,2,5,0,2,2011,1,15,1,26.53099899482504
2011-03-16,2,5,0,2,2011,1,16,2,20.72324924611878
2011-03-21,2,5,0,2,2011,1,21,0,16.367436934589083
2011-03-23,2,5,0,2,2011,1,23,2,16.400577700941813
2011-03-25,2,5,0,2,2011,1,25,4,16.42543327570636
2011-03-28,2,5,0,2,2011,1,28,0,20.569074956779772
2011-03-29,2,5,0,2,2011,1,29,1,23.67680621758483
2011-03-31,2,5,0,2,2011,1,31,3,21.882604663188623
2011-04-01,2,5,0,2,2011,2,1,4,20.536953497391465
2011-04-05,2,5,0,2,2011,2,5,1,16.2277151230436
2011-04-06,2,5,0,2,2011,2,6,2,22.070786342282698
2011-04-07,2,5,0,2,2011,2,7,3,18.615589756712023
2011-04-08,2,5,0,2,2011,2,8,4,22.211692317534016
2011-04-11,2,5,0,2,2011,2,11,0,24.908769238150512
2011-04-12,2,5,0,2,2011,2,12,1,31.056576928612884
2011-04-19,2,5,0,2,2011,2,19,1,25.767432696459664
2011-04-21,2,5,0,2,2011,2,21,3,20.150574522344748
2011-04-27,2,5,0,2,2011,2,27,2,29.96293089175856
2011-05-03,2,5,0,2,2011,2,3,1,27.42219816881892
2011-05-05,2,5,0,2,2011,2,5,3,21.391648626614188
2011-05-08,2,5,0,2,2011,2,8,6,20.581236469960643
2011-05-09,2,5,0,2,2011,2,9,0,29.048427352470483
2011-05-10,2,5,0,2,2011,2,10,1,31.68632051435286
2011-05-11,2,5,0,2,2011,2,11,2,33.25224038576465
2011-05-12,2,5,0,2,2011,2,12,3,25.35168028932349
2011-05-16,2,5,0,2,2011,2,16,0,23.138760216992615
2011-05-17,2,5,0,2,2011,2,17,1,18.179070162744463
2011-05-18,2,5,0,2,2011,2,18,2,17.759302622058346
2011-05-19,2,5,0,2,2011,2,19,3,17.44447696654376
2011-05-20,2,5,0,2,2011,2,20,4,21.33335772490782
2011-05-22,2,5,0,2,2011,2,22,6,24.250018293680867
2011-05-23,2,5,0,2,2011,2,23,0,19.42501372026065
2011-05-24,2,5,0,2,2011,2,24,1,16.63126029019549
2011-06-02,2,5,0,2,2011,2,2,3,16.598445217646617
2011-06-03,2,5,0,2,2011,2,3,4,16.573833913234964
2011-06-05,2,5,0,2,2011,2,5,6,18.617875434926223
2011-06-07,2,5,0,2,2011,2,7,1,22.625906576194666
2011-06-08,2,5,0,2,2011,2,8,2,21.919429932146
2011-06-09,2,5,0,2,2011,2,9,3,28.814572449109498
2011-06-13,2,5,0,2,2011,2,13,0,25.735929336832122
2011-06-14,2,5,0,2,2011,2,14,1,21.36444700262409
2011-06-15,2,5,0,2,2011,2,15,2,16.848335251968066
2011-06-16,2,5,0,2,2011,2,16,3,16.76125143897605
2011-06-20,2,5,0,2,2011,2,20,0,13.808438579232039
2011-06-21,2,5,0,2,2011,2,21,1,18.606328934424027
2011-06-22,2,5,0,2,2011,2,22,2,18.07974670081802
2011-06-23,2,5,0,2,2011,2,23,3,18.097310025613517
2011-06-27,2,5,0,2,2011,2,27,0,15.635482519210138
2011-06-28,2,5,0,2,2011,2,28,1,20.3891118894076
2011-06-30,2,5,0,2,2011,2,30,3,16.1168339170557
2011-07-01,2,5,0,2,2011,3,1,4,16.212625437791775
2011-07-03,2,5,0,2,2011,3,3,6,24.534469078343832
2011-07-06,2,5,0,2,2011,3,6,2,22.525851808757874
2011-07-08,2,5,0,2,2011,3,8,4,21.019388856568405
2011-07-11,2,5,0,2,2011,3,11,0,29.7895416424263
2011-07-14,2,5,0,2,2011,3,14,3,22.754656231819727
2011-07-18,2,5,0,2,2011,3,18,0,25.315992173864796
2011-07-19,2,5,0,2,2011,3,19,1,40.7369941303986
2011-07-21,2,5,0,2,2011,3,21,3,38.802745597798946
2011-07-22,2,5,0,2,2011,3,22,4,29.92705919834921
2011-07-24,2,5,0,2,2011,3,24,6,23.270294398761905
2011-07-25,2,5,0,2,2011,3,25,0,21.57772079907143
2011-07-27,2,5,0,2,2011,3,27,2,28.55829059930357
2011-07-28,2,5,0,2,2011,3,28,3,61.79371794947768
2011-07-29,2,5,0,2,2011,3,29,4,62.84528846210826
2011-08-01,2,5,0,2,2011,3,1,0,51.25896634658119
2011-08-04,2,5,0,2,2011,3,4,3,68.1442247599359
2011-08-05,2,5,0,2,2011,3,5,4,51.933168569951924
2011-08-08,2,5,0,2,2011,3,8,0,44.31237642746394
2011-08-11,2,5,0,2,2011,3,11,3,45.609282320597956
2011-08-12,2,5,0,2,2011,3,12,4,42.45696174044846
2011-08-14,2,5,0,2,2011,3,14,6,33.080221305336345
2011-08-16,2,5,0,2,2011,3,16,1,28.935165979002257
2011-08-17,2,5,0,2,2011,3,17,2,25.826374484251694
2011-08-18,2,5,0,2,2011,3,18,3,35.86978086318877
2011-08-19,2,5,0,2,2011,3,19,4,31.02733564739158
2011-08-21,2,5,0,2,2011,3,21,6,27.395501735543686
2011-08-22,2,5,0,2,2011,3,22,0,24.671626301657763
2011-08-23,2,5,0,2,2011,3,23,1,22.62871972624332
2011-08-25,2,5,0,2,2011,3,25,3,21.096539794682492
2011-09-01,2,5,0,2,2011,3,1,3,18.70990484601187
2011-09-02,2,5,0,2,2011,3,2,4,14.857428634508903
2011-09-04,2,5,0,2,2011,3,4,6,21.455571475881676
2011-09-05,2,5,0,2,2011,3,5,0,17.741678606911258
2011-09-08,2,5,0,2,2011,3,8,3,14.131258955183442
2011-09-11,2,5,0,2,2011,3,11,6,11.010944216387582
2011-09-12,2,5,0,2,2011,3,12,0,12.383208162290686
2011-09-13,2,5,0,2,2011,3,13,1,13.412406121718014
2011-09-14,2,5,0,2,2011,3,14,2,10.88430459128851
2011-09-15,2,5,0,2,2011,3,15,3,12.288228443466382
2011-09-16,2,5,0,2,2011,3,16,4,13.341171332599787
2011-09-19,2,5,0,2,2011,3,19,0,22.79337849944984
2011-09-20,2,5,0,2,2011,3,20,1,22.04503387458738
2011-09-22,2,5,0,2,2011,3,22,3,20.658775405940535
2011-09-26,2,5,0,2,2011,3,26,0,18.591581554455402
2011-09-27,2,5,0,2,2011,3,27,1,22.19368616584155
2011-09-29,2,5,0,2,2011,3,29,3,29.020264624381163
2011-10-03,2,5,0,2,2011,4,3,0,24.035198468285873
2011-10-05,2,5,0,2,2011,4,5,2,30.401398851214406
2011-10-06,2,5,0,2,2011,4,6,3,26.926049138410804
2011-10-07,2,5,0,2,2011,4,7,4,21.432036853808103
2011-10-10,2,5,0,2,2011,4,10,0,25.15152764035608
2011-10-11,2,5,0,2,2011,4,11,1,22.98864573026706
2011-10-16,2,5,0,2,2011,4,16,6,18.478984297700297
2011-10-17,2,5,0,2,2011,4,17,0,14.271738223275223
2011-10-18,2,5,0,2,2011,4,18,1,13.178803667456418
2011-10-19,2,5,0,2,2011,4,19,2,14.009102750592312
2011-10-20,2,5,0,2,2011,4,20,3,14.631827062944234
2011-10-24,2,5,0,2,2011,4,24,0,15.928870297208176
2011-10-27,2,5,0,2,2011,4,27,3,24.32165272290613
2011-10-30,2,5,0,2,2011,4,30,6,26.078739542179598
2011-10-31,2,5,0,2,2011,4,31,0,21.6240546566347
2011-11-01,2,5,0,2,2011,4,1,1,18.280540992476027
2011-11-08,2,5,0,2,2011,4,8,1,17.83540574435702
2011-11-09,2,5,0,2,2011,4,9,2,21.626554308267764
2011-11-10,2,5,0,2,2011,4,10,3,30.03991573120082
2011-11-13,2,5,0,2,2011,4,13,6,23.767436798400617
2011-11-14,2,5,0,2,2011,4,14,0,22.368077598800465
2011-11-15,2,5,0,2,2011,4,15,1,22.963558199100348
2011-11-16,2,5,0,2,2011,4,16,2,25.47266864932526
2011-11-17,2,5,0,2,2011,4,17,3,23.642001486993948
2011-11-21,2,5,0,2,2011,4,21,0,22.68150111524546
2011-11-22,2,5,0,2,2011,4,22,1,21.136125836434097
2011-11-23,2,5,0,2,2011,4,23,2,21.83959437732557
2011-11-24,2,5,0,2,2011,4,24,3,20.50469578299418
2011-11-28,2,5,0,2,2011,4,28,0,18.476021837245636
2011-11-30,2,5,0,2,2011,4,30,2,23.344516377934227
2011-12-02,2,5,0,2,2011,4,2,4,21.63338728345067
2011-12-05,2,5,0,2,2011,4,5,0,21.387540462588
2011-12-06,2,5,0,2,2011,4,6,1,21.403155346941002
2011-12-08,2,5,0,2,2011,4,8,3,25.53986651020575
2011-03-14,2,6,1,2,2011,1,14,0,11.90192307569692
2011-03-15,2,6,1,2,2011,1,15,1,10.576442306772691
2011-03-21,2,6,1,2,2011,1,21,0,9.169831730079519
2011-03-22,2,6,1,2,2011,1,22,1,8.527373797559639
2011-03-23,2,6,1,2,2011,1,23,2,7.633030348169728
2011-03-24,2,6,1,2,2011,1,24,3,6.137272761127296
2011-03-29,2,6,1,2,2011,1,29,1,12.852954570845473
2011-04-04,2,6,1,2,2011,2,4,0,10.052215928134105
2011-04-05,2,6,1,2,2011,2,5,1,8.364161946100579
2011-04-07,2,6,1,2,2011,2,7,3,7.098121459575434
2011-04-08,2,6,1,2,2011,2,8,4,9.448591094681575
2011-04-11,2,6,1,2,2011,2,11,0,15.74894332101118
2011-04-13,2,6,1,2,2011,2,13,2,12.224207490758385
2011-04-14,2,6,1,2,2011,2,14,3,9.993155618068787
2011-04-20,2,6,1,2,2011,2,20,2,11.619866713551591
2011-04-21,2,6,1,2,2011,2,21,3,12.839900035163694
2011-04-27,2,6,1,2,2011,2,27,2,22.00492502637277
2011-05-03,2,6,1,2,2011,2,3,1,21.453693769779576
2011-05-05,2,6,1,2,2011,2,5,3,16.91527032733468
2011-05-08,2,6,1,2,2011,2,8,6,17.63645274550101
2011-05-09,2,6,1,2,2011,2,9,0,17.35233955912576
2011-05-10,2,6,1,2,2011,2,10,1,21.264254669344318
2011-05-12,2,6,1,2,2011,2,12,3,24.198191002008237
2011-05-16,2,6,1,2,2011,2,16,0,26.39864325150618
2011-05-17,2,6,1,2,2011,2,17,1,21.448982438629635
2011-05-18,2,6,1,2,2011,2,18,2,20.211736828972228
2011-05-20,2,6,1,2,2011,2,20,4,23.408802621729173
2011-05-23,2,6,1,2,2011,2,23,0,17.969101966296883
2011-05-24,2,6,1,2,2011,2,24,1,18.426826474722663
2011-06-07,2,6,1,2,2011,2,7,1,17.945119856041998
2011-06-08,2,6,1,2,2011,2,8,2,14.283839892031498
2011-06-14,2,6,1,2,2011,2,14,1,15.662879919023624
2011-06-15,2,6,1,2,2011,2,15,2,12.159659939267717
2011-06-16,2,6,1,2,2011,2,16,3,17.369744954450788
2011-06-20,2,6,1,2,2011,2,20,0,14.26480871583809
2011-06-21,2,6,1,2,2011,2,21,1,18.948606536878568
2011-06-23,2,6,1,2,2011,2,23,3,18.748954902658923
2011-06-26,2,6,1,2,2011,2,26,6,16.124216176994192
2011-06-27,2,6,1,2,2011,2,27,0,12.505662132745643
2011-06-30,2,6,1,2,2011,2,30,3,14.329246599559234
2011-07-03,2,6,1,2,2011,3,3,6,15.696934949669426
2011-07-05,2,6,1,2,2011,3,5,1,20.02270121225207
2011-07-06,2,6,1,2,2011,3,6,2,27.39202590918905
2011-07-07,2,6,1,2,2011,3,7,3,34.156519431891795
2011-07-11,2,6,1,2,2011,3,11,0,42.11738957391884
2011-07-14,2,6,1,2,2011,3,14,3,32.413042180439135
2011-07-15,2,6,1,2,2011,3,15,4,32.55978163532935
2011-07-17,2,6,1,2,2011,3,17,6,29.36983622649701
2011-07-18,2,6,1,2,2011,3,18,0,26.152377169872757
2011-07-21,2,6,1,2,2011,3,21,3,28.68928287740457
2011-07-25,2,6,1,2,2011,3,25,0,25.641962158053428
2011-07-27,2,6,1,2,2011,3,27,2,23.35647161854007
2011-07-28,2,6,1,2,2011,3,28,3,25.767353713905052
2011-07-29,2,6,1,2,2011,3,29,4,31.70051528542879
2011-07-31,2,6,1,2,2011,3,31,6,24.187886464071592
2011-08-04,2,6,1,2,2011,3,4,3,34.6409148480537
2011-08-05,2,6,1,2,2011,3,5,4,26.805686136040272
2011-08-08,2,6,1,2,2011,3,8,0,21.341764602030207
2011-08-11,2,6,1,2,2011,3,11,3,29.206323451522653
2011-08-18,2,6,1,2,2011,3,18,3,34.279742588641994
2011-08-22,2,6,1,2,2011,3,22,0,33.959806941481496
2011-08-23,2,6,1,2,2011,3,23,1,30.41985520611112
2011-08-25,2,6,1,2,2011,3,25,3,26.93989140458334
2011-09-01,2,6,1,2,2011,3,1,3,21.442418553437506
2011-09-02,2,6,1,2,2011,3,2,4,17.731813915078128
2011-09-04,2,6,1,2,2011,3,4,6,21.548860436308594
2011-09-05,2,6,1,2,2011,3,5,0,18.224145327231447
2011-09-08,2,6,1,2,2011,3,8,3,14.493108995423585
2011-09-11,2,6,1,2,2011,3,11,6,11.694831746567688
2011-09-13,2,6,1,2,2011,3,13,1,25.27112380992577
2011-09-15,2,6,1,2,2011,3,15,3,23.903342857444326
2011-09-16,2,6,1,2,2011,3,16,4,24.52750714308324
2011-09-19,2,6,1,2,2011,3,19,0,23.34563035731243
2011-09-22,2,6,1,2,2011,3,22,3,22.871722767984323
2011-09-23,2,6,1,2,2011,3,23,4,17.566292075988244
2011-09-25,2,6,1,2,2011,3,25,6,17.71221905699118
2011-09-26,2,6,1,2,2011,3,26,0,17.409164292743384
2011-09-27,2,6,1,2,2011,3,27,1,26.256873219557537
2011-09-28,2,6,1,2,2011,3,28,2,23.817654914668154
2011-09-29,2,6,1,2,2011,3,29,3,21.988241186001115
2011-10-02,2,6,1,2,2011,4,2,6,17.316180889500835
2011-10-03,2,6,1,2,2011,4,3,0,18.349635667125625
2011-10-05,2,6,1,2,2011,4,5,2,30.26222675034422
2011-10-07,2,6,1,2,2011,4,7,4,23.934170062758167
2011-10-10,2,6,1,2,2011,4,10,0,26.200627547068624
2011-10-12,2,6,1,2,2011,4,12,2,23.77547066030147
2011-10-17,2,6,1,2,2011,4,17,0,19.4816029952261
2011-10-18,2,6,1,2,2011,4,18,1,17.086202246419575
2011-10-19,2,6,1,2,2011,4,19,2,16.93965168481468
2011-10-26,2,6,1,2,2011,4,26,2,13.529738763611011
2011-10-27,2,6,1,2,2011,4,27,3,14.272304072708259
2011-10-28,2,6,1,2,2011,4,28,4,12.354228054531195
2011-10-30,2,6,1,2,2011,4,30,6,17.515671040898397
2011-10-31,2,6,1,2,2011,4,31,0,17.261753280673798
2011-11-01,2,6,1,2,2011,4,1,1,14.183814960505348
2011-11-02,2,6,1,2,2011,4,2,2,14.762861220379012
2011-11-08,2,6,1,2,2011,4,8,1,13.13464591528426
2011-11-10,2,6,1,2,2011,4,10,3,23.463484436463197
2011-11-13,2,6,1,2,2011,4,13,6,23.785113327347396
2011-11-14,2,6,1,2,2011,4,14,0,24.026334995510545
2011-11-15,2,6,1,2,2011,4,15,1,24.207251246632907
2011-11-16,2,6,1,2,2011,4,16,2,26.40543843497468
2011-11-17,2,6,1,2,2011,4,17,3,23.92907882623101
2011-11-18,2,6,1,2,2011,4,18,4,22.071809119673258
2011-11-20,2,6,1,2,2011,4,20,6,17.378856839754942
2011-11-21,2,6,1,2,2011,4,21,0,17.571642629816203
2011-11-22,2,6,1,2,2011,4,22,1,18.128731972362154
2011-11-23,2,6,1,2,2011,4,23,2,14.421548979271614
2011-11-24,2,6,1,2,2011,4,24,3,20.716161734453713
2011-11-27,2,6,1,2,2011,4,27,6,16.362121300840286
2011-11-28,2,6,1,2,2011,4,28,0,12.684090975630214
2011-11-30,2,6,1,2,2011,4,30,2,19.00056823172266
2011-12-01,2,6,1,2,2011,4,1,3,18.375426173791993
2011-12-04,2,6,1,2,2011,4,4,6,14.606569630343994
2011-12-05,2,6,1,2,2011,4,5,0,11.367427222757994
2011-12-06,2,6,1,2,2011,4,6,1,14.300570417068496
2011-12-07,2,6,1,2,2011,4,7,2,14.850427812801371
2011-12-08,2,6,1,2,2011,4,8,3,12.787820859601029
2011-03-14,2,7,2,2,2011,1,14,0,31.181920798436998
2011-03-15,2,7,2,2,2011,1,15,1,27.098940598827745
2011-03-16,2,7,2,2,2011,1,16,2,25.27420544912081
2011-03-20,2,7,2,2,2011,1,20,6,39.993154086840605
2011-03-22,2,7,2,2,2011,1,22,1,36.18236556513045
2011-03-23,2,7,2,2,2011,1,23,2,33.32427417384784
2011-03-28,2,7,2,2,2011,1,28,0,28.70570563038588
2011-03-29,2,7,2,2,2011,1,29,1,25.24177922278941
2011-03-30,2,7,2,2,2011,1,30,2,22.64383441709206
2011-04-03,2,7,2,2,2011,2,3,6,21.932875812819045
2011-04-05,2,7,2,2,2011,2,5,1,18.924656859614284
2011-04-06,2,7,2,2,2011,2,6,2,15.430992644710713
2011-04-10,2,7,2,2,2011,2,10,6,12.810744483533036
2011-06-08,2,7,2,2,2011,2,8,2,14.558058362649778
2011-06-09,2,7,2,2,2011,2,9,3,23.293543771987338
2011-06-10,2,7,2,2,2011,2,10,4,21.1826578289905
2011-06-12,2,7,2,2,2011,2,12,6,17.124493371742876
2011-06-14,2,7,2,2,2011,2,14,1,15.318370028807157
2011-06-15,2,7,2,2,2011,2,15,2,13.963777521605367
2011-06-16,2,7,2,2,2011,2,16,3,25.32283314120403
2011-06-19,2,7,2,2,2011,2,19,6,22.70462485590302
2011-06-20,2,7,2,2,2011,2,20,0,20.740968641927267
2011-06-22,2,7,2,2,2011,2,22,2,37.83072648144545
2011-06-23,2,7,2,2,2011,2,23,3,38.27304486108409
2011-06-24,2,7,2,2,2011,2,24,4,32.417283645813065
2011-06-30,2,7,2,2,2011,2,30,3,26.7879627343598
2011-07-07,2,7,2,2,2011,3,7,3,23.803472050769848
2011-07-11,2,7,2,2,2011,3,11,0,21.565104038077386
2011-07-13,2,7,2,2,2011,3,13,2,19.88632802855804
2011-07-14,2,7,2,2,2011,3,14,3,28.52724602141853
2011-07-17,2,7,2,2,2011,3,17,6,30.0579345160639
2011-07-21,2,7,2,2,2011,3,21,3,26.255950887047923
2011-07-24,2,7,2,2,2011,3,24,6,24.64196316528594
2011-07-25,2,7,2,2,2011,3,25,0,22.193972373964456
2011-07-29,2,7,2,2,2011,3,29,4,20.357979280473344
2011-07-31,2,7,2,2,2011,3,31,6,18.98098446035501
2011-08-01,2,7,2,2,2011,3,1,0,17.948238345266258
2011-08-03,2,7,2,2,2011,3,3,2,17.17367875894969
2011-08-04,2,7,2,2,2011,3,4,3,14.11775906921227
2011-08-05,2,7,2,2,2011,3,5,4,11.825819301909203
2011-08-08,2,7,2,2,2011,3,8,0,13.8193644764319
2011-08-10,2,7,2,2,2011,3,10,2,14.077023357323926
2011-08-12,2,7,2,2,2011,3,12,4,14.270267517992945
2011-08-14,2,7,2,2,2011,3,14,6,13.177700638494708
2011-08-15,2,7,2,2,2011,3,15,0,17.308275478871032
2011-08-17,2,7,2,2,2011,3,17,2,20.406206609153273
2011-08-19,2,7,2,2,2011,3,19,4,16.542154956864955
2011-08-21,2,7,2,2,2011,3,21,6,16.119116217648717
2011-08-22,2,7,2,2,2011,3,22,0,15.801837163236538
2011-08-24,2,7,2,2,2011,3,24,2,13.088877872427403
2011-08-25,2,7,2,2,2011,3,25,3,13.529158404320553
2011-08-26,2,7,2,2,2011,3,26,4,13.859368803240415
2011-09-04,2,7,2,2,2011,3,4,6,21.532026602430314
2011-09-08,2,7,2,2,2011,3,8,3,17.386519951822738
2011-09-11,2,7,2,2,2011,3,11,6,16.752389963867053
2011-09-12,2,7,2,2,2011,3,12,0,16.27679247290029
2011-09-15,2,7,2,2,2011,3,15,3,17.15759435467522
2011-09-16,2,7,2,2,2011,3,16,4,16.580695766006414
2011-09-19,2,7,2,2,2011,3,19,0,16.14802182450481
2011-09-22,2,7,2,2,2011,3,22,3,23.24851636837861
2011-09-23,2,7,2,2,2011,3,23,4,21.148887276283958
2011-09-25,2,7,2,2,2011,3,25,6,17.09916545721297
2011-09-26,2,7,2,2,2011,3,26,0,15.521874092909727
2011-09-27,2,7,2,2,2011,3,27,1,22.778905569682294
2011-09-28,2,7,2,2,2011,3,28,2,24.50917917726172
2011-09-29,2,7,2,2,2011,3,29,3,23.33188438294629
2011-10-03,2,7,2,2,2011,4,3,0,21.211413287209716
2011-10-04,2,7,2,2,2011,4,4,1,17.146059965407286
2011-10-06,2,7,2,2,2011,4,6,3,16.572044974055466
2011-10-07,2,7,2,2,2011,4,7,4,16.1415337305416
2011-10-10,2,7,2,2,2011,4,10,0,24.9261502979062
2011-10-11,2,7,2,2,2011,4,11,1,22.40711272342965
2011-10-12,2,7,2,2,2011,4,12,2,24.230334542572237
2011-10-14,2,7,2,2,2011,4,14,4,23.122750906929177
2011-10-16,2,7,2,2,2011,4,16,6,21.05456318019688
2011-10-18,2,7,2,2,2011,4,18,1,41.778422385147664
2011-10-24,2,7,2,2,2011,4,24,0,48.53381678886075
2011-10-25,2,7,2,2,2011,4,25,1,47.53786259164556
2011-10-27,2,7,2,2,2011,4,27,3,46.790896943734175
2011-10-30,2,7,2,2,2011,4,30,6,36.33067270780063
2011-10-31,2,7,2,2,2011,4,31,0,29.94550453085047
2011-11-01,2,7,2,2,2011,4,1,1,26.171628398137855
2011-11-02,2,7,2,2,2011,4,2,2,23.341221298603394
2011-11-03,2,7,2,2,2011,4,3,3,21.218415973952546
2011-11-06,2,7,2,2,2011,4,6,6,23.33881198046441
2011-11-07,2,7,2,2,2011,4,7,0,18.741608985348307
2011-11-10,2,7,2,2,2011,4,10,3,20.24370673901123
2011-11-13,2,7,2,2,2011,4,13,6,18.89528005425842
2011-11-14,2,7,2,2,2011,4,14,0,16.868960040693814
2011-11-15,2,7,2,2,2011,4,15,1,20.076720030520363
2011-11-17,2,7,2,2,2011,4,17,3,23.720040022890274
2011-11-23,2,7,2,2,2011,4,23,2,40.732530017167704
2011-11-24,2,7,2,2,2011,4,24,3,40.44939751287578
2011-11-27,2,7,2,2,2011,4,27,6,31.574548134656833
2011-11-28,2,7,2,2,2011,4,28,0,26.378411100992622
2011-12-01,2,7,2,2,2011,4,1,3,27.208808325744467
2011-12-05,2,7,2,2,2011,4,5,0,33.89410624430835
2011-12-06,2,7,2,2,2011,4,6,1,32.845579683231264
2011-12-07,2,7,2,2,2011,4,7,2,28.34668476242345
2011-05-08,2,8,3,2,2011,2,8,6,85.28
2011-05-09,2,8,3,2,2011,2,9,0,83.2
2011-05-11,2,8,3,2,2011,2,11,2,73.32000000000001
2011-05-17,2,8,3,2,2011,2,17,1,65.26
2011-05-18,2,8,3,2,2011,2,18,2,54.14500000000001
2011-05-19,2,8,3,2,2011,2,19,3,50.68375
2011-05-20,2,8,3,2,2011,2,20,4,53.612812500000004
2011-05-22,2,8,3,2,2011,2,22,6,45.084609375
2011-05-23,2,8,3,2,2011,2,23,0,39.01345703125
2011-05-24,2,8,3,2,2011,2,24,1,33.4200927734375
2011-05-25,2,8,3,2,2011,2,25,2,30.265069580078126
2011-05-26,2,8,3,2,2011,2,26,3,24.258802185058595
2011-06-01,2,8,3,2,2011,2,1,2,22.874101638793945
2011-06-02,2,8,3,2,2011,2,2,3,22.35557622909546
2011-06-03,2,8,3,2,2011,2,3,4,17.806682171821592
2011-06-05,2,8,3,2,2011,2,5,6,23.755011628866193
2011-06-07,2,8,3,2,2011,2,7,1,18.856258721649645
2011-06-09,2,8,3,2,2011,2,9,3,19.342194041237235
2011-06-10,2,8,3,2,2011,2,10,4,17.626645530927927
2011-06-12,2,8,3,2,2011,2,12,6,19.654984148195943
2011-06-13,2,8,3,2,2011,2,13,0,20.981238111146958
2011-06-14,2,8,3,2,2011,2,14,1,19.895928583360217
2011-06-15,2,8,3,2,2011,2,15,2,15.961946437520162
2011-06-16,2,8,3,2,2011,2,16,3,32.771459828140124
2011-06-19,2,8,3,2,2011,2,19,6,30.298594871105095
2011-06-21,2,8,3,2,2011,2,21,1,27.92394615332882
2011-06-23,2,8,3,2,2011,2,23,3,32.90295961499662
2011-06-27,2,8,3,2,2011,2,27,0,27.277219711247465
2011-06-28,2,8,3,2,2011,2,28,1,32.4179147834356
2011-06-30,2,8,3,2,2011,2,30,3,25.873436087576696
2011-07-01,2,8,3,2,2011,3,1,4,24.280077065682523
2011-07-05,2,8,3,2,2011,3,5,1,23.410057799261892
2011-07-06,2,8,3,2,2011,3,6,2,27.957543349446418
2011-07-07,2,8,3,2,2011,3,7,3,38.648157512084815
2011-07-08,2,8,3,2,2011,3,8,4,39.38611813406361
2011-07-13,2,8,3,2,2011,3,13,2,42.019588600547706
2011-07-14,2,8,3,2,2011,3,14,3,37.75469145041078
2011-07-15,2,8,3,2,2011,3,15,4,29.356018587808087
2011-07-17,2,8,3,2,2011,3,17,6,36.96701394085606
2011-07-18,2,8,3,2,2011,3,18,0,43.32526045564205
2011-07-20,2,8,3,2,2011,3,20,2,38.21394534173154
2011-07-21,2,8,3,2,2011,3,21,3,39.06045900629865
2011-07-24,2,8,3,2,2011,3,24,6,30.335344254723985
2011-07-27,2,8,3,2,2011,3,27,2,50.31150819104299
2011-07-28,2,8,3,2,2011,3,28,3,98.08363114328225
2011-07-29,2,8,3,2,2011,3,29,4,154.7127233574617
2011-08-01,2,8,3,2,2011,3,1,0,126.43454251809628
2011-08-02,2,8,3,2,2011,3,2,1,100.02590688857221
2011-08-04,2,8,3,2,2011,3,4,3,260.77943016642917
2011-08-08,2,8,3,2,2011,3,8,0,201.82457262482188
2011-08-10,2,8,3,2,2011,3,10,2,156.5684294686164
2011-08-11,2,8,3,2,2011,3,11,3,256.8763221014623
2011-08-15,2,8,3,2,2011,3,15,0,205.1372415760967
2011-08-16,2,8,3,2,2011,3,16,1,159.0529311820725
2011-08-17,2,8,3,2,2011,3,17,2,124.4896983865544
2011-08-18,2,8,3,2,2011,3,18,3,98.5672737899158
2011-08-19,2,8,3,2,2011,3,19,4,79.12545534243685
2011-08-22,2,8,3,2,2011,3,22,0,69.74409150682764
2011-08-23,2,8,3,2,2011,3,23,1,99.13806863012073
2011-08-25,2,8,3,2,2011,3,25,3,124.30355147259054
2011-09-01,2,8,3,2,2011,3,1,3,107.26766360444292
2011-09-02,2,8,3,2,2011,3,2,4,90.85074770333219
2011-09-04,2,8,3,2,2011,3,4,6,70.73806077749913
2011-09-05,2,8,3,2,2011,3,5,0,65.53354558312435
2011-09-07,2,8,3,2,2011,3,7,2,54.350159187343266
2011-09-08,2,8,3,2,2011,3,8,3,56.362619390507454
2011-09-11,2,8,3,2,2011,3,11,6,43.31196454288059
2011-09-13,2,8,3,2,2011,3,13,1,92.83397340716044
2011-09-15,2,8,3,2,2011,3,15,3,80.02548005537034
2011-09-16,2,8,3,2,2011,3,16,4,70.41911004152776
2011-09-19,2,8,3,2,2011,3,19,0,63.21433253114582
2011-09-22,2,8,3,2,2011,3,22,3,65.09074939835936
2011-09-23,2,8,3,2,2011,3,23,4,54.01806204876952
2011-09-25,2,8,3,2,2011,3,25,6,50.91354653657714
2011-09-26,2,8,3,2,2011,3,26,0,43.385159902432854
2011-09-27,2,8,3,2,2011,3,27,1,45.018869926824635
2011-09-29,2,8,3,2,2011,3,29,3,49.884152445118474
2011-09-30,2,8,3,2,2011,3,30,4,42.61311433383886
2011-10-02,2,8,3,2,2011,4,2,6,32.99983575037914
2011-10-03,2,8,3,2,2011,4,3,0,25.789876812784357
2011-10-04,2,8,3,2,2011,4,4,1,26.10240760958827
2011-10-05,2,8,3,2,2011,4,5,2,29.976805707191204
2011-10-06,2,8,3,2,2011,4,6,3,27.682604280393402
2011-10-07,2,8,3,2,2011,4,7,4,23.881953210295052
2011-10-09,2,8,3,2,2011,4,9,6,23.111464907721288
2011-10-10,2,8,3,2,2011,4,10,0,24.09359868079097
2011-10-12,2,8,3,2,2011,4,12,2,28.470199010593227
2011-10-19,2,8,3,2,2011,4,19,2,31.752649257944917
2011-10-20,2,8,3,2,2011,4,20,3,29.01448694345869
2011-10-21,2,8,3,2,2011,4,21,4,26.960865207594015
2011-10-24,2,8,3,2,2011,4,24,0,21.26064890569551
2011-10-25,2,8,3,2,2011,4,25,1,21.145486679271635
2011-10-28,2,8,3,2,2011,4,28,4,17.939115009453726
2011-10-30,2,8,3,2,2011,4,30,6,18.654336257090293
2011-10-31,2,8,3,2,2011,4,31,0,19.19075219281772
2011-11-01,2,8,3,2,2011,4,1,1,16.47306414461329
2011-11-03,2,8,3,2,2011,4,3,3,17.554798108459966
2011-11-04,2,8,3,2,2011,4,4,4,18.366098581344975
2011-11-06,2,8,3,2,2011,4,6,6,14.814573936008731
2011-11-07,2,8,3,2,2011,4,7,0,15.790930452006549
2011-11-08,2,8,3,2,2011,4,8,1,30.04319783900491
2011-11-09,2,8,3,2,2011,4,9,2,302.47239837925366
2011-11-10,2,8,3,2,2011,4,10,3,278.3642987844402
2011-11-11,2,8,3,2,2011,4,11,4,210.33322408833016
2011-11-13,2,8,3,2,2011,4,13,6,161.38991806624762
2011-11-14,2,8,3,2,2011,4,14,0,170.99243854968572
2011-11-15,2,8,3,2,2011,4,15,1,135.00432891226427
2011-11-16,2,8,3,2,2011,4,16,2,106.4532466841982
2011-11-17,2,8,3,2,2011,4,17,3,163.60493501314863
2011-11-18,2,8,3,2,2011,4,18,4,127.90370125986148
2011-11-20,2,8,3,2,2011,4,20,6,101.12777594489611
2011-11-22,2,8,3,2,2011,4,22,1,82.60583195867208
2011-11-23,2,8,3,2,2011,4,23,2,68.19437396900406
2011-11-24,2,8,3,2,2011,4,24,3,77.14578047675305
2011-11-25,2,8,3,2,2011,4,25,4,63.05933535756479
2011-11-28,2,8,3,2,2011,4,28,0,59.774501518173594
2011-11-29,2,8,3,2,2011,4,29,1,50.0308761386302
2011-11-30,2,8,3,2,2011,4,30,2,50.52315710397265
2011-12-01,2,8,3,2,2011,4,1,3,48.29236782797948
2011-12-04,2,8,3,2,2011,4,4,6,37.25927587098461
2011-12-05,2,8,3,2,2011,4,5,0,28.464456903238457
2011-12-06,2,8,3,2,2011,4,6,1,28.108342677428844
2011-03-15,2,9,4,2,2011,1,15,1,12.715024735283695
2011-03-21,2,9,4,2,2011,1,21,0,10.361268551462771
2011-03-23,2,9,4,2,2011,1,23,2,9.833451413597079
2011-03-28,2,9,4,2,2011,1,28,0,19.75008856019781
2011-03-29,2,9,4,2,2011,1,29,1,18.937566420148357
2011-03-30,2,9,4,2,2011,1,30,2,16.265674815111268
2011-04-01,2,9,4,2,2011,2,1,4,16.32425611133345
2011-04-04,2,9,4,2,2011,2,4,0,32.86819208350009
2011-04-06,2,9,4,2,2011,2,6,2,34.55114406262507
2011-04-07,2,9,4,2,2011,2,7,3,26.325858046968804
2011-04-08,2,9,4,2,2011,2,8,4,27.994393535226603
2011-04-12,2,9,4,2,2011,2,12,1,33.370795151419955
2011-04-13,2,9,4,2,2011,2,13,2,27.503096363564964
2011-04-19,2,9,4,2,2011,2,19,1,22.27732227267372
2011-04-20,2,9,4,2,2011,2,20,2,29.08299170450529
2011-04-21,2,9,4,2,2011,2,21,3,26.762243778378966
2011-04-27,2,9,4,2,2011,2,27,2,29.146682833784222
2011-05-03,2,9,4,2,2011,2,3,1,25.985012125338166
2011-05-06,2,9,4,2,2011,2,6,4,23.613759094003626
2011-05-08,2,9,4,2,2011,2,8,6,26.78531932050272
2011-05-09,2,9,4,2,2011,2,9,0,41.95148949037704
2011-05-11,2,9,4,2,2011,2,11,2,35.58861711778278
2011-05-12,2,9,4,2,2011,2,12,3,63.35396283833709
2011-05-16,2,9,4,2,2011,2,16,0,51.64047212875282
2011-05-17,2,9,4,2,2011,2,17,1,41.20535409656461
2011-05-18,2,9,4,2,2011,2,18,2,35.02901557242346
2011-05-19,2,9,4,2,2011,2,19,3,30.396761679317596
2011-05-20,2,9,4,2,2011,2,20,4,31.047571259488198
2011-05-23,2,9,4,2,2011,2,23,0,24.11067844461615
2011-05-24,2,9,4,2,2011,2,24,1,23.03300883346211
2011-05-25,2,9,4,2,2011,2,25,2,25.524756625096582
2011-05-26,2,9,4,2,2011,2,26,3,23.268567468822436
2011-06-02,2,9,4,2,2011,2,2,3,25.701425601616826
2011-06-05,2,9,4,2,2011,2,5,6,25.876069201212623
2011-06-08,2,9,4,2,2011,2,8,2,20.232051900909465
2011-06-10,2,9,4,2,2011,2,10,4,17.236538925682098
2011-06-14,2,9,4,2,2011,2,14,1,14.577404194261574
2011-06-16,2,9,4,2,2011,2,16,3,15.05805314569618
2011-06-20,2,9,4,2,2011,2,20,0,12.531039859272134
2011-06-23,2,9,4,2,2011,2,23,3,16.4107798944541
2011-06-24,2,9,4,2,2011,2,24,4,16.433084920840578
2011-06-27,2,9,4,2,2011,2,27,0,14.387313690630434
2011-06-30,2,9,4,2,2011,2,30,3,15.740485267972826
2011-07-01,2,9,4,2,2011,3,1,4,15.930363950979618
2011-07-03,2,9,4,2,2011,3,3,6,20.197772963234712
2011-07-07,2,9,4,2,2011,3,7,3,27.523329722426034
2011-07-11,2,9,4,2,2011,3,11,0,28.892497291819524
2011-07-14,2,9,4,2,2011,3,14,3,22.081872968864644
2011-07-15,2,9,4,2,2011,3,15,4,20.686404726648483
2011-07-18,2,9,4,2,2011,3,18,0,23.764803544986364
2011-07-20,2,9,4,2,2011,3,20,2,21.948602658739773
2011-07-21,2,9,4,2,2011,3,21,3,24.71145199405483
2011-07-22,2,9,4,2,2011,3,22,4,19.358588995541123
2011-07-25,2,9,4,2,2011,3,25,0,18.64394174665584
2011-07-27,2,9,4,2,2011,3,27,2,27.18295630999188
2011-07-28,2,9,4,2,2011,3,28,3,24.51221723249391
2011-07-29,2,9,4,2,2011,3,29,4,30.759162924370433
2011-07-31,2,9,4,2,2011,3,31,6,23.481872193277827
2011-08-02,2,9,4,2,2011,3,2,1,21.73640414495837
2011-08-04,2,9,4,2,2011,3,4,3,20.427303108718778
2011-08-05,2,9,4,2,2011,3,5,4,16.557977331539085
2011-08-08,2,9,4,2,2011,3,8,0,19.430982998654315
2011-08-11,2,9,4,2,2011,3,11,3,32.31073724899073
2011-08-12,2,9,4,2,2011,3,12,4,32.48305293674305
2011-08-22,2,9,4,2,2011,3,22,0,32.61228970255729
2011-08-23,2,9,4,2,2011,3,23,1,25.284217276917968
2011-08-25,2,9,4,2,2011,3,25,3,23.088162957688475
2011-09-01,2,9,4,2,2011,3,1,3,18.966122218266356
2011-09-02,2,9,4,2,2011,3,2,4,15.049591663699767
2011-09-04,2,9,4,2,2011,3,4,6,16.649693747774826
2011-09-05,2,9,4,2,2011,3,5,0,22.38727031083112
2011-09-08,2,9,4,2,2011,3,8,3,17.615452733123337
2011-09-11,2,9,4,2,2011,3,11,6,14.449089549842505
2011-09-15,2,9,4,2,2011,3,15,3,11.661817162381878
2011-09-19,2,9,4,2,2011,3,19,0,13.696362871786409
2011-09-21,2,9,4,2,2011,3,21,2,11.304772153839808
2011-09-22,2,9,4,2,2011,3,22,3,22.091079115379856
2011-09-27,2,9,4,2,2011,3,27,1,24.81830933653489
2011-09-29,2,9,4,2,2011,3,29,3,27.276232002401166
2011-10-02,2,9,4,2,2011,4,2,6,24.582174001800873
2011-10-05,2,9,4,2,2011,4,5,2,26.686630501350656
2011-10-07,2,9,4,2,2011,4,7,4,20.83997287601299
2011-10-09,2,9,4,2,2011,4,9,6,16.042479657009743
2011-10-10,2,9,4,2,2011,4,10,0,14.094359742757307
2011-10-12,2,9,4,2,2011,4,12,2,10.98326980706798
2011-10-17,2,9,4,2,2011,4,17,0,8.649952355300984
2011-10-18,2,9,4,2,2011,4,18,1,8.962464266475738
2011-10-20,2,9,4,2,2011,4,20,3,10.846848199856804
2011-10-24,2,9,4,2,2011,4,24,0,8.960136149892602
2011-10-26,2,9,4,2,2011,4,26,2,10.84510211241945
2011-10-30,2,9,4,2,2011,4,30,6,16.796326584314585
2011-10-31,2,9,4,2,2011,4,31,0,15.694744938235939
2011-11-01,2,9,4,2,2011,4,1,1,13.421058703676954
2011-11-04,2,9,4,2,2011,4,4,4,14.190794027757715
2011-11-08,2,9,4,2,2011,4,8,1,18.893095520818285
2011-11-10,2,9,4,2,2011,4,10,3,15.614821640613714
2011-11-11,2,9,4,2,2011,4,11,4,12.536116230460285
2011-11-13,2,9,4,2,2011,4,13,6,10.639587172845214
2011-11-14,2,9,4,2,2011,4,14,0,9.21719037963391
2011-11-16,2,9,4,2,2011,4,16,2,19.287892784725432
2011-11-17,2,9,4,2,2011,4,17,3,19.415919588544075
2011-11-20,2,9,4,2,2011,4,20,6,15.386939691408056
2011-11-21,2,9,4,2,2011,4,21,0,12.36520476855604
2011-11-22,2,9,4,2,2011,4,22,1,13.39890357641703
2011-11-23,2,9,4,2,2011,4,23,2,14.999177682312773
2011-11-24,2,9,4,2,2011,4,24,3,15.786883261734578
2011-11-27,2,9,4,2,2011,4,27,6,12.665162446300933
2011-11-28,2,9,4,2,2011,4,28,0,9.9113718347257
2011-11-30,2,9,4,2,2011,4,30,2,8.258528876044274
2011-12-04,2,9,4,2,2011,4,4,6,7.018896657033205
2011-12-06,2,9,4,2,2011,4,6,1,10.626672492774905
2011-06-23,2,10,0,2,2011,2,23,3,39.63956760764121
2011-06-29,2,10,0,2,2011,2,29,2,30.46717570573091
2011-07-03,2,10,0,2,2011,3,3,6,27.275381779298183
2011-07-05,2,10,0,2,2011,3,5,1,24.881536334473637
2011-07-14,2,10,0,2,2011,3,14,3,23.08615225085523
2011-07-20,2,10,0,2,2011,3,20,2,18.05211418814142
2011-07-26,2,10,0,2,2011,3,26,1,20.914085641106066
2011-07-28,2,10,0,2,2011,3,28,3,41.18556423082955
2011-07-31,2,10,0,2,2011,3,31,6,56.38917317312216
2011-08-02,2,10,0,2,2011,3,2,1,46.71687987984161
2011-08-11,2,10,0,2,2011,3,11,3,43.887659909881215
2011-08-24,2,10,0,2,2011,3,24,2,37.340744932410914
2011-08-31,2,10,0,2,2011,3,31,2,53.50555869930818
2011-09-02,2,10,0,2,2011,3,2,4,41.576669024481134
2011-09-04,2,10,0,2,2011,3,4,6,40.03250176836085
2011-09-09,2,10,0,2,2011,3,9,4,43.29937632627064
2011-09-11,2,10,0,2,2011,3,11,6,117.82453224470297
2011-09-12,2,10,0,2,2011,3,12,0,106.06839918352723
2011-09-13,2,10,0,2,2011,3,13,1,92.77129938764543
2011-09-14,2,10,0,2,2011,3,14,2,74.00347454073408
2011-09-15,2,10,0,2,2011,3,15,3,89.85260590555055
2011-09-20,2,10,0,2,2011,3,20,1,75.50195442916291
2011-09-21,2,10,0,2,2011,3,21,2,68.20646582187219
2011-09-22,2,10,0,2,2011,3,22,3,68.85484936640414
2011-09-23,2,10,0,2,2011,3,23,4,69.3411370248031
2011-09-25,2,10,0,2,2011,3,25,6,56.43085276860232
2011-09-26,2,10,0,2,2011,3,26,0,53.903139576451736
2011-09-28,2,10,0,2,2011,3,28,2,49.2773546823388
2011-09-29,2,10,0,2,2011,3,29,3,39.1705160117541
2011-09-30,2,10,0,2,2011,3,30,4,46.34038700881558
2011-10-02,2,10,0,2,2011,4,2,6,37.70529025661169
2011-10-03,2,10,0,2,2011,4,3,0,45.89646769245877
2011-10-05,2,10,0,2,2011,4,5,2,40.32235076934408
2011-10-06,2,10,0,2,2011,4,6,3,39.09176307700806
2011-10-10,2,10,0,2,2011,4,10,0,199.90882230775605
2011-10-12,2,10,0,2,2011,4,12,2,158.78161673081703
2011-10-13,2,10,0,2,2011,4,13,3,149.01121254811278
2011-10-16,2,10,0,2,2011,4,16,6,150.00840941108459
2011-10-17,2,10,0,2,2011,4,17,0,134.30130705831345
2011-10-18,2,10,0,2,2011,4,18,1,114.0009802937351
2011-10-19,2,10,0,2,2011,4,19,2,115.42573522030132
2011-10-21,2,10,0,2,2011,4,21,4,90.99430141522599
2011-10-24,2,10,0,2,2011,4,24,0,267.0382260614195
2011-10-25,2,10,0,2,2011,4,25,1,204.70366954606465
2011-10-26,2,10,0,2,2011,4,26,2,157.95275215954848
2011-10-27,2,10,0,2,2011,4,27,3,128.05206411966137
2011-10-28,2,10,0,2,2011,4,28,4,101.93904808974602
2011-10-30,2,10,0,2,2011,4,30,6,89.72928606730952
2011-10-31,2,10,0,2,2011,4,31,0,80.32446455048213
2011-11-01,2,10,0,2,2011,4,1,1,65.4058484128616
2011-11-02,2,10,0,2,2011,4,2,2,147.1543863096462
2011-11-03,2,10,0,2,2011,4,3,3,114.79078973223466
2011-11-04,2,10,0,2,2011,4,4,4,88.305592299176
2011-11-07,2,10,0,2,2011,4,7,0,72.866694224382
2011-11-08,2,10,0,2,2011,4,8,1,78.25002066828651
2011-11-09,2,10,0,2,2011,4,9,2,73.43751550121489
2011-11-10,2,10,0,2,2011,4,10,3,98.20563662591118
2011-11-11,2,10,0,2,2011,4,11,4,78.07922746943338
2011-11-14,2,10,0,2,2011,4,14,0,133.43942060207502
2011-11-15,2,10,0,2,2011,4,15,1,112.61706545155627
2011-11-16,2,10,0,2,2011,4,16,2,93.31279908866719
2011-11-17,2,10,0,2,2011,4,17,3,132.3595993165004
2011-11-18,2,10,0,2,2011,4,18,4,127.71969948737531
2011-11-20,2,10,0,2,2011,4,20,6,123.07727461553148
2011-11-21,2,10,0,2,2011,4,21,0,98.20795596164862
2011-11-23,2,10,0,2,2011,4,23,2,102.71596697123647
2011-11-24,2,10,0,2,2011,4,24,3,85.88697522842736
2011-11-25,2,10,0,2,2011,4,25,4,74.74023142132053
2011-11-27,2,10,0,2,2011,4,27,6,67.8551735659904
2011-11-28,2,10,0,2,2011,4,28,0,91.6138801744928
2011-11-29,2,10,0,2,2011,4,29,1,151.0354101308696
2011-11-30,2,10,0,2,2011,4,30,2,116.9640575981522
2011-12-01,2,10,0,2,2011,4,1,3,147.57304319861413
2011-12-02,2,10,0,2,2011,4,2,4,155.3547823989606
2011-12-04,2,10,0,2,2011,4,4,6,124.62858679922044
2011-12-05,2,10,0,2,2011,4,5,0,134.27644009941534
2011-12-06,2,10,0,2,2011,4,6,1,118.4073300745615
2011-12-07,2,10,0,2,2011,4,7,2,97.65549755592113
2011-12-08,2,10,0,2,2011,4,8,3,149.74162316694085
2011-03-14,2,11,1,2,2011,1,14,0,18.27151992038672
2011-03-15,2,11,1,2,2011,1,15,1,19.228639940290037
2011-03-23,2,11,1,2,2011,1,23,2,15.271479955217528
2011-03-27,2,11,1,2,2011,1,27,6,15.916109966413146
2011-03-30,2,11,1,2,2011,1,30,2,14.48708247480986
2011-04-01,2,11,1,2,2011,2,1,4,15.965311856107395
2011-04-03,2,11,1,2,2011,2,3,6,16.648983892080548
2011-04-05,2,11,1,2,2011,2,5,1,15.03673791906041
2011-04-06,2,11,1,2,2011,2,6,2,21.477553439295306
2011-04-07,2,11,1,2,2011,2,7,3,17.59566507947148
2011-04-08,2,11,1,2,2011,2,8,4,15.74674880960361
2011-04-14,2,11,1,2,2011,2,14,3,119.81006160720271
2011-04-18,2,11,1,2,2011,2,18,0,90.70754620540202
2011-04-19,2,11,1,2,2011,2,19,1,68.45565965405152
2011-04-20,2,11,1,2,2011,2,20,2,58.991744740538635
2011-04-21,2,11,1,2,2011,2,21,3,45.093808555403974
2011-04-26,2,11,1,2,2011,2,26,1,36.37035641655298
2011-05-04,2,11,1,2,2011,2,4,2,45.27776731241474
2011-05-05,2,11,1,2,2011,2,5,3,36.50832548431105
2011-05-08,2,11,1,2,2011,2,8,6,35.031244113233285
2011-05-09,2,11,1,2,2011,2,9,0,27.548433084924962
2011-05-11,2,11,1,2,2011,2,11,2,22.78632481369372
2011-05-20,2,11,1,2,2011,2,20,4,93.33974361027029
2011-05-23,2,11,1,2,2011,2,23,0,74.25480770770272
2011-05-24,2,11,1,2,2011,2,24,1,62.916105780777045
2011-05-25,2,11,1,2,2011,2,25,2,49.73707933558278
2011-05-26,2,11,1,2,2011,2,26,3,39.85280950168708
2011-06-01,2,11,1,2,2011,2,1,2,30.314607126265308
2011-06-02,2,11,1,2,2011,2,2,3,25.28595534469898
2011-06-05,2,11,1,2,2011,2,5,6,22.789466508524235
2011-06-07,2,11,1,2,2011,2,7,1,20.279599881393175
2011-06-09,2,11,1,2,2011,2,9,3,17.75969991104488
2011-06-12,2,11,1,2,2011,2,12,6,16.294774933283662
2011-06-13,2,11,1,2,2011,2,13,0,15.408581199962747
2011-06-14,2,11,1,2,2011,2,14,1,16.65643589997206
2011-06-20,2,11,1,2,2011,2,20,0,15.042326924979044
2011-06-22,2,11,1,2,2011,2,22,2,11.494245193734283
2011-06-23,2,11,1,2,2011,2,23,3,23.07068389530071
2011-06-28,2,11,1,2,2011,2,28,1,20.703012921475533
2011-06-30,2,11,1,2,2011,2,30,3,16.80225969110665
2011-07-01,2,11,1,2,2011,3,1,4,14.726694768329986
2011-07-05,2,11,1,2,2011,3,5,1,13.595021076247491
2011-07-06,2,11,1,2,2011,3,6,2,11.046265807185618
2011-07-07,2,11,1,2,2011,3,7,3,10.834699355389212
2011-07-11,2,11,1,2,2011,3,11,0,9.826024516541908
2011-07-12,2,11,1,2,2011,3,12,1,9.91951838740643
2011-07-14,2,11,1,2,2011,3,14,3,9.564638790554824
2011-07-15,2,11,1,2,2011,3,15,4,8.023479092916117
2011-07-18,2,11,1,2,2011,3,18,0,8.567609319687087
2011-07-20,2,11,1,2,2011,3,20,2,6.638206989765315
2011-07-21,2,11,1,2,2011,3,21,3,22.97865524232399
2011-07-26,2,11,1,2,2011,3,26,1,22.333991431742994
2011-07-28,2,11,1,2,2011,3,28,3,19.30049357380725
2011-07-29,2,11,1,2,2011,3,29,4,17.025370180355438
2011-08-01,2,11,1,2,2011,3,1,0,12.981527635266579
2011-08-04,2,11,1,2,2011,3,4,3,352.58614572644996
2011-08-05,2,11,1,2,2011,3,5,4,266.56460929483745
2011-08-08,2,11,1,2,2011,3,8,0,200.13595697112808
2011-08-11,2,11,1,2,2011,3,11,3,258.10196772834604
2011-08-21,2,11,1,2,2011,3,21,6,195.91397579625954
2011-08-22,2,11,1,2,2011,3,22,0,149.48548184719465
2011-08-23,2,11,1,2,2011,3,23,1,117.42661138539599
2011-08-25,2,11,1,2,2011,3,25,3,89.132458539047
2011-08-31,2,11,1,2,2011,3,31,2,84.84934390428525
2011-09-01,2,11,1,2,2011,3,1,3,66.18700792821393
2011-09-05,2,11,1,2,2011,3,5,0,50.49025594616045
2011-09-08,2,11,1,2,2011,3,8,3,40.417691959620335
2011-09-11,2,11,1,2,2011,3,11,6,30.738268969715254
2011-09-15,2,11,1,2,2011,3,15,3,24.966201727286442
2011-09-16,2,11,1,2,2011,3,16,4,23.39965129546483
2011-09-26,2,11,1,2,2011,3,26,0,20.402238471598622
2011-09-27,2,11,1,2,2011,3,27,1,26.776678853698968
2011-09-28,2,11,1,2,2011,3,28,2,22.632509140274227
2011-09-29,2,11,1,2,2011,3,29,3,22.074381855205672
2011-09-30,2,11,1,2,2011,3,30,4,26.755786391404254
2011-10-02,2,11,1,2,2011,4,2,6,20.49183979355319
2011-10-03,2,11,1,2,2011,4,3,0,26.076379845164894
2011-10-04,2,11,1,2,2011,4,4,1,37.55728488387367
2011-10-09,2,11,1,2,2011,4,9,6,48.71796366290525
2011-10-10,2,11,1,2,2011,4,10,0,60.860972747178934
2011-10-11,2,11,1,2,2011,4,11,1,50.7457295603842
2011-10-14,2,11,1,2,2011,4,14,4,38.484297170288144
2011-10-17,2,11,1,2,2011,4,17,0,30.900722877716106
2011-10-18,2,11,1,2,2011,4,18,1,46.27554215828708
2011-10-19,2,11,1,2,2011,4,19,2,39.806656618715316
2011-10-23,2,11,1,2,2011,4,23,6,31.129992464036484
2011-10-24,2,11,1,2,2011,4,24,0,58.04999434802736
2011-10-25,2,11,1,2,2011,4,25,1,44.81249576102052
2011-10-26,2,11,1,2,2011,4,26,2,37.00937182076539
2011-10-27,2,11,1,2,2011,4,27,3,30.944528865574043
2011-10-30,2,11,1,2,2011,4,30,6,25.758396649180533
2011-10-31,2,11,1,2,2011,4,31,0,20.5412974868854
2011-11-02,2,11,1,2,2011,4,2,2,44.03097311516405
2011-11-06,2,11,1,2,2011,4,6,6,34.723229836373044
2011-11-08,2,11,1,2,2011,4,8,1,28.167422377279784
2011-11-09,2,11,1,2,2011,4,9,2,152.86306678295983
2011-11-10,2,11,1,2,2011,4,10,3,129.46980008721988
2011-11-13,2,11,1,2,2011,4,13,6,101.35235006541491
2011-11-14,2,11,1,2,2011,4,14,0,144.59176254906117
2011-11-15,2,11,1,2,2011,4,15,1,113.54382191179587
2011-11-17,2,11,1,2,2011,4,17,3,86.0078664338469
2011-11-18,2,11,1,2,2011,4,18,4,119.14339982538517
2011-11-20,2,11,1,2,2011,4,20,6,112.30754986903888
2011-11-21,2,11,1,2,2011,4,21,0,102.23066240177916
2011-11-22,2,11,1,2,2011,4,22,1,80.28549680133436
2011-11-23,2,11,1,2,2011,4,23,2,84.36162260100076
2011-11-24,2,11,1,2,2011,4,24,3,117.27121695075057
2011-11-28,2,11,1,2,2011,4,28,0,121.45091271306293
2011-11-29,2,11,1,2,2011,4,29,1,111.2131845347972
2011-11-30,2,11,1,2,2011,4,30,2,85.74738840109791
2011-12-01,2,11,1,2,2011,4,1,3,67.49804130082343
2011-12-02,2,11,1,2,2011,4,2,4,63.37353097561757
2011-12-04,2,11,1,2,2011,4,4,6,48.38014823171318
2011-12-05,2,11,1,2,2011,4,5,0,64.89761117378488
2011-12-07,2,11,1,2,2011,4,7,2,58.87320838033867
2011-05-17,2,12,2,2,2011,2,17,1,67.50965960596787
2011-05-19,2,12,2,2,2011,2,19,3,70.43224470447589
2011-05-22,2,12,2,2,2011,2,22,6,67.67418352835692
2011-05-23,2,12,2,2,2011,2,23,0,53.23063764626769
2011-05-24,2,12,2,2,2011,2,24,1,87.13547823470077
2011-05-25,2,12,2,2,2011,2,25,2,85.15160867602557
2011-05-26,2,12,2,2,2011,2,26,3,78.71370650701918
2011-05-27,2,12,2,2,2011,2,27,4,68.93527988026437
2011-05-31,2,12,2,2,2011,2,31,1,52.93895991019828
2011-06-01,2,12,2,2,2011,2,1,2,49.60421993264871
2011-06-02,2,12,2,2,2011,2,2,3,42.15316494948654
2011-06-05,2,12,2,2,2011,2,5,6,32.852373712114904
2011-06-08,2,12,2,2,2011,2,8,2,28.764280284086176
2011-06-09,2,12,2,2,2011,2,9,3,26.523210213064633
2011-06-14,2,12,2,2,2011,2,14,1,21.542407659798474
2011-06-15,2,12,2,2,2011,2,15,2,21.106805744848856
2011-06-19,2,12,2,2,2011,2,19,6,25.73010430863664
2011-06-20,2,12,2,2,2011,2,20,0,21.772578231477482
2011-06-24,2,12,2,2,2011,2,24,4,21.27943367360811
2011-06-28,2,12,2,2,2011,2,28,1,17.197075255206084
2011-06-30,2,12,2,2,2011,2,30,3,17.84780644140456
2011-07-03,2,12,2,2,2011,3,3,6,14.210854831053421
2011-07-05,2,12,2,2,2011,3,5,1,11.895641123290066
2011-07-08,2,12,2,2,2011,3,8,4,13.87173084246755
2011-07-11,2,12,2,2,2011,3,11,0,15.353798131850661
2011-07-13,2,12,2,2,2011,3,13,2,18.115348598887998
2011-07-17,2,12,2,2,2011,3,17,6,18.536511449166
2011-07-27,2,12,2,2,2011,3,27,2,14.3148835868745
2011-07-28,2,12,2,2,2011,3,28,3,16.923662690155872
2011-08-04,2,12,2,2,2011,3,4,3,27.192747017616902
2011-08-05,2,12,2,2,2011,3,5,4,25.344560263212674
2011-08-07,2,12,2,2,2011,3,7,6,20.658420197409505
2011-08-08,2,12,2,2,2011,3,8,0,19.20631514805713
2011-08-09,2,12,2,2,2011,3,9,1,19.354736361042846
2011-08-11,2,12,2,2,2011,3,11,3,26.066052270782134
2011-08-14,2,12,2,2,2011,3,14,6,23.6745392030866
2011-08-18,2,12,2,2,2011,3,18,3,18.58090440231495
2011-09-02,2,12,2,2,2011,3,2,4,20.12317830173621
2011-09-07,2,12,2,2,2011,3,7,2,24.992383726302158
2011-09-09,2,12,2,2,2011,3,9,4,33.24428779472662
2011-09-11,2,12,2,2,2011,3,11,6,27.40821584604496
2011-09-19,2,12,2,2,2011,3,19,0,21.793661884533723
2011-09-21,2,12,2,2,2011,3,21,2,18.805246413400294
2011-09-23,2,12,2,2,2011,3,23,4,14.928934810050219
2011-09-26,2,12,2,2,2011,3,26,0,11.604201107537664
2011-09-27,2,12,2,2,2011,3,27,1,13.653150830653248
2011-09-28,2,12,2,2,2011,3,28,2,15.189863122989935
2011-09-29,2,12,2,2,2011,3,29,3,13.454897342242452
2011-10-02,2,12,2,2,2011,4,2,6,12.566173006681838
2011-10-03,2,12,2,2,2011,4,3,0,14.374629755011378
2011-10-16,2,12,2,2,2011,4,16,6,11.605972316258534
2011-10-17,2,12,2,2,2011,4,17,0,20.2519792371939
2011-10-18,2,12,2,2,2011,4,18,1,17.663984427895425
2011-10-26,2,12,2,2,2011,4,26,2,23.147988320921566
2011-10-27,2,12,2,2,2011,4,27,3,22.310991240691173
2011-10-28,2,12,2,2,2011,4,28,4,17.558243430518377
2011-10-30,2,12,2,2,2011,4,30,6,16.468682572888785
2011-10-31,2,12,2,2,2011,4,31,0,17.709011929666588
2011-11-03,2,12,2,2,2011,4,3,3,29.36925894724994
2011-11-06,2,12,2,2,2011,4,6,6,23.264444210437457
2011-11-08,2,12,2,2,2011,4,8,1,32.29833315782809
2011-11-09,2,12,2,2,2011,4,9,2,25.873749868371064
2011-11-10,2,12,2,2,2011,4,10,3,30.542812401278297
2011-11-14,2,12,2,2,2011,4,14,0,27.857109300958722
2011-11-18,2,12,2,2,2011,4,18,4,22.54283197571904
2011-11-20,2,12,2,2,2011,4,20,6,18.557123981789278
2011-11-21,2,12,2,2,2011,4,21,0,14.742842986341959
2011-11-22,2,12,2,2,2011,4,22,1,16.83213223975647
2011-11-24,2,12,2,2,2011,4,24,3,13.86159917981735
2011-11-27,2,12,2,2,2011,4,27,6,10.808699384863013
2011-11-28,2,12,2,2,2011,4,28,0,15.52402453864726
2011-12-05,2,12,2,2,2011,4,5,0,12.880518403985445
2011-03-14,2,13,3,2,2011,1,14,0,27.149514750086748
2011-03-15,2,13,3,2,2011,1,15,1,29.21213606256506
2011-03-23,2,13,3,2,2011,1,23,2,91.95910204692379
2011-03-25,2,13,3,2,2011,1,25,4,69.70682653519283
2011-03-27,2,13,3,2,2011,1,27,6,54.492619901394626
2011-03-28,2,13,3,2,2011,1,28,0,49.71946492604597
2011-03-29,2,13,3,2,2011,1,29,1,41.71459869453447
2011-03-30,2,13,3,2,2011,1,30,2,37.18594902090086
2011-03-31,2,13,3,2,2011,1,31,3,32.314461765675645
2011-04-01,2,13,3,2,2011,2,1,4,33.085846324256735
2011-04-03,2,13,3,2,2011,2,3,6,30.714384743192554
2011-04-05,2,13,3,2,2011,2,5,1,27.460788557394416
2011-04-06,2,13,3,2,2011,2,6,2,51.19559141804581
2011-04-07,2,13,3,2,2011,2,7,3,39.13419356353435
2011-04-18,2,13,3,2,2011,2,18,0,47.05064517265077
2011-04-19,2,13,3,2,2011,2,19,1,39.71298387948808
2011-04-20,2,13,3,2,2011,2,20,2,34.20973790961606
2011-04-26,2,13,3,2,2011,2,26,1,56.25730343221204
2011-04-27,2,13,3,2,2011,2,27,2,46.61797757415903
2011-05-03,2,13,3,2,2011,2,3,1,48.23848318061927
2011-05-08,2,13,3,2,2011,2,8,6,36.91636238546445
2011-05-10,2,13,3,2,2011,2,10,1,32.112271789098344
2011-05-11,2,13,3,2,2011,2,11,2,28.50920384182376
2011-05-13,2,13,3,2,2011,2,13,4,30.23190288136782
2011-05-15,2,13,3,2,2011,2,15,6,29.31142716102587
2011-05-16,2,13,3,2,2011,2,16,0,26.4085703707694
2011-05-22,2,13,3,2,2011,2,22,6,24.23142777807705
2011-05-24,2,13,3,2,2011,2,24,1,24.07357083355779
2011-05-26,2,13,3,2,2011,2,26,3,31.33017812516834
2011-05-27,2,13,3,2,2011,2,27,4,27.922633593876256
2011-05-29,2,13,3,2,2011,2,29,6,22.416975195407193
2011-06-03,2,13,3,2,2011,2,3,4,21.237731396555397
2011-06-05,2,13,3,2,2011,2,5,6,46.52829854741655
2011-06-09,2,13,3,2,2011,2,9,3,43.74622391056241
2011-06-12,2,13,3,2,2011,2,12,6,34.28466793292181
2011-06-27,2,13,3,2,2011,2,27,0,34.56350094969136
2011-06-28,2,13,3,2,2011,2,28,1,30.34762571226852
2011-06-29,2,13,3,2,2011,2,29,2,27.92321928420139
2011-07-03,2,13,3,2,2011,3,3,6,23.89241446315104
2011-07-07,2,13,3,2,2011,3,7,3,23.819310847363283
2011-07-08,2,13,3,2,2011,3,8,4,31.139483135522465
2011-07-12,2,13,3,2,2011,3,12,1,41.05461235164185
2011-07-13,2,13,3,2,2011,3,13,2,32.26595926373139
2011-07-15,2,13,3,2,2011,3,15,4,33.04946944779854
2011-07-18,2,13,3,2,2011,3,18,0,31.42460208584891
2011-07-21,2,13,3,2,2011,3,21,3,89.19345156438669
2011-07-24,2,13,3,2,2011,3,24,6,71.32008867329002
2011-07-28,2,13,3,2,2011,3,28,3,114.69006650496752
2011-07-29,2,13,3,2,2011,3,29,4,90.44254987872564
2011-07-31,2,13,3,2,2011,3,31,6,68.56941240904423
2011-08-01,2,13,3,2,2011,3,1,0,59.539559306783175
2011-08-04,2,13,3,2,2011,3,4,3,53.50466948008738
2011-08-05,2,13,3,2,2011,3,5,4,52.666002110065534
2011-08-07,2,13,3,2,2011,3,7,6,48.34950158254915
2011-08-08,2,13,3,2,2011,3,8,0,40.68712618691187
2011-08-18,2,13,3,2,2011,3,18,3,35.6778446401839
2011-08-23,2,13,3,2,2011,3,23,1,30.445883480137923
2011-09-02,2,13,3,2,2011,3,2,4,33.13191261010344
2011-09-05,2,13,3,2,2011,3,5,0,29.27393445757758
2011-09-07,2,13,3,2,2011,3,7,2,30.805450843183188
2011-09-08,2,13,3,2,2011,3,8,3,29.004088132387388
2011-09-11,2,13,3,2,2011,3,11,6,24.70306609929054
2011-09-13,2,13,3,2,2011,3,13,1,28.82479957446791
2011-09-21,2,13,3,2,2011,3,21,2,43.33109968085093
2011-09-22,2,13,3,2,2011,3,22,3,36.923324760638195
2011-09-26,2,13,3,2,2011,3,26,0,34.92999357047864
2011-09-27,2,13,3,2,2011,3,27,1,36.522495177858985
2011-09-28,2,13,3,2,2011,3,28,2,36.24187138339424
2011-09-29,2,13,3,2,2011,3,29,3,30.86890353754568
2011-09-30,2,13,3,2,2011,3,30,4,25.36417765315926
2011-10-03,2,13,3,2,2011,4,3,0,29.155633239869445
2011-10-04,2,13,3,2,2011,4,4,1,26.291724929902085
2011-10-05,2,13,3,2,2011,4,5,2,24.143793697426563
2011-10-10,2,13,3,2,2011,4,10,0,21.002845273069923
2011-10-11,2,13,3,2,2011,4,11,1,20.177133954802443
2011-10-13,2,13,3,2,2011,4,13,3,19.557850466101833
2011-10-17,2,13,3,2,2011,4,17,0,17.563387849576376
2011-10-19,2,13,3,2,2011,4,19,2,17.597540887182284
2011-10-20,2,13,3,2,2011,4,20,3,17.62315566538671
2011-10-23,2,13,3,2,2011,4,23,6,16.904866749040032
2011-10-24,2,13,3,2,2011,4,24,0,19.916150061780023
2011-10-27,2,13,3,2,2011,4,27,3,23.787112546335017
2011-10-30,2,13,3,2,2011,4,30,6,20.052834409751263
2011-10-31,2,13,3,2,2011,4,31,0,23.724625807313448
2011-11-01,2,13,3,2,2011,4,1,1,26.643469355485088
2011-11-04,2,13,3,2,2011,4,4,4,24.40760201661382
2011-11-07,2,13,3,2,2011,4,7,0,27.155701512460364
2011-11-08,2,13,3,2,2011,4,8,1,29.216776134345274
2011-11-10,2,13,3,2,2011,4,10,3,23.360082100758955
2011-11-14,2,13,3,2,2011,4,14,0,38.605061575569216
2011-11-15,2,13,3,2,2011,4,15,1,37.803796181676915
2011-11-18,2,13,3,2,2011,4,18,4,29.827847136257688
2011-11-22,2,13,3,2,2011,4,22,1,26.795885352193267
2011-11-23,2,13,3,2,2011,4,23,2,31.67691401414495
2011-11-25,2,13,3,2,2011,4,25,4,28.18268551060871
2011-11-28,2,13,3,2,2011,4,28,0,31.352014132956533
2011-11-29,2,13,3,2,2011,4,29,1,27.939010599717403
2011-12-01,2,13,3,2,2011,4,1,3,38.654257949788054
2011-12-04,2,13,3,2,2011,4,4,6,46.690693462341045
2011-12-05,2,13,3,2,2011,4,5,0,50.96802009675578
2011-12-07,2,13,3,2,2011,4,7,2,55.92601507256684
2011-12-08,2,13,3,2,2011,4,8,3,46.36951130442513
2011-03-14,2,14,4,2,2011,1,14,0,2.8413368481925625
2011-03-15,2,14,4,2,2011,1,15,1,2.368502636144422
2011-03-20,2,14,4,2,2011,1,20,6,2.2513769771083165
2011-03-28,2,14,4,2,2011,1,28,0,2.1635327328312375
2011-03-30,2,14,4,2,2011,1,30,2,2.097649549623428
2011-04-01,2,14,4,2,2011,2,1,4,2.285737162217571
2011-04-05,2,14,4,2,2011,2,5,1,1.9518028716631783
2011-04-06,2,14,4,2,2011,2,6,2,2.651352153747384
2011-04-07,2,14,4,2,2011,2,7,3,2.701014115310538
2011-04-10,2,14,4,2,2011,2,10,6,2.5007605864829032
2011-04-12,2,14,4,2,2011,2,12,1,2.1130704398621774
2011-04-13,2,14,4,2,2011,2,13,2,3.247302829896633
2011-04-14,2,14,4,2,2011,2,14,3,3.147977122422475
2011-04-15,2,14,4,2,2011,2,15,4,2.8359828418168562
2011-04-19,2,14,4,2,2011,2,19,1,2.6019871313626424
2011-05-05,2,14,4,2,2011,2,5,3,2.1889903485219815
2011-05-06,2,14,4,2,2011,2,6,4,1.8792427613914862
2011-05-08,2,14,4,2,2011,2,8,6,1.6469320710436146
2011-05-09,2,14,4,2,2011,2,9,0,2.422699053282711
2011-05-15,2,14,4,2,2011,2,15,6,2.054524289962033
2011-05-19,2,14,4,2,2011,2,19,3,1.7783932174715247
2011-05-26,2,14,4,2,2011,2,26,3,2.2837949131036437
2011-06-01,2,14,4,2,2011,2,1,2,1.9503461848277328
2011-06-05,2,14,4,2,2011,2,5,6,2.6502596386207995
2011-06-08,2,14,4,2,2011,2,8,2,2.2251947289655996
2011-06-13,2,14,4,2,2011,2,13,0,2.1438960467242
2011-06-14,2,14,4,2,2011,2,14,1,2.08292203504315
2011-06-19,2,14,4,2,2011,2,19,6,2.512191526282362
2011-06-26,2,14,4,2,2011,2,26,6,2.5966436447117713
2011-06-27,2,14,4,2,2011,2,27,0,2.4224827335338284
2011-06-29,2,14,4,2,2011,2,29,2,2.054362050150371
2011-07-01,2,14,4,2,2011,3,1,4,1.7782715376127785
2011-07-04,2,14,4,2,2011,3,4,0,1.5712036532095839
2011-07-06,2,14,4,2,2011,3,6,2,1.415902739907188
2011-07-11,2,14,4,2,2011,3,11,0,2.011927054930391
2011-07-12,2,14,4,2,2011,3,12,1,1.9839452911977933
2011-07-13,2,14,4,2,2011,3,13,2,2.4379589683983447
2011-07-18,2,14,4,2,2011,3,18,0,2.0659692262987583
2011-07-20,2,14,4,2,2011,3,20,2,2.9744769197240686
2011-07-31,2,14,4,2,2011,3,31,6,2.4683576897930513
2011-08-02,2,14,4,2,2011,3,2,1,2.3262682673447883
2011-08-07,2,14,4,2,2011,3,7,6,1.9822012005085912
2011-08-19,2,14,4,2,2011,3,19,4,1.7241509003814435
2011-08-23,2,14,4,2,2011,3,23,1,1.7681131752860826
2011-08-24,2,14,4,2,2011,3,24,2,2.276084881464562
2011-09-02,2,14,4,2,2011,3,2,4,2.182063661098421
2011-09-04,2,14,4,2,2011,3,4,6,2.3490477458238157
2011-09-09,2,14,4,2,2011,3,9,4,2.236785809367862
2011-09-11,2,14,4,2,2011,3,11,6,1.9150893570258964
2011-09-20,2,14,4,2,2011,3,20,1,1.9113170177694223
2011-09-22,2,14,4,2,2011,3,22,3,1.6709877633270669
2011-09-25,2,14,4,2,2011,3,25,6,5.0532408224953
2011-09-27,2,14,4,2,2011,3,27,1,4.027430616871475
2011-09-28,2,14,4,2,2011,3,28,2,3.258072962653606
2011-10-02,2,14,4,2,2011,4,2,6,3.156054721990204
2011-10-03,2,14,4,2,2011,4,3,0,2.8420410414926534
2011-10-04,2,14,4,2,2011,4,4,1,2.60653078111949
2011-10-07,2,14,4,2,2011,4,7,4,2.4298980858396177
2011-10-10,2,14,4,2,2011,4,10,0,3.0099235643797133
2011-10-16,2,14,4,2,2011,4,16,6,2.732442673284785
2011-10-18,2,14,4,2,2011,4,18,1,3.9493320049635887
2011-10-23,2,14,4,2,2011,4,23,6,4.149499003722692
2011-10-24,2,14,4,2,2011,4,24,0,3.349624252792019
2011-10-25,2,14,4,2,2011,4,25,1,3.224718189594014
2011-10-26,2,14,4,2,2011,4,26,2,2.8935386421955105
2011-10-28,2,14,4,2,2011,4,28,4,2.4076539816466327
2011-10-30,2,14,4,2,2011,4,30,6,3.4682404862349747
2011-10-31,2,14,4,2,2011,4,31,0,3.076180364676231
2011-11-01,2,14,4,2,2011,4,1,1,3.019635273507173
2011-11-02,2,14,4,2,2011,4,2,2,2.7397264551303797
2011-11-06,2,14,4,2,2011,4,6,6,3.2422948413477846
2011-11-09,2,14,4,2,2011,4,9,2,2.9067211310108383
2011-11-10,2,14,4,2,2011,4,10,3,3.3675408482581286
2011-11-14,2,14,4,2,2011,4,14,0,3.475655636193596
2011-11-15,2,14,4,2,2011,4,15,1,2.8442417271451967
2011-11-16,2,14,4,2,2011,4,16,2,3.5581812953588976
2011-11-17,2,14,4,2,2011,4,17,3,2.906135971519173
2011-11-20,2,14,4,2,2011,4,20,6,3.3671019786393797
2011-11-22,2,14,4,2,2011,4,22,1,3.000326483979535
2011-11-27,2,14,4,2,2011,4,27,6,3.437744862984651
2011-11-28,2,14,4,2,2011,4,28,0,3.5283086472384886
2011-11-29,2,14,4,2,2011,4,29,1,3.358731485428866
2011-12-01,2,14,4,2,2011,4,1,3,2.7565486140716495
2011-12-04,2,14,4,2,2011,4,4,6,2.304911460553737
2011-12-05,2,14,4,2,2011,4,5,0,3.153683595415303
2011-12-07,2,14,4,2,2011,4,7,2,2.602762696561477
2011-12-08,2,14,4,2,2011,4,8,3,2.1895720224211077
2011-05-04,2,15,0,2,2011,2,4,2,14.850000000000001
2011-05-05,2,15,0,2,2011,2,5,3,12.375000000000002
2011-05-06,2,15,0,2,2011,2,6,4,75.24375
2011-05-08,2,15,0,2,2011,2,8,6,68.80781250000001
2011-05-09,2,15,0,2,2011,2,9,0,55.31835937500001
2011-05-10,2,15,0,2,2011,2,10,1,45.201269531250006
2011-05-11,2,15,0,2,2011,2,11,2,63.60095214843751
2011-05-12,2,15,0,2,2011,2,12,3,55.125714111328136
2011-05-13,2,15,0,2,2011,2,13,4,56.194285583496104
2011-05-15,2,15,0,2,2011,2,15,6,45.858214187622075
2011-05-16,2,15,0,2,2011,2,16,0,38.10616064071655
2011-05-17,2,15,0,2,2011,2,17,1,39.71712048053742
2011-05-18,2,15,0,2,2011,2,18,2,55.775340360403064
2011-05-19,2,15,0,2,2011,2,19,3,59.156505270302304
2011-05-20,2,15,0,2,2011,2,20,4,62.929878952726725
2011-05-22,2,15,0,2,2011,2,22,6,57.097409214545046
2011-05-23,2,15,0,2,2011,2,23,0,56.43555691090879
2011-05-24,2,15,0,2,2011,2,24,1,49.751667683181594
2011-05-26,2,15,0,2,2011,2,26,3,52.163750762386194
2011-05-27,2,15,0,2,2011,2,27,4,57.68531307178964
2011-06-01,2,15,0,2,2011,2,1,2,49.451484803842234
2011-06-03,2,15,0,2,2011,2,3,4,43.27611360288168
2011-06-05,2,15,0,2,2011,2,5,6,91.75708520216128
2011-06-07,2,15,0,2,2011,2,7,1,73.76781390162095
2011-06-08,2,15,0,2,2011,2,8,2,78.83836042621571
2011-06-09,2,15,0,2,2011,2,9,3,73.97877031966178
2011-06-12,2,15,0,2,2011,2,12,6,56.72157773974633
2011-06-13,2,15,0,2,2011,2,13,0,59.86618330480975
2011-06-14,2,15,0,2,2011,2,14,1,49.84963747860732
2011-06-15,2,15,0,2,2011,2,15,2,41.09972810895549
2011-06-16,2,15,0,2,2011,2,16,3,34.53729608171662
2011-06-19,2,15,0,2,2011,2,19,6,40.752972061287466
2011-06-23,2,15,0,2,2011,2,23,3,49.1272290459656
2011-06-24,2,15,0,2,2011,2,24,4,51.6954217844742
2011-06-27,2,15,0,2,2011,2,27,0,40.009066338355645
2011-06-28,2,15,0,2,2011,2,28,1,33.719299753766734
2011-06-30,2,15,0,2,2011,2,30,3,32.71447481532505
2011-07-01,2,15,0,2,2011,3,1,4,28.248356111493784
2011-07-03,2,15,0,2,2011,3,3,6,24.898767083620335
2011-07-05,2,15,0,2,2011,3,5,1,19.911575312715254
2011-07-06,2,15,0,2,2011,3,6,2,33.496181484536436
2011-07-07,2,15,0,2,2011,3,7,3,54.82213611340233
2011-07-08,2,15,0,2,2011,3,8,4,44.829102085051744
2011-07-11,2,15,0,2,2011,3,11,0,49.70932656378881
2011-07-14,2,15,0,2,2011,3,14,3,39.756994922841606
2011-07-17,2,15,0,2,2011,3,17,6,52.0927461921312
2011-07-18,2,15,0,2,2011,3,18,0,53.919559644098406
2011-07-19,2,15,0,2,2011,3,19,1,71.56466973307381
2011-07-20,2,15,0,2,2011,3,20,2,54.91100229980536
2011-07-25,2,15,0,2,2011,3,25,0,56.03325172485402
2011-07-27,2,15,0,2,2011,3,27,2,87.99993879364052
2011-08-01,2,15,0,2,2011,3,1,0,68.47495409523039
2011-08-04,2,15,0,2,2011,3,4,3,66.2062155714228
2011-08-05,2,15,0,2,2011,3,5,4,52.1296616785671
2011-08-07,2,15,0,2,2011,3,7,6,57.659746258925324
2011-08-08,2,15,0,2,2011,3,8,0,48.19480969419399
2011-08-10,2,15,0,2,2011,3,10,2,43.5711072706455
2011-08-11,2,15,0,2,2011,3,11,3,43.81583045298413
2011-08-14,2,15,0,2,2011,3,14,6,36.574372839738096
2011-08-21,2,15,0,2,2011,3,21,6,48.468279629803575
2011-08-23,2,15,0,2,2011,3,23,1,40.06370972235268
2011-08-24,2,15,0,2,2011,3,24,2,41.18528229176451
2011-08-25,2,15,0,2,2011,3,25,3,34.60146171882338
2011-09-01,2,15,0,2,2011,3,1,3,28.426096289117538
2011-09-04,2,15,0,2,2011,3,4,6,33.694572216838154
2011-09-05,2,15,0,2,2011,3,5,0,28.983429162628617
2011-09-07,2,15,0,2,2011,3,7,2,25.45007187197146
2011-09-08,2,15,0,2,2011,3,8,3,26.512553903978596
2011-09-09,2,15,0,2,2011,3,9,4,45.87191542798395
2011-09-11,2,15,0,2,2011,3,11,6,38.116436570987965
2011-09-12,2,15,0,2,2011,3,12,0,31.062327428240977
2011-09-13,2,15,0,2,2011,3,13,1,31.95924557118073
2011-09-15,2,15,0,2,2011,3,15,3,31.39443417838555
2011-09-20,2,15,0,2,2011,3,20,1,34.68332563378916
2011-09-22,2,15,0,2,2011,3,22,3,56.94999422534187
2011-09-23,2,15,0,2,2011,3,23,4,43.9499956690064
2011-09-25,2,15,0,2,2011,3,25,6,47.8124967517548
2011-09-26,2,15,0,2,2011,3,26,0,38.3343725638161
2011-09-27,2,15,0,2,2011,3,27,1,32.46327942286208
2011-09-28,2,15,0,2,2011,3,28,2,28.059959567146556
2011-09-29,2,15,0,2,2011,3,29,3,27.232469675359916
2011-10-02,2,15,0,2,2011,4,2,6,22.89935225651994
2011-10-04,2,15,0,2,2011,4,4,1,24.599514192389957
2011-10-05,2,15,0,2,2011,4,5,2,22.16213564429247
2011-10-06,2,15,0,2,2011,4,6,3,27.759101733219353
2011-10-11,2,15,0,2,2011,4,11,1,24.531826299914513
2011-10-14,2,15,0,2,2011,4,14,4,33.248869724935886
2011-10-20,2,15,0,2,2011,4,20,3,29.886652293701914
2011-10-21,2,15,0,2,2011,4,21,4,29.839989220276436
2011-10-26,2,15,0,2,2011,4,26,2,24.85499191520733
2011-10-27,2,15,0,2,2011,4,27,3,22.353743936405493
2011-10-28,2,15,0,2,2011,4,28,4,19.24030795230412
2011-11-03,2,15,0,2,2011,4,3,3,18.142730964228093
2011-11-06,2,15,0,2,2011,4,6,6,19.79454822317107
2011-11-07,2,15,0,2,2011,4,7,0,17.320911167378302
2011-11-10,2,15,0,2,2011,4,10,3,24.12818337553373
2011-11-11,2,15,0,2,2011,4,11,4,21.808637531650298
2011-11-14,2,15,0,2,2011,4,14,0,17.593978148737722
2011-11-16,2,15,0,2,2011,4,16,2,16.90798361155329
2011-11-17,2,15,0,2,2011,4,17,3,15.155987708664968
2011-11-18,2,15,0,2,2011,4,18,4,18.791990781498725
2011-11-20,2,15,0,2,2011,4,20,6,17.806493086124043
2011-11-22,2,15,0,2,2011,4,22,1,35.629869814593036
2011-11-23,2,15,0,2,2011,4,23,2,39.09740236094478
2011-11-24,2,15,0,2,2011,4,24,3,36.748051770708585
2011-11-25,2,15,0,2,2011,4,25,4,32.51103882803144
2011-12-01,2,15,0,2,2011,4,1,3,31.808279121023578
2011-12-04,2,15,0,2,2011,4,4,6,25.093709340767685
2011-12-05,2,15,0,2,2011,4,5,0,20.057782005575763
2011-05-08,2,16,1,2,2011,2,8,6,33.0
2011-05-09,2,16,1,2,2011,2,9,0,35.0625
2011-05-10,2,16,1,2,2011,2,10,1,34.546875
2011-05-11,2,16,1,2,2011,2,11,2,42.41015625
2011-05-15,2,16,1,2,2011,2,15,6,34.2826171875
2011-05-16,2,16,1,2,2011,2,16,0,42.211962890625
2011-05-17,2,16,1,2,2011,2,17,1,37.846472167968756
2011-05-18,2,16,1,2,2011,2,18,2,36.63485412597657
2011-05-19,2,16,1,2,2011,2,19,3,35.72614059448242
2011-05-20,2,16,1,2,2011,2,20,4,47.41960544586182
2011-05-22,2,16,1,2,2011,2,22,6,44.63970408439637
2011-05-23,2,16,1,2,2011,2,23,0,37.604778063297275
2011-05-24,2,16,1,2,2011,2,24,1,33.56608354747296
2011-05-25,2,16,1,2,2011,2,25,2,37.54956266060472
2011-05-26,2,16,1,2,2011,2,26,3,32.28717199545354
2011-05-27,2,16,1,2,2011,2,27,4,28.340378996590154
2011-06-02,2,16,1,2,2011,2,2,3,25.380284247442617
2011-06-03,2,16,1,2,2011,2,3,4,23.160213185581963
2011-06-05,2,16,1,2,2011,2,5,6,19.02015988918647
2011-06-07,2,16,1,2,2011,2,7,1,15.915119916889852
2011-06-08,2,16,1,2,2011,2,8,2,16.47383993766739
2011-06-10,2,16,1,2,2011,2,10,4,14.41787995325054
2011-06-12,2,16,1,2,2011,2,12,6,14.938409964937906
2011-06-13,2,16,1,2,2011,2,13,0,16.56630747370343
2011-06-14,2,16,1,2,2011,2,14,1,14.89973060527757
2011-06-15,2,16,1,2,2011,2,15,2,16.12479795395818
2011-06-16,2,16,1,2,2011,2,16,3,40.96859846546863
2011-06-23,2,16,1,2,2011,2,23,3,46.40144884910147
2011-06-24,2,16,1,2,2011,2,24,4,38.9260866368261
2011-06-27,2,16,1,2,2011,2,27,0,30.844564977619573
2011-06-28,2,16,1,2,2011,2,28,1,31.79592373321468
2011-06-30,2,16,1,2,2011,2,30,3,24.671942799911008
2011-07-01,2,16,1,2,2011,3,1,4,25.103957099933254
2011-07-03,2,16,1,2,2011,3,3,6,22.95296782494994
2011-07-05,2,16,1,2,2011,3,5,1,25.464725868712456
2011-07-06,2,16,1,2,2011,3,6,2,23.22354440153434
2011-07-07,2,16,1,2,2011,3,7,3,24.017658301150753
2011-07-08,2,16,1,2,2011,3,8,4,22.138243725863063
2011-07-11,2,16,1,2,2011,3,11,0,34.75368279439729
2011-07-12,2,16,1,2,2011,3,12,1,30.19026209579797
2011-07-14,2,16,1,2,2011,3,14,3,23.467696571848474
2011-07-15,2,16,1,2,2011,3,15,4,25.850772428886355
2011-07-17,2,16,1,2,2011,3,17,6,27.638079321664765
2011-07-18,2,16,1,2,2011,3,18,0,28.978559491248575
2011-07-20,2,16,1,2,2011,3,20,2,25.85891961843643
2011-07-21,2,16,1,2,2011,3,21,3,27.644189713827323
2011-07-25,2,16,1,2,2011,3,25,0,24.85814228537049
2011-07-26,2,16,1,2,2011,3,26,1,22.768606714027868
2011-07-27,2,16,1,2,2011,3,27,2,21.2014550355209
2011-07-28,2,16,1,2,2011,3,28,3,48.90109127664068
2011-07-29,2,16,1,2,2011,3,29,4,53.17581845748051
2011-08-02,2,16,1,2,2011,3,2,1,44.00686384311038
2011-08-04,2,16,1,2,2011,3,4,3,57.755147882332786
2011-08-08,2,16,1,2,2011,3,8,0,52.39136091174959
2011-08-10,2,16,1,2,2011,3,10,2,43.41852068381219
2011-08-11,2,16,1,2,2011,3,11,3,49.063890512859146
2011-08-12,2,16,1,2,2011,3,12,4,40.92291788464436
2011-08-14,2,16,1,2,2011,3,14,6,31.104688413483274
2011-08-16,2,16,1,2,2011,3,16,1,27.453516310112455
2011-08-18,2,16,1,2,2011,3,18,3,37.09013723258434
2011-08-21,2,16,1,2,2011,3,21,6,31.942602924438255
2011-08-22,2,16,1,2,2011,3,22,0,36.33195219332869
2011-08-23,2,16,1,2,2011,3,23,1,36.323964144996516
2011-08-24,2,16,1,2,2011,3,24,2,35.492973108747385
2011-09-01,2,16,1,2,2011,3,1,3,28.68222983156054
2011-09-04,2,16,1,2,2011,3,4,6,23.574172373670407
2011-09-05,2,16,1,2,2011,3,5,0,39.130629280252805
2011-09-06,2,16,1,2,2011,3,6,1,37.597971960189604
2011-09-09,2,16,1,2,2011,3,9,4,36.448478970142205
2011-09-11,2,16,1,2,2011,3,11,6,28.161359227606653
2011-09-13,2,16,1,2,2011,3,13,1,41.74601942070499
2011-09-15,2,16,1,2,2011,3,15,3,35.434514565528744
2011-09-19,2,16,1,2,2011,3,19,0,34.82588592414656
2011-09-20,2,16,1,2,2011,3,20,1,30.24441444310992
2011-09-22,2,16,1,2,2011,3,22,3,26.80831083233244
2011-09-23,2,16,1,2,2011,3,23,4,20.518733124249334
2011-09-25,2,16,1,2,2011,3,25,6,19.514049843187
2011-09-27,2,16,1,2,2011,3,27,1,22.88553738239025
2011-09-29,2,16,1,2,2011,3,29,3,34.07665303679269
2011-10-03,2,16,1,2,2011,4,3,0,27.61998977759452
2011-10-04,2,16,1,2,2011,4,4,1,21.12749233319589
2011-10-05,2,16,1,2,2011,4,5,2,28.220619249896917
2011-10-06,2,16,1,2,2011,4,6,3,33.540464437422685
2011-10-07,2,16,1,2,2011,4,7,4,26.805348328067012
2011-10-09,2,16,1,2,2011,4,9,6,21.34151124605026
2011-10-10,2,16,1,2,2011,4,10,0,28.381133434537695
2011-10-19,2,16,1,2,2011,4,19,2,25.41085007590327
2011-10-20,2,16,1,2,2011,4,20,3,23.183137556927452
2011-10-25,2,16,1,2,2011,4,25,1,25.63735316769559
2011-10-26,2,16,1,2,2011,4,26,2,23.35301487577169
2011-10-30,2,16,1,2,2011,4,30,6,23.70226115682877
2011-10-31,2,16,1,2,2011,4,31,0,21.901695867621576
2011-11-01,2,16,1,2,2011,4,1,1,18.48877190071618
2011-11-08,2,16,1,2,2011,4,8,1,22.116578925537134
2011-11-09,2,16,1,2,2011,4,9,2,24.83743419415285
2011-11-10,2,16,1,2,2011,4,10,3,23.578075645614636
2011-11-11,2,16,1,2,2011,4,11,4,22.633556734210977
2011-11-13,2,16,1,2,2011,4,13,6,19.862667550658234
2011-11-14,2,16,1,2,2011,4,14,0,23.559500662993678
2011-11-15,2,16,1,2,2011,4,15,1,23.857125497245256
2011-11-16,2,16,1,2,2011,4,16,2,22.017844122933944
2011-11-17,2,16,1,2,2011,4,17,3,16.925883092200458
2011-11-18,2,16,1,2,2011,4,18,4,16.819412319150345
2011-11-20,2,16,1,2,2011,4,20,6,13.439559239362758
2011-11-23,2,16,1,2,2011,4,23,2,15.02966942952207
2011-11-24,2,16,1,2,2011,4,24,3,19.52225207214155
2011-11-29,2,16,1,2,2011,4,29,1,18.766689054106163
2011-11-30,2,16,1,2,2011,4,30,2,23.562516790579622
2011-12-01,2,16,1,2,2011,4,1,3,25.921887592934716
2011-12-02,2,16,1,2,2011,4,2,4,23.566415694701035
2011-12-04,2,16,1,2,2011,4,4,6,18.087311771025778
2011-12-05,2,16,1,2,2011,4,5,0,16.455483828269333
2011-12-06,2,16,1,2,2011,4,6,1,25.954112871202
2011-12-08,2,16,1,2,2011,4,8,3,27.7155846534015
2011-03-14,2,17,2,2,2011,1,14,0,18.23384796748752
2011-03-15,2,17,2,2,2011,1,15,1,14.50038597561564
2011-03-23,2,17,2,2,2011,1,23,2,11.287789481711728
2011-03-28,2,17,2,2,2011,1,28,0,16.7158421112838
2011-03-29,2,17,2,2,2011,1,29,1,16.66188158346285
2011-03-31,2,17,2,2,2011,1,31,3,13.321411187597137
2011-04-05,2,17,2,2,2011,2,5,1,10.403558390697853
2011-04-07,2,17,2,2,2011,2,7,3,8.627668793023389
2011-04-08,2,17,2,2,2011,2,8,4,14.720751594767542
2011-04-12,2,17,2,2,2011,2,12,1,15.165563696075656
2011-04-13,2,17,2,2,2011,2,13,2,15.499172772056742
2011-04-18,2,17,2,2,2011,2,18,0,15.749379579042557
2011-04-19,2,17,2,2,2011,2,19,1,12.637034684281918
2011-04-20,2,17,2,2,2011,2,20,2,13.60277601321144
2011-04-21,2,17,2,2,2011,2,21,3,11.027082009908579
2011-04-27,2,17,2,2,2011,2,27,2,21.470311507431433
2011-05-03,2,17,2,2,2011,2,3,1,16.927733630573574
2011-05-05,2,17,2,2,2011,2,5,3,13.52080022293018
2011-05-09,2,17,2,2,2011,2,9,0,26.640600167197636
2011-05-10,2,17,2,2,2011,2,10,1,29.880450125398227
2011-05-12,2,17,2,2,2011,2,12,3,22.82283759404867
2011-05-16,2,17,2,2,2011,2,16,0,25.367128195536502
2011-05-17,2,17,2,2,2011,2,17,1,21.500346146652376
2011-05-18,2,17,2,2,2011,2,18,2,20.250259609989282
2011-05-19,2,17,2,2,2011,2,19,3,19.31269470749196
2011-05-20,2,17,2,2,2011,2,20,4,22.73452103061897
2011-05-22,2,17,2,2,2011,2,22,6,21.17589077296423
2011-05-23,2,17,2,2,2011,2,23,0,17.11941807972317
2011-05-24,2,17,2,2,2011,2,24,1,17.377063559792376
2011-05-26,2,17,2,2,2011,2,26,3,17.157797669844282
2011-05-31,2,17,2,2,2011,2,31,1,14.105848252383211
2011-06-02,2,17,2,2,2011,2,2,3,37.31688618928741
2011-06-03,2,17,2,2,2011,2,3,4,32.11266464196556
2011-06-08,2,17,2,2,2011,2,8,2,33.57199848147417
2011-06-12,2,17,2,2,2011,2,12,6,29.303998861105626
2011-06-13,2,17,2,2,2011,2,13,0,22.39049914582922
2011-06-20,2,17,2,2,2011,2,20,0,17.617874359371914
2011-06-22,2,17,2,2,2011,2,22,2,17.338405769528936
2011-06-23,2,17,2,2,2011,2,23,3,16.303804327146704
2011-06-24,2,17,2,2,2011,2,24,4,16.352853245360027
2011-07-01,2,17,2,2,2011,3,1,4,20.51463993402002
2011-07-03,2,17,2,2,2011,3,3,6,24.460979950515014
2011-07-05,2,17,2,2,2011,3,5,1,18.758234962886263
2011-07-06,2,17,2,2,2011,3,6,2,18.193676222164697
2011-07-07,2,17,2,2,2011,3,7,3,21.895257166623523
2011-07-11,2,17,2,2,2011,3,11,0,38.696442874967644
2011-07-14,2,17,2,2,2011,3,14,3,37.27233215622573
2011-07-17,2,17,2,2,2011,3,17,6,28.779249117169297
2011-07-18,2,17,2,2,2011,3,18,0,25.70943683787697
2011-07-19,2,17,2,2,2011,3,19,1,41.03207762840773
2011-07-20,2,17,2,2,2011,3,20,2,34.89905822130579
2011-07-21,2,17,2,2,2011,3,21,3,34.42429366597935
2011-07-22,2,17,2,2,2011,3,22,4,26.64322024948451
2011-07-25,2,17,2,2,2011,3,25,0,24.107415187113382
2011-07-27,2,17,2,2,2011,3,27,2,26.330561390335035
2011-07-28,2,17,2,2,2011,3,28,3,25.52292104275128
2011-07-29,2,17,2,2,2011,3,29,4,31.51719078206346
2011-07-31,2,17,2,2,2011,3,31,6,24.050393086547594
2011-08-04,2,17,2,2,2011,3,4,3,34.5377948149107
2011-08-08,2,17,2,2,2011,3,8,0,28.37834611118302
2011-08-11,2,17,2,2,2011,3,11,3,39.846259583387265
2011-08-19,2,17,2,2,2011,3,19,4,34.009694687540446
2011-08-22,2,17,2,2,2011,3,22,0,29.632271015655334
2011-08-23,2,17,2,2,2011,3,23,1,23.0492032617415
2011-08-24,2,17,2,2,2011,3,24,2,21.411902446306126
2011-08-25,2,17,2,2,2011,3,25,3,20.183926834729593
2011-08-26,2,17,2,2,2011,3,26,4,19.675445126047194
2011-09-02,2,17,2,2,2011,3,2,4,20.119083844535396
2011-09-05,2,17,2,2,2011,3,5,0,16.739312883401546
2011-09-08,2,17,2,2,2011,3,8,3,13.791984662551158
2011-09-12,2,17,2,2,2011,3,12,0,16.53148849691337
2011-09-13,2,17,2,2,2011,3,13,1,20.648616372685026
2011-09-15,2,17,2,2,2011,3,15,3,20.84896227951377
2011-09-16,2,17,2,2,2011,3,16,4,19.761721709635328
2011-09-20,2,17,2,2,2011,3,20,1,15.646291282226496
2011-09-22,2,17,2,2,2011,3,22,3,20.80971846166987
2011-09-25,2,17,2,2,2011,3,25,6,19.732288846252402
2011-09-26,2,17,2,2,2011,3,26,0,15.6242166346893
2011-09-27,2,17,2,2,2011,3,27,1,24.093162476016975
2011-09-28,2,17,2,2,2011,3,28,2,18.482371857012733
2011-10-02,2,17,2,2,2011,4,2,6,14.274278892759549
2011-10-03,2,17,2,2,2011,4,3,0,14.830709169569662
2011-10-04,2,17,2,2,2011,4,4,1,11.535531877177247
2011-10-05,2,17,2,2,2011,4,5,2,12.776648907882935
2011-10-06,2,17,2,2,2011,4,6,3,13.7074866809122
2011-10-10,2,17,2,2,2011,4,10,0,11.313115010684152
2011-10-11,2,17,2,2,2011,4,11,1,12.609836258013114
2011-10-12,2,17,2,2,2011,4,12,2,10.282377193509834
2011-10-14,2,17,2,2,2011,4,14,4,11.836782895132377
2011-10-17,2,17,2,2,2011,4,17,0,9.290087171349283
2011-10-18,2,17,2,2,2011,4,18,1,9.442565378511961
2011-10-21,2,17,2,2,2011,4,21,4,11.206924033883972
2011-10-24,2,17,2,2,2011,4,24,0,9.43769302541298
2011-10-26,2,17,2,2,2011,4,26,2,7.903269769059735
2011-10-28,2,17,2,2,2011,4,28,4,7.577452326794802
2011-10-30,2,17,2,2,2011,4,30,6,9.808089245096102
2011-10-31,2,17,2,2,2011,4,31,0,9.421066933822077
2011-11-04,2,17,2,2,2011,4,4,4,15.315800200366558
2011-11-10,2,17,2,2,2011,4,10,3,19.73685015027492
2011-11-13,2,17,2,2,2011,4,13,6,16.452637612706187
2011-11-14,2,17,2,2,2011,4,14,0,13.784478209529642
2011-11-15,2,17,2,2,2011,4,15,1,14.463358657147232
2011-11-16,2,17,2,2,2011,4,16,2,14.972518992860424
2011-11-17,2,17,2,2,2011,4,17,3,11.641889244645318
2011-11-18,2,17,2,2,2011,4,18,4,12.856416933483988
2011-11-20,2,17,2,2,2011,4,20,6,11.292312700112992
2011-11-22,2,17,2,2,2011,4,22,1,8.881734525084743
2011-11-23,2,17,2,2,2011,4,23,2,10.786300893813557
2011-11-24,2,17,2,2,2011,4,24,3,8.502225670360167
2011-11-27,2,17,2,2,2011,4,27,6,7.201669252770125
2011-11-28,2,17,2,2,2011,4,28,0,6.4337519395775935
2011-11-30,2,17,2,2,2011,4,30,2,9.362813954683194
2011-12-05,2,17,2,2,2011,4,5,0,8.259610466012395
2011-12-06,2,17,2,2,2011,4,6,1,7.019707849509296
2011-03-14,2,18,3,2,2011,1,14,0,20.28642252158777
2011-03-15,2,18,3,2,2011,1,15,1,16.039816891190828
2011-03-17,2,18,3,2,2011,1,17,3,16.154862668393122
2011-03-18,2,18,3,2,2011,1,18,4,16.24114700129484
2011-03-21,2,18,3,2,2011,1,21,0,13.00586025097113
2011-03-22,2,18,3,2,2011,1,22,1,11.404395188228348
2011-03-29,2,18,3,2,2011,1,29,1,12.67829639117126
2011-04-01,2,18,3,2,2011,2,1,4,13.633722293378446
2011-04-04,2,18,3,2,2011,2,4,0,14.350291720033834
2011-04-05,2,18,3,2,2011,2,5,1,11.587718790025374
2011-04-06,2,18,3,2,2011,2,6,2,19.003289092519026
2011-04-07,2,18,3,2,2011,2,7,3,18.78996681938927
2011-04-08,2,18,3,2,2011,2,8,4,18.217475114541955
2011-04-12,2,18,3,2,2011,2,12,1,21.913106335906466
2011-04-13,2,18,3,2,2011,2,13,2,18.90982975192985
2011-04-14,2,18,3,2,2011,2,14,3,15.007372313947386
2011-04-19,2,18,3,2,2011,2,19,1,12.90552923546054
2011-04-20,2,18,3,2,2011,2,20,2,13.804146926595404
2011-04-21,2,18,3,2,2011,2,21,3,11.178110194946552
2011-04-27,2,18,3,2,2011,2,27,2,12.096082646209913
2011-05-08,2,18,3,2,2011,2,8,6,13.197061984657434
2011-05-09,2,18,3,2,2011,2,9,0,15.260296488493076
2011-05-10,2,18,3,2,2011,2,10,1,23.820222366369805
2011-05-11,2,18,3,2,2011,2,11,2,21.990166774777354
2011-05-12,2,18,3,2,2011,2,12,3,16.905125081083018
2011-05-16,2,18,3,2,2011,2,16,0,16.803843810812264
2011-05-17,2,18,3,2,2011,2,17,1,13.840382858109198
2011-05-22,2,18,3,2,2011,2,22,6,14.5052871435819
2011-05-23,2,18,3,2,2011,2,23,0,11.703965357686425
2011-05-24,2,18,3,2,2011,2,24,1,12.902974018264818
2011-05-25,2,18,3,2,2011,2,25,2,17.927230513698614
2011-05-26,2,18,3,2,2011,2,26,3,17.57042288527396
2011-05-31,2,18,3,2,2011,2,31,1,14.00281716395547
2011-06-05,2,18,3,2,2011,2,5,6,14.627112872966602
2011-06-08,2,18,3,2,2011,2,8,2,15.095334654724951
2011-06-14,2,18,3,2,2011,2,14,1,12.146500991043713
2011-06-15,2,18,3,2,2011,2,15,2,9.934875743282785
2011-06-16,2,18,3,2,2011,2,16,3,25.601156807462086
2011-06-20,2,18,3,2,2011,2,20,0,20.025867605596563
2011-06-22,2,18,3,2,2011,2,22,2,19.144400704197423
2011-06-23,2,18,3,2,2011,2,23,3,20.958300528148065
2011-06-27,2,18,3,2,2011,2,27,0,16.956225396111048
2011-06-30,2,18,3,2,2011,2,30,3,13.542169047083284
2011-07-01,2,18,3,2,2011,3,1,4,14.281626785312463
2011-07-03,2,18,3,2,2011,3,3,6,11.536220088984347
2011-07-11,2,18,3,2,2011,3,11,0,21.02716506673826
2011-07-14,2,18,3,2,2011,3,14,3,20.30787380005369
2011-07-15,2,18,3,2,2011,3,15,4,19.355905350040267
2011-07-18,2,18,3,2,2011,3,18,0,18.6419290125302
2011-07-20,2,18,3,2,2011,3,20,2,18.10644675939765
2011-07-21,2,18,3,2,2011,3,21,3,25.95483506954824
2011-07-22,2,18,3,2,2011,3,22,4,20.291126302161178
2011-07-25,2,18,3,2,2011,3,25,0,19.343344726620884
2011-07-27,2,18,3,2,2011,3,27,2,18.632508544965663
2011-07-28,2,18,3,2,2011,3,28,3,30.47438140872425
2011-08-03,2,18,3,2,2011,3,3,2,33.73078605654319
2011-08-04,2,18,3,2,2011,3,4,3,45.92308954240739
2011-08-05,2,18,3,2,2011,3,5,4,35.26731715680555
2011-08-08,2,18,3,2,2011,3,8,0,33.05048786760416
2011-08-11,2,18,3,2,2011,3,11,3,30.562865900703123
2011-08-19,2,18,3,2,2011,3,19,4,27.047149425527344
2011-08-23,2,18,3,2,2011,3,23,1,21.522862069145507
2011-08-24,2,18,3,2,2011,3,24,2,20.26714655185913
2011-08-25,2,18,3,2,2011,3,25,3,19.32535991389435
2011-09-01,2,18,3,2,2011,3,1,3,16.556519935420763
2011-09-04,2,18,3,2,2011,3,4,6,13.24238995156557
2011-09-05,2,18,3,2,2011,3,5,0,15.294292463674179
2011-09-08,2,18,3,2,2011,3,8,3,12.295719347755632
2011-09-11,2,18,3,2,2011,3,11,6,9.634289510816723
2011-09-13,2,18,3,2,2011,3,13,1,11.350717133112543
2011-09-15,2,18,3,2,2011,3,15,3,19.238037849834406
2011-09-20,2,18,3,2,2011,3,20,1,15.253528387375804
2011-09-22,2,18,3,2,2011,3,22,3,15.565146290531853
2011-09-23,2,18,3,2,2011,3,23,4,12.086359717898889
2011-09-27,2,18,3,2,2011,3,27,1,17.314769788424165
2011-09-29,2,18,3,2,2011,3,29,3,13.398577341318124
2011-10-02,2,18,3,2,2011,4,2,6,10.461433005988592
2011-10-04,2,18,3,2,2011,4,4,1,11.971074754491443
2011-10-05,2,18,3,2,2011,4,5,2,13.103306065868583
2011-10-06,2,18,3,2,2011,4,6,3,13.952479549401438
2011-10-10,2,18,3,2,2011,4,10,0,11.49685966205108
2011-10-11,2,18,3,2,2011,4,11,1,12.74764474653831
2011-10-12,2,18,3,2,2011,4,12,2,9.973233559903731
2011-10-17,2,18,3,2,2011,4,17,0,7.892425169927797
2011-10-19,2,18,3,2,2011,4,19,2,10.044318877445848
2011-10-21,2,18,3,2,2011,4,21,4,15.783239158084386
2011-10-27,2,18,3,2,2011,4,27,3,15.96242936856329
2011-10-28,2,18,3,2,2011,4,28,4,13.621822026422468
2011-10-30,2,18,3,2,2011,4,30,6,10.628866519816851
2011-10-31,2,18,3,2,2011,4,31,0,10.036649889862638
2011-11-01,2,18,3,2,2011,4,1,1,8.352487417396977
2011-11-04,2,18,3,2,2011,4,4,4,14.514365563047733
2011-11-08,2,18,3,2,2011,4,8,1,23.2607741722858
2011-11-10,2,18,3,2,2011,4,10,3,26.10808062921435
2011-11-13,2,18,3,2,2011,4,13,6,21.23106047191076
2011-11-15,2,18,3,2,2011,4,15,1,20.04829535393307
2011-11-20,2,18,3,2,2011,4,20,6,16.273721515449804
2011-11-21,2,18,3,2,2011,4,21,0,16.330291136587352
2011-11-22,2,18,3,2,2011,4,22,1,16.372718352440515
2011-11-23,2,18,3,2,2011,4,23,2,13.104538764330385
2011-11-24,2,18,3,2,2011,4,24,3,14.365904073247789
2011-11-27,2,18,3,2,2011,4,27,6,11.59942805493584
2011-11-28,2,18,3,2,2011,4,28,0,9.73207104120188
2011-11-30,2,18,3,2,2011,4,30,2,12.24905328090141
2011-12-04,2,18,3,2,2011,4,4,6,9.599289960676058
2011-12-05,2,18,3,2,2011,4,5,0,9.056967470507043
2011-12-06,2,18,3,2,2011,4,6,1,8.030225602880282
2011-03-14,2,19,4,2,2011,1,14,0,20.15170831316087
2011-03-20,2,19,4,2,2011,1,20,6,27.713781234870652
2011-03-21,2,19,4,2,2011,1,21,0,21.47283592615299
2011-03-22,2,19,4,2,2011,1,22,1,16.929626944614743
2011-03-23,2,19,4,2,2011,1,23,2,16.40972020846106
2011-03-25,2,19,4,2,2011,1,25,4,15.607290156345796
2011-03-27,2,19,4,2,2011,1,27,6,11.842967617259346
2011-03-29,2,19,4,2,2011,1,29,1,12.45722571294451
2011-03-30,2,19,4,2,2011,1,30,2,12.642919284708384
2011-04-03,2,19,4,2,2011,2,3,6,10.307189463531287
2011-04-04,2,19,4,2,2011,2,4,0,20.330392097648463
2011-04-06,2,19,4,2,2011,2,6,2,15.385294073236347
2011-04-08,2,19,4,2,2011,2,8,4,14.838970554927261
2011-04-12,2,19,4,2,2011,2,12,1,14.429227916195448
2011-04-14,2,19,4,2,2011,2,14,3,14.121920937146587
2011-04-17,2,19,4,2,2011,2,17,6,17.328940702859942
2011-04-19,2,19,4,2,2011,2,19,1,13.134205527144957
2011-04-21,2,19,4,2,2011,2,21,3,9.988154145358717
2011-04-26,2,19,4,2,2011,2,26,1,10.791115609019037
2011-04-27,2,19,4,2,2011,2,27,2,11.393336706764279
2011-05-03,2,19,4,2,2011,2,3,1,15.14500253007321
2011-05-04,2,19,4,2,2011,2,4,2,12.183751897554906
2011-05-08,2,19,4,2,2011,2,8,6,9.41281392316618
2011-05-09,2,19,4,2,2011,2,9,0,7.4721104423746345
2011-05-12,2,19,4,2,2011,2,12,3,6.1540828317809755
2011-05-13,2,19,4,2,2011,2,13,4,7.915562123835732
2011-05-15,2,19,4,2,2011,2,15,6,9.2366715928768
2011-05-22,2,19,4,2,2011,2,22,6,10.2275036946576
2011-05-23,2,19,4,2,2011,2,23,0,8.495627770993199
2011-05-24,2,19,4,2,2011,2,24,1,13.2467208282449
2011-06-05,2,19,4,2,2011,2,5,6,10.347540621183674
2011-06-06,2,19,4,2,2011,2,6,0,11.060655465887756
2011-06-07,2,19,4,2,2011,2,7,1,21.17049159941582
2011-06-12,2,19,4,2,2011,2,12,6,19.315368699561866
2011-06-19,2,19,4,2,2011,2,19,6,18.0615265246714
2011-06-23,2,19,4,2,2011,2,23,3,14.64614489350355
2011-06-26,2,19,4,2,2011,2,26,6,11.122108670127663
2011-06-28,2,19,4,2,2011,2,28,1,11.641581502595749
2011-06-29,2,19,4,2,2011,2,29,2,9.143686126946811
2011-07-05,2,19,4,2,2011,3,5,1,10.157764595210109
2011-07-06,2,19,4,2,2011,3,6,2,8.718323446407581
2011-07-07,2,19,4,2,2011,3,7,3,9.838742584805686
2011-07-13,2,19,4,2,2011,3,13,2,7.7915569386042645
2011-07-17,2,19,4,2,2011,3,17,6,9.143667703953199
2011-07-18,2,19,4,2,2011,3,18,0,7.407750777964899
2011-07-20,2,19,4,2,2011,3,20,2,5.830813083473674
2011-07-21,2,19,4,2,2011,3,21,3,4.510609812605256
2011-07-26,2,19,4,2,2011,3,26,1,6.682957359453942
2011-08-04,2,19,4,2,2011,3,4,3,5.837218019590456
2011-08-07,2,19,4,2,2011,3,7,6,4.652913514692843
2011-08-23,2,19,4,2,2011,3,23,1,8.439685136019632
2011-08-30,2,19,4,2,2011,3,30,1,9.629763852014724
2011-09-01,2,19,4,2,2011,3,1,3,10.934822889011043
2011-09-04,2,19,4,2,2011,3,4,6,12.188617166758283
2011-09-05,2,19,4,2,2011,3,5,0,12.578962875068711
2011-09-07,2,19,4,2,2011,3,7,2,12.734222156301534
2011-09-08,2,19,4,2,2011,3,8,3,9.825666617226151
2011-09-13,2,19,4,2,2011,3,13,1,82.9692499629196
2011-09-14,2,19,4,2,2011,3,14,2,65.5269374721897
2011-09-15,2,19,4,2,2011,3,15,3,52.44520310414227
2011-09-21,2,19,4,2,2011,3,21,2,40.8964023281067
2011-09-25,2,19,4,2,2011,3,25,6,30.809801746080026
2011-09-26,2,19,4,2,2011,3,26,0,24.04485130956002
2011-09-28,2,19,4,2,2011,3,28,2,22.158638482170016
2011-09-29,2,19,4,2,2011,3,29,3,26.93147886162751
2011-09-30,2,19,4,2,2011,3,30,4,23.498609146220634
2011-10-02,2,19,4,2,2011,4,2,6,18.861456859665477
2011-10-07,2,19,4,2,2011,4,7,4,17.446092644749108
2011-10-09,2,19,4,2,2011,4,9,6,14.734569483561831
2011-10-10,2,19,4,2,2011,4,10,0,11.988427112671374
2011-10-17,2,19,4,2,2011,4,17,0,10.24132033450353
2011-10-23,2,19,4,2,2011,4,23,6,8.230990250877648
2011-10-24,2,19,4,2,2011,4,24,0,7.973242688158236
2011-10-26,2,19,4,2,2011,4,26,2,7.629932016118677
2011-10-28,2,19,4,2,2011,4,28,4,6.272449012089008
2011-10-30,2,19,4,2,2011,4,30,6,4.841836759066756
2011-10-31,2,19,4,2,2011,4,31,0,4.881377569300067
2011-11-01,2,19,4,2,2011,4,1,1,6.96103317697505
2011-11-02,2,19,4,2,2011,4,2,2,8.520774882731288
2011-11-07,2,19,4,2,2011,4,7,0,6.940581162048466
2011-11-10,2,19,4,2,2011,4,10,3,13.017935871536348
2011-11-13,2,19,4,2,2011,4,13,6,13.47595190365226
2011-11-14,2,19,4,2,2011,4,14,0,26.556963927739197
2011-11-15,2,19,4,2,2011,4,15,1,23.2177229458044
2011-11-18,2,19,4,2,2011,4,18,4,20.713292209353302
2011-11-20,2,19,4,2,2011,4,20,6,16.084969157014978
2011-11-22,2,19,4,2,2011,4,22,1,15.363726867761233
2011-11-23,2,19,4,2,2011,4,23,2,13.947795150820927
2011-11-28,2,19,4,2,2011,4,28,0,15.460846363115696
2011-11-30,2,19,4,2,2011,4,30,2,12.420634772336772
2011-12-02,2,19,4,2,2011,4,2,4,12.61547607925258
2011-12-05,2,19,4,2,2011,4,5,0,11.786607059439437
2011-03-14,3,0,0,3,2011,1,14,0,44.491316883787846
2011-03-15,3,0,0,3,2011,1,15,1,62.618487662840884
2011-03-16,3,0,0,3,2011,1,16,2,87.76386574713067
2011-03-17,3,0,0,3,2011,1,17,3,86.222899310348
2011-03-18,3,0,0,3,2011,1,18,4,89.492174482761
2011-03-20,3,0,0,3,2011,1,20,6,72.28163086207074
2011-03-21,3,0,0,3,2011,1,21,0,58.63622314655305
2011-03-23,3,0,0,3,2011,1,23,2,53.56466735991479
2011-03-25,3,0,0,3,2011,1,25,4,46.0735005199361
2011-03-27,3,0,0,3,2011,1,27,6,47.83012538995207
2011-03-28,3,0,0,3,2011,1,28,0,41.03509404246406
2011-03-30,3,0,0,3,2011,1,30,2,41.83882053184804
2011-03-31,3,0,0,3,2011,1,31,3,66.52911539888603
2011-04-01,3,0,0,3,2011,2,1,4,80.62183654916453
2011-04-03,3,0,0,3,2011,2,3,6,62.678877411873394
2011-04-04,3,0,0,3,2011,2,4,0,57.33415805890505
2011-04-05,3,0,0,3,2011,2,5,1,54.80061854417879
2011-04-06,3,0,0,3,2011,2,6,2,42.57546390813409
2011-04-07,3,0,0,3,2011,2,7,3,44.46909793110057
2011-04-10,3,0,0,3,2011,2,10,6,34.82682344832543
2011-04-11,3,0,0,3,2011,2,11,0,34.97011758624407
2011-04-12,3,0,0,3,2011,2,12,1,46.62758818968305
2011-04-13,3,0,0,3,2011,2,13,2,43.82069114226229
2011-04-14,3,0,0,3,2011,2,14,3,86.94051835669671
2011-04-15,3,0,0,3,2011,2,15,4,66.68038876752253
2011-04-17,3,0,0,3,2011,2,17,6,57.3852915756419
2011-04-18,3,0,0,3,2011,2,18,0,1220.9514686817313
2011-04-19,3,0,0,3,2011,2,19,1,933.4136015112986
2011-04-20,3,0,0,3,2011,2,20,2,703.7477011334739
2011-04-21,3,0,0,3,2011,2,21,3,570.8232758501055
2011-04-27,3,0,0,3,2011,2,27,2,460.3174568875791
2011-05-03,3,0,0,3,2011,2,3,1,370.06309266568434
2011-05-04,3,0,0,3,2011,2,4,2,303.8473194992633
2011-05-05,3,0,0,3,2011,2,5,3,232.31048962444748
2011-05-06,3,0,0,3,2011,2,6,4,199.05786721833562
2011-05-08,3,0,0,3,2011,2,8,6,169.69340041375173
2011-05-09,3,0,0,3,2011,2,9,0,131.6950503103138
2011-05-11,3,0,0,3,2011,2,11,2,100.24628773273534
2011-05-12,3,0,0,3,2011,2,12,3,129.2597157995515
2011-05-15,3,0,0,3,2011,2,15,6,137.74478684966363
2011-05-16,3,0,0,3,2011,2,16,0,126.65859013724771
2011-05-19,3,0,0,3,2011,2,19,3,116.86894260293579
2011-05-20,3,0,0,3,2011,2,20,4,108.05170695220184
2011-05-22,3,0,0,3,2011,2,22,6,87.67628021415139
2011-05-23,3,0,0,3,2011,2,23,0,74.60721016061353
2011-05-24,3,0,0,3,2011,2,24,1,89.63040762046015
2011-05-25,3,0,0,3,2011,2,25,2,84.92280571534512
2011-05-26,3,0,0,3,2011,2,26,3,71.06710428650884
2011-05-29,3,0,0,3,2011,2,29,6,55.51282821488163
2011-05-31,3,0,0,3,2011,2,31,1,46.05962116116122
2011-06-02,3,0,0,3,2011,2,2,3,247.39471587087093
2011-06-05,3,0,0,3,2011,2,5,6,192.9210369031532
2011-06-10,3,0,0,3,2011,2,10,4,165.0907776773649
2011-06-13,3,0,0,3,2011,2,13,0,125.29308325802367
2011-06-14,3,0,0,3,2011,2,14,1,122.48231244351776
2011-06-15,3,0,0,3,2011,2,15,2,142.98673433263832
2011-06-16,3,0,0,3,2011,2,16,3,113.14005074947875
2011-06-17,3,0,0,3,2011,2,17,4,86.33003806210905
2011-06-19,3,0,0,3,2011,2,19,6,102.8475285465818
2011-06-20,3,0,0,3,2011,2,20,0,81.56064640993635
2011-06-22,3,0,0,3,2011,2,22,2,65.59548480745227
2011-06-23,3,0,0,3,2011,2,23,3,53.621613605589204
2011-06-27,3,0,0,3,2011,2,27,0,41.691210204191904
2011-06-28,3,0,0,3,2011,2,28,1,40.11840765314393
2011-06-29,3,0,0,3,2011,2,29,2,48.52630573985795
2011-06-30,3,0,0,3,2011,2,30,3,43.76972930489347
2011-07-04,3,0,0,3,2011,3,4,0,35.7772969786701
2011-07-05,3,0,0,3,2011,3,5,1,92.45797273400257
2011-07-06,3,0,0,3,2011,3,6,2,71.55597955050193
2011-07-07,3,0,0,3,2011,3,7,3,77.01698466287644
2011-07-10,3,0,0,3,2011,3,10,6,68.82523849715733
2011-07-12,3,0,0,3,2011,3,12,1,74.96892887286799
2011-07-18,3,0,0,3,2011,3,18,0,62.864196654650996
2011-07-20,3,0,0,3,2011,3,20,2,96.79814749098824
2011-07-22,3,0,0,3,2011,3,22,4,106.27361061824118
2011-07-24,3,0,0,3,2011,3,24,6,81.18020796368089
2011-07-25,3,0,0,3,2011,3,25,0,65.31015597276067
2011-07-27,3,0,0,3,2011,3,27,2,58.5701169795705
2011-07-28,3,0,0,3,2011,3,28,3,48.35258773467787
2011-07-31,3,0,0,3,2011,3,31,6,45.114440801008406
2011-08-01,3,0,0,3,2011,3,1,0,51.535830600756306
2011-08-04,3,0,0,3,2011,3,4,3,88.30187295056723
2011-08-05,3,0,0,3,2011,3,5,4,68.43890471292542
2011-08-07,3,0,0,3,2011,3,7,6,55.75417853469406
2011-08-08,3,0,0,3,2011,3,8,0,54.35313390102055
2011-08-09,3,0,0,3,2011,3,9,1,61.16485042576541
2011-08-10,3,0,0,3,2011,3,10,2,47.34863781932406
2011-08-12,3,0,0,3,2011,3,12,4,38.46147836449305
2011-08-15,3,0,0,3,2011,3,15,0,37.69610877336979
2011-08-16,3,0,0,3,2011,3,16,1,53.097081580027336
2011-08-17,3,0,0,3,2011,3,17,2,40.560311185020495
2011-08-19,3,0,0,3,2011,3,19,4,34.84523338876537
2011-08-23,3,0,0,3,2011,3,23,1,30.55892504157403
2011-08-25,3,0,0,3,2011,3,25,3,31.769193781180526
2011-08-28,3,0,0,3,2011,3,28,6,27.514395335885396
2011-08-30,3,0,0,3,2011,3,30,1,52.09829650191405
2011-08-31,3,0,0,3,2011,3,31,2,40.54872237643554
2011-09-01,3,0,0,3,2011,3,1,3,34.83654178232666
2011-09-02,3,0,0,3,2011,3,2,4,59.802406336744994
2011-09-04,3,0,0,3,2011,3,4,6,55.17680475255875
2011-09-09,3,0,0,3,2011,3,9,4,59.08260356441907
2011-09-11,3,0,0,3,2011,3,11,6,53.1619526733143
2011-09-12,3,0,0,3,2011,3,12,0,93.94646450498573
2011-09-13,3,0,0,3,2011,3,13,1,73.4098483787393
2011-09-14,3,0,0,3,2011,3,14,2,95.85738628405447
2011-09-15,3,0,0,3,2011,3,15,3,77.79303971304086
2011-09-16,3,0,0,3,2011,3,16,4,112.41977978478064
2011-09-18,3,0,0,3,2011,3,18,6,125.11483483858548
2011-09-20,3,0,0,3,2011,3,20,1,107.11112612893912
2011-09-23,3,0,0,3,2011,3,23,4,83.28334459670434
2011-09-25,3,0,0,3,2011,3,25,6,70.57500844752825
2011-09-28,3,0,0,3,2011,3,28,2,61.781256335646184
2011-09-29,3,0,0,3,2011,3,29,3,69.68594225173463
2011-09-30,3,0,0,3,2011,3,30,4,100.43945668880097
2011-10-03,3,0,0,3,2011,4,3,0,77.54209251660073
2011-10-04,3,0,0,3,2011,4,4,1,67.00656938745055
2011-10-05,3,0,0,3,2011,4,5,2,52.467427040587914
2011-10-07,3,0,0,3,2011,4,7,4,48.200570280440935
2011-10-10,3,0,0,3,2011,4,10,0,36.8879277103307
2011-10-12,3,0,0,3,2011,4,12,2,35.040945782748025
2011-10-13,3,0,0,3,2011,4,13,3,43.24320933706102
2011-10-14,3,0,0,3,2011,4,14,4,52.83240700279576
2011-10-16,3,0,0,3,2011,4,16,6,48.47430525209682
2011-10-17,3,0,0,3,2011,4,17,0,40.78072893907262
2011-10-18,3,0,0,3,2011,4,18,1,35.01054670430446
2011-10-21,3,0,0,3,2011,4,21,4,32.15791002822834
2011-10-23,3,0,0,3,2011,4,23,6,53.36843252117126
2011-10-25,3,0,0,3,2011,4,25,1,44.45132439087844
2011-10-26,3,0,0,3,2011,4,26,2,37.76349329315883
2011-10-27,3,0,0,3,2011,4,27,3,51.272619969869126
2011-10-30,3,0,0,3,2011,4,30,6,50.25446497740184
2011-10-31,3,0,0,3,2011,4,31,0,40.640848733051385
2011-11-01,3,0,0,3,2011,4,1,1,33.43063654978854
2011-11-02,3,0,0,3,2011,4,2,2,45.4729774123414
2011-11-03,3,0,0,3,2011,4,3,3,36.31723305925605
2011-11-04,3,0,0,3,2011,4,4,4,32.40042479444204
2011-11-06,3,0,0,3,2011,4,6,6,46.912818595831524
2011-11-08,3,0,0,3,2011,4,8,1,39.60961394687364
2011-11-09,3,0,0,3,2011,4,9,2,71.98221046015523
2011-11-10,3,0,0,3,2011,4,10,3,63.574157845116424
2011-11-11,3,0,0,3,2011,4,11,4,76.19311838383732
2011-11-13,3,0,0,3,2011,4,13,6,65.25733878787798
2011-11-14,3,0,0,3,2011,4,14,0,73.76800409090849
2011-11-16,3,0,0,3,2011,4,16,2,62.701003068181365
2011-11-17,3,0,0,3,2011,4,17,3,59.563252301136025
2011-11-18,3,0,0,3,2011,4,18,4,65.07243922585201
2011-11-21,3,0,0,3,2011,4,21,0,59.12932941938901
2011-11-22,3,0,0,3,2011,4,22,1,49.509497064541755
2011-11-23,3,0,0,3,2011,4,23,2,41.55712279840631
2011-11-24,3,0,0,3,2011,4,24,3,67.79284209880473
2011-11-25,3,0,0,3,2011,4,25,4,74.44463157410355
2011-11-27,3,0,0,3,2011,4,27,6,56.570973680577666
2011-11-29,3,0,0,3,2011,4,29,1,46.85323026043325
2011-11-30,3,0,0,3,2011,4,30,2,58.489922695324935
2011-12-01,3,0,0,3,2011,4,1,3,57.879942021493704
2011-12-02,3,0,0,3,2011,4,2,4,106.82245651612027
2011-12-04,3,0,0,3,2011,4,4,6,80.8543423870902
2011-12-05,3,0,0,3,2011,4,5,0,162.64075679031765
2011-12-07,3,0,0,3,2011,4,7,2,200.14306759273825
2011-12-08,3,0,0,3,2011,4,8,3,182.3073006945537
2011-12-09,3,0,0,3,2011,4,9,4,137.46797552091527
2011-03-17,3,1,1,3,2011,1,17,3,586.2543497978367
2011-03-18,3,1,1,3,2011,1,18,4,445.0532623483775
2011-03-20,3,1,1,3,2011,1,20,6,348.4149467612831
2011-03-24,3,1,1,3,2011,1,24,3,292.0237100709623
2011-03-25,3,1,1,3,2011,1,25,4,347.6427825532217
2011-03-29,3,1,1,3,2011,1,29,1,265.6070869149163
2011-04-01,3,1,1,3,2011,2,1,4,202.32531518618723
2011-04-04,3,1,1,3,2011,2,4,0,222.4939863896404
2011-04-07,3,1,1,3,2011,2,7,3,168.4304897922303
2011-04-08,3,1,1,3,2011,2,8,4,141.59786734417273
2011-04-10,3,1,1,3,2011,2,10,6,108.27840050812954
2011-04-11,3,1,1,3,2011,2,11,0,86.40880038109715
2011-04-12,3,1,1,3,2011,2,12,1,109.55660028582287
2011-04-14,3,1,1,3,2011,2,14,3,130.03745021436714
2011-04-15,3,1,1,3,2011,2,15,4,102.72808766077536
2011-04-19,3,1,1,3,2011,2,19,1,87.44606574558152
2011-04-26,3,1,1,3,2011,2,26,1,66.10454930918614
2011-04-27,3,1,1,3,2011,2,27,2,61.5384119818896
2011-04-28,3,1,1,3,2011,2,28,3,51.35380898641721
2011-05-06,3,1,1,3,2011,2,6,4,59.510356739812906
2011-05-08,3,1,1,3,2011,2,8,6,60.232767554859684
2011-05-09,3,1,1,3,2011,2,9,0,55.57457566614476
2011-05-10,3,1,1,3,2011,2,10,1,132.22093174960858
2011-05-11,3,1,1,3,2011,2,11,2,100.20569881220645
2011-05-12,3,1,1,3,2011,2,12,3,78.27427410915485
2011-05-13,3,1,1,3,2011,2,13,4,148.20570558186614
2011-05-17,3,1,1,3,2011,2,17,1,116.35427918639961
2011-05-18,3,1,1,3,2011,2,18,2,102.86570938979972
2011-05-19,3,1,1,3,2011,2,19,3,79.2292820423498
2011-05-20,3,1,1,3,2011,2,20,4,60.98196153176235
2011-05-22,3,1,1,3,2011,2,22,6,50.93647114882177
2011-05-23,3,1,1,3,2011,2,23,0,134.46235336161632
2011-05-24,3,1,1,3,2011,2,24,1,106.04676502121224
2011-05-25,3,1,1,3,2011,2,25,2,85.25507376590917
2011-05-26,3,1,1,3,2011,2,26,3,67.06130532443188
2011-05-27,3,1,1,3,2011,2,27,4,55.49597899332392
2011-06-02,3,1,1,3,2011,2,2,3,86.37198424499294
2011-06-05,3,1,1,3,2011,2,5,6,71.0189881837447
2011-06-07,3,1,1,3,2011,2,7,1,98.01424113780853
2011-06-08,3,1,1,3,2011,2,8,2,95.3506808533564
2011-06-10,3,1,1,3,2011,2,10,4,77.7530106400173
2011-06-13,3,1,1,3,2011,2,13,0,58.834757980012974
2011-06-14,3,1,1,3,2011,2,14,1,133.62606848500974
2011-06-15,3,1,1,3,2011,2,15,2,150.1695513637573
2011-06-16,3,1,1,3,2011,2,16,3,167.77716352281797
2011-06-19,3,1,1,3,2011,2,19,6,180.98287264211348
2011-06-20,3,1,1,3,2011,2,20,0,270.5071544815851
2011-06-21,3,1,1,3,2011,2,21,1,208.0803658611888
2011-06-22,3,1,1,3,2011,2,22,2,166.46027439589162
2011-06-23,3,1,1,3,2011,2,23,3,169.59520579691872
2011-06-27,3,1,1,3,2011,2,27,0,171.94640434768905
2011-06-29,3,1,1,3,2011,2,29,2,139.3598032607668
2011-06-30,3,1,1,3,2011,2,30,3,109.7198524455751
2011-07-04,3,1,1,3,2011,3,4,0,98.92988933418133
2011-07-05,3,1,1,3,2011,3,5,1,168.89741700063598
2011-07-06,3,1,1,3,2011,3,6,2,131.87306275047698
2011-07-07,3,1,1,3,2011,3,7,3,242.90479706285774
2011-07-08,3,1,1,3,2011,3,8,4,226.9285977971433
2011-07-10,3,1,1,3,2011,3,10,6,170.7164483478575
2011-07-12,3,1,1,3,2011,3,12,1,133.2373362608931
2011-07-13,3,1,1,3,2011,3,13,2,110.32800219566982
2011-07-20,3,1,1,3,2011,3,20,2,93.66600164675238
2011-07-22,3,1,1,3,2011,3,22,4,75.44950123506429
2011-07-24,3,1,1,3,2011,3,24,6,66.98712592629822
2011-07-26,3,1,1,3,2011,3,26,1,100.19034444472366
2011-07-27,3,1,1,3,2011,3,27,2,120.41275833354274
2011-07-29,3,1,1,3,2011,3,29,4,101.22956875015706
2011-07-31,3,1,1,3,2011,3,31,6,81.1221765626178
2011-08-01,3,1,1,3,2011,3,1,0,69.68163242196334
2011-08-04,3,1,1,3,2011,3,4,3,102.21122431647251
2011-08-05,3,1,1,3,2011,3,5,4,87.05841823735439
2011-08-08,3,1,1,3,2011,3,8,0,159.99381367801578
2011-08-09,3,1,1,3,2011,3,9,1,121.55536025851184
2011-08-10,3,1,1,3,2011,3,10,2,320.11652019388384
2011-08-12,3,1,1,3,2011,3,12,4,245.28739014541287
2011-08-16,3,1,1,3,2011,3,16,1,199.56554260905963
2011-08-17,3,1,1,3,2011,3,17,2,195.4641569567947
2011-08-19,3,1,1,3,2011,3,19,4,156.99811771759605
2011-08-21,3,1,1,3,2011,3,21,6,124.50858828819703
2011-08-22,3,1,1,3,2011,3,22,0,103.78144121614778
2011-08-23,3,1,1,3,2011,3,23,1,98.63608091211084
2011-08-24,3,1,1,3,2011,3,24,2,387.22706068408314
2011-08-25,3,1,1,3,2011,3,25,3,295.62029551306233
2011-08-28,3,1,1,3,2011,3,28,6,227.43522163479676
2011-09-01,3,1,1,3,2011,3,1,3,222.60641622609756
2011-09-02,3,1,1,3,2011,3,2,4,192.9548121695732
2011-09-06,3,1,1,3,2011,3,6,1,145.75610912717988
2011-09-07,3,1,1,3,2011,3,7,2,124.9170818453849
2011-09-08,3,1,1,3,2011,3,8,3,97.32781138403867
2011-09-09,3,1,1,3,2011,3,9,4,98.995858538029
2011-09-11,3,1,1,3,2011,3,11,6,89.84689390352176
2011-09-12,3,1,1,3,2011,3,12,0,77.78517042764133
2011-09-15,3,1,1,3,2011,3,15,3,89.538877820731
2011-09-16,3,1,1,3,2011,3,16,4,72.35415836554826
2011-09-18,3,1,1,3,2011,3,18,6,56.345618774161196
2011-09-19,3,1,1,3,2011,3,19,0,142.1592140806209
2011-09-20,3,1,1,3,2011,3,20,1,112.33941056046567
2011-09-21,3,1,1,3,2011,3,21,2,134.20455792034926
2011-09-22,3,1,1,3,2011,3,22,3,113.13341844026195
2011-09-23,3,1,1,3,2011,3,23,4,174.35006383019646
2011-09-25,3,1,1,3,2011,3,25,6,136.48254787264736
2011-09-28,3,1,1,3,2011,3,28,2,112.76191090448552
2011-09-29,3,1,1,3,2011,3,29,3,120.97143317836415
2011-09-30,3,1,1,3,2011,3,30,4,95.92857488377312
2011-10-02,3,1,1,3,2011,4,2,6,72.98643116282985
2011-10-04,3,1,1,3,2011,4,4,1,59.93982337212239
2011-10-05,3,1,1,3,2011,4,5,2,89.70486752909179
2011-10-06,3,1,1,3,2011,4,6,3,627.3786506468189
2011-10-07,3,1,1,3,2011,4,7,4,565.2339879851141
2011-10-10,3,1,1,3,2011,4,10,0,429.12549098883557
2011-10-12,3,1,1,3,2011,4,12,2,326.5241182416267
2011-10-13,3,1,1,3,2011,4,13,3,268.81308868122005
2011-10-16,3,1,1,3,2011,4,16,6,206.80981651091503
2011-10-17,3,1,1,3,2011,4,17,0,289.3573623831863
2011-10-18,3,1,1,3,2011,4,18,1,227.41802178738973
2011-10-19,3,1,1,3,2011,4,19,2,180.9635163405423
2011-10-20,3,1,1,3,2011,4,20,3,151.84263725540671
2011-10-24,3,1,1,3,2011,4,24,0,146.12197794155503
2011-10-26,3,1,1,3,2011,4,26,2,114.79148345616628
2011-10-30,3,1,1,3,2011,4,30,6,88.69361259212471
2011-10-31,3,1,1,3,2011,4,31,0,74.84020944409352
2011-11-01,3,1,1,3,2011,4,1,1,63.41015708307014
2011-11-04,3,1,1,3,2011,4,4,4,50.6776178123026
2011-11-06,3,1,1,3,2011,4,6,6,40.60821335922695
2011-11-07,3,1,1,3,2011,4,7,0,35.65616001942021
2011-11-08,3,1,1,3,2011,4,8,1,33.50212001456516
2011-11-09,3,1,1,3,2011,4,9,2,219.72659001092387
2011-11-10,3,1,1,3,2011,4,10,3,165.83494250819288
2011-11-11,3,1,1,3,2011,4,11,4,135.81620688114467
2011-11-13,3,1,1,3,2011,4,13,6,110.18215516085849
2011-11-14,3,1,1,3,2011,4,14,0,261.6366163706439
2011-11-16,3,1,1,3,2011,4,16,2,294.0474622779829
2011-11-17,3,1,1,3,2011,4,17,3,225.73559670848715
2011-11-18,3,1,1,3,2011,4,18,4,180.22169753136535
2011-11-20,3,1,1,3,2011,4,20,6,137.246273148524
2011-11-21,3,1,1,3,2011,4,21,0,108.13470486139302
2011-11-23,3,1,1,3,2011,4,23,2,125.85102864604477
2011-11-24,3,1,1,3,2011,4,24,3,130.26827148453359
2011-11-25,3,1,1,3,2011,4,25,4,102.9012036134002
2011-11-27,3,1,1,3,2011,4,27,6,79.25590271005015
2011-11-29,3,1,1,3,2011,4,29,1,75.04192703253761
2011-11-30,3,1,1,3,2011,4,30,2,62.00144527440321
2011-12-01,3,1,1,3,2011,4,1,3,47.54108395580241
2011-12-02,3,1,1,3,2011,4,2,4,214.6558129668518
2011-12-06,3,1,1,3,2011,4,6,1,172.95185972513886
2011-12-07,3,1,1,3,2011,4,7,2,145.31389479385413
2011-12-09,3,1,1,3,2011,4,9,4,114.1854210953906
2011-03-14,3,2,2,3,2011,1,14,0,94.41980912607619
2011-03-16,3,2,2,3,2011,1,16,2,127.36485684455714
2011-03-20,3,2,2,3,2011,1,20,6,101.89864263341785
2011-03-21,3,2,2,3,2011,1,21,0,120.22398197506338
2011-03-22,3,2,2,3,2011,1,22,1,128.41798648129753
2011-03-23,3,2,2,3,2011,1,23,2,99.50098986097315
2011-03-25,3,2,2,3,2011,1,25,4,96.93824239572986
2011-03-27,3,2,2,3,2011,1,27,6,122.8786817967974
2011-03-28,3,2,2,3,2011,1,28,0,111.28401134759804
2011-03-30,3,2,2,3,2011,1,30,2,86.65050851069853
2011-03-31,3,2,2,3,2011,1,31,3,108.7878813830239
2011-04-01,3,2,2,3,2011,2,1,4,91.15341103726793
2011-04-05,3,2,2,3,2011,2,5,1,87.49005827795095
2011-04-06,3,2,2,3,2011,2,6,2,71.99254370846322
2011-04-07,3,2,2,3,2011,2,7,3,60.36940778134741
2011-04-08,3,2,2,3,2011,2,8,4,51.65205583601056
2011-04-11,3,2,2,3,2011,2,11,0,41.92654187700792
2011-04-12,3,2,2,3,2011,2,12,1,81.61990640775593
2011-04-13,3,2,2,3,2011,2,13,2,67.58992980581695
2011-04-14,3,2,2,3,2011,2,14,3,148.6799473543627
2011-04-15,3,2,2,3,2011,2,15,4,117.88496051577202
2011-04-17,3,2,2,3,2011,2,17,6,97.97622038682901
2011-04-18,3,2,2,3,2011,2,18,0,89.41966529012176
2011-04-21,3,2,2,3,2011,2,21,3,73.43974896759131
2011-04-26,3,2,2,3,2011,2,26,1,105.25481172569349
2011-04-28,3,2,2,3,2011,2,28,3,82.12860879427012
2011-05-01,3,2,2,3,2011,2,1,6,71.15895659570259
2011-05-04,3,2,2,3,2011,2,4,2,59.74421744677694
2011-05-06,3,2,2,3,2011,2,6,4,47.99566308508271
2011-05-09,3,2,2,3,2011,2,9,0,58.30924731381204
2011-05-11,3,2,2,3,2011,2,11,2,75.60693548535903
2011-05-12,3,2,2,3,2011,2,12,3,59.89270161401927
2011-05-13,3,2,2,3,2011,2,13,4,83.16952621051445
2011-05-15,3,2,2,3,2011,2,15,6,68.75214465788584
2011-05-16,3,2,2,3,2011,2,16,0,54.75160849341438
2011-05-17,3,2,2,3,2011,2,17,1,50.626206370060785
2011-05-19,3,2,2,3,2011,2,19,3,69.84465477754559
2011-05-20,3,2,2,3,2011,2,20,4,77.88349108315919
2011-05-23,3,2,2,3,2011,2,23,0,64.78761831236939
2011-05-24,3,2,2,3,2011,2,24,1,51.778213734277045
2011-05-25,3,2,2,3,2011,2,25,2,48.396160300707784
2011-05-26,3,2,2,3,2011,2,26,3,42.67212022553084
2011-05-31,3,2,2,3,2011,2,31,1,35.19159016914813
2011-06-01,3,2,2,3,2011,2,1,2,32.768692626861096
2011-06-03,3,2,2,3,2011,2,3,4,27.764019470145822
2011-06-05,3,2,2,3,2011,2,5,6,24.010514602609366
2011-06-06,3,2,2,3,2011,2,6,0,24.382885951957025
2011-06-08,3,2,2,3,2011,2,8,2,62.08716446396777
2011-06-10,3,2,2,3,2011,2,10,4,68.87787334797582
2011-06-13,3,2,2,3,2011,2,13,0,54.845905010981866
2011-06-14,3,2,2,3,2011,2,14,1,44.321928758236396
2011-06-16,3,2,2,3,2011,2,16,3,52.3664465686773
2011-06-19,3,2,2,3,2011,2,19,6,45.64983492650797
2011-06-21,3,2,2,3,2011,2,21,1,43.79987619488098
2011-06-22,3,2,2,3,2011,2,22,2,45.59990714616073
2011-06-23,3,2,2,3,2011,2,23,3,46.94993035962055
2011-06-26,3,2,2,3,2011,2,26,6,38.39994776971541
2011-06-27,3,2,2,3,2011,2,27,0,35.174960827286554
2011-06-29,3,2,2,3,2011,2,29,2,29.568720620464916
2011-07-04,3,2,2,3,2011,3,4,0,34.92654046534869
2011-07-05,3,2,2,3,2011,3,5,1,54.88240534901151
2011-07-06,3,2,2,3,2011,3,6,2,53.91180401175863
2011-07-07,3,2,2,3,2011,3,7,3,56.37135300881897
2011-07-11,3,2,2,3,2011,3,11,0,45.46601475661423
2011-07-12,3,2,2,3,2011,3,12,1,40.47451106746067
2011-07-15,3,2,2,3,2011,3,15,4,36.7308833005955
2011-07-18,3,2,2,3,2011,3,18,0,30.735662475446624
2011-07-19,3,2,2,3,2011,3,19,1,29.42674685658497
2011-07-20,3,2,2,3,2011,3,20,2,65.87006014243872
2011-07-21,3,2,2,3,2011,3,21,3,96.39004510682904
2011-07-24,3,2,2,3,2011,3,24,6,78.66753383012178
2011-07-26,3,2,2,3,2011,3,26,1,90.87565037259134
2011-07-27,3,2,2,3,2011,3,27,2,77.7192377794435
2011-08-01,3,2,2,3,2011,3,1,0,61.476928334582624
2011-08-03,3,2,2,3,2011,3,3,2,55.67019625093697
2011-08-04,3,2,2,3,2011,3,4,3,51.31514718820273
2011-08-08,3,2,2,3,2011,3,8,0,82.28636039115204
2011-08-11,3,2,2,3,2011,3,11,3,71.27727029336404
2011-08-12,3,2,2,3,2011,3,12,4,97.25795272002303
2011-08-16,3,2,2,3,2011,3,16,1,82.50596454001727
2011-08-17,3,2,2,3,2011,3,17,2,68.25447340501296
2011-08-18,3,2,2,3,2011,3,18,3,121.31585505375972
2011-08-23,3,2,2,3,2011,3,23,1,100.54939129031979
2011-08-31,3,2,2,3,2011,3,31,2,78.59954346773984
2011-09-01,3,2,2,3,2011,3,1,3,74.88715760080487
2011-09-02,3,2,2,3,2011,3,2,4,59.35286820060365
2011-09-05,3,2,2,3,2011,3,5,0,50.889651150452735
2011-09-11,3,2,2,3,2011,3,11,6,70.04223836283956
2011-09-12,3,2,2,3,2011,3,12,0,115.45667877212966
2011-09-14,3,2,2,3,2011,3,14,2,130.39250907909724
2011-09-15,3,2,2,3,2011,3,15,3,123.29438180932293
2011-09-20,3,2,2,3,2011,3,20,1,102.03328635699219
2011-09-21,3,2,2,3,2011,3,21,2,79.71246476774414
2011-09-22,3,2,2,3,2011,3,22,3,75.72184857580811
2011-09-25,3,2,2,3,2011,3,25,6,106.96638643185608
2011-09-26,3,2,2,3,2011,3,26,0,99.34978982389205
2011-09-29,3,2,2,3,2011,3,29,3,84.07484236791905
2011-09-30,3,2,2,3,2011,3,30,4,69.43113177593929
2011-10-02,3,2,2,3,2011,4,2,6,55.26084883195447
2011-10-06,3,2,2,3,2011,4,6,3,91.62063662396585
2011-10-07,3,2,2,3,2011,4,7,4,75.09047746797438
2011-10-09,3,2,2,3,2011,4,9,6,111.06785810098079
2011-10-11,3,2,2,3,2011,4,11,1,105.61339357573559
2011-10-12,3,2,2,3,2011,4,12,2,85.58504518180169
2011-10-13,3,2,2,3,2011,4,13,3,83.31378388635127
2011-10-17,3,2,2,3,2011,4,17,0,81.61033791476345
2011-10-18,3,2,2,3,2011,4,18,1,70.77025343607258
2011-10-19,3,2,2,3,2011,4,19,2,65.82769007705443
2011-10-21,3,2,2,3,2011,4,21,4,62.12076755779082
2011-10-25,3,2,2,3,2011,4,25,1,56.153075668343114
2011-10-30,3,2,2,3,2011,4,30,6,48.48980675125733
2011-11-01,3,2,2,3,2011,4,1,1,52.304855063443
2011-11-03,3,2,2,3,2011,4,3,3,51.97864129758225
2011-11-06,3,2,2,3,2011,4,6,6,48.54648097318669
2011-11-09,3,2,2,3,2011,4,9,2,58.72236072989001
2011-11-11,3,2,2,3,2011,4,11,4,50.416770547417514
2011-11-13,3,2,2,3,2011,4,13,6,50.562577910563135
2011-11-15,3,2,2,3,2011,4,15,1,57.04693343292235
2011-11-17,3,2,2,3,2011,4,17,3,49.160200074691765
2011-11-18,3,2,2,3,2011,4,18,4,40.05765005601882
2011-11-21,3,2,2,3,2011,4,21,0,42.79323754201412
2011-11-22,3,2,2,3,2011,4,22,1,38.46992815651059
2011-11-23,3,2,2,3,2011,4,23,2,35.22744611738294
2011-11-24,3,2,2,3,2011,4,24,3,29.608084588037205
2011-11-27,3,2,2,3,2011,4,27,6,34.95606344102791
2011-11-28,3,2,2,3,2011,4,28,0,35.77954758077093
2011-11-30,3,2,2,3,2011,4,30,2,30.0221606855782
2011-12-05,3,2,2,3,2011,4,5,0,48.01662051418365
2011-12-07,3,2,2,3,2011,4,7,2,42.38746538563774
2011-12-08,3,2,2,3,2011,4,8,3,38.165599039228304
2011-12-09,3,2,2,3,2011,4,9,4,60.49919927942123
2011-03-14,3,3,3,3,2011,1,14,0,60.46121733117097
2011-03-16,3,3,3,3,2011,1,16,2,62.24591299837822
2011-03-20,3,3,3,3,2011,1,20,6,66.96443474878367
2011-03-22,3,3,3,3,2011,1,22,1,53.60332606158776
2011-03-24,3,3,3,3,2011,1,24,3,43.58249454619082
2011-03-25,3,3,3,3,2011,1,25,4,39.44687090964312
2011-03-29,3,3,3,3,2011,1,29,1,32.96515318223234
2011-04-01,3,3,3,3,2011,2,1,4,41.201364886674256
2011-04-06,3,3,3,3,2011,2,6,2,34.28102366500569
2011-04-07,3,3,3,3,2011,2,7,3,29.090767748754267
2011-04-13,3,3,3,3,2011,2,13,2,55.618075811565696
2011-04-14,3,3,3,3,2011,2,14,3,112.69355685867427
2011-04-21,3,3,3,3,2011,2,21,3,104.80016764400571
2011-04-26,3,3,3,3,2011,2,26,1,79.86762573300429
2011-04-27,3,3,3,3,2011,2,27,2,73.42071929975322
2011-05-03,3,3,3,3,2011,2,3,1,60.13553947481491
2011-05-04,3,3,3,3,2011,2,4,2,48.481654606111185
2011-05-05,3,3,3,3,2011,2,5,3,43.121240954583385
2011-05-06,3,3,3,3,2011,2,6,4,52.62093071593754
2011-05-08,3,3,3,3,2011,2,8,6,73.26569803695315
2011-05-09,3,3,3,3,2011,2,9,0,58.32927352771487
2011-05-10,3,3,3,3,2011,2,10,1,50.50695514578615
2011-05-12,3,3,3,3,2011,2,12,3,85.2002163593396
2011-05-13,3,3,3,3,2011,2,13,4,64.3226622695047
2011-05-15,3,3,3,3,2011,2,15,6,51.621996702128534
2011-05-16,3,3,3,3,2011,2,16,0,45.4764975265964
2011-05-19,3,3,3,3,2011,2,19,3,44.2473731449473
2011-05-23,3,3,3,3,2011,2,23,0,51.77552985871047
2011-05-25,3,3,3,3,2011,2,25,2,45.591647394032854
2011-05-26,3,3,3,3,2011,2,26,3,37.57373554552464
2011-05-29,3,3,3,3,2011,2,29,6,41.70030165914348
2011-06-06,3,3,3,3,2011,2,6,0,38.03522624435761
2011-06-10,3,3,3,3,2011,2,10,4,31.906419683268208
2011-06-14,3,3,3,3,2011,2,14,1,39.13981476245115
2011-06-15,3,3,3,3,2011,2,15,2,39.494861071838365
2011-06-16,3,3,3,3,2011,2,16,3,30.043645803878775
2011-06-27,3,3,3,3,2011,2,27,0,37.74273435290908
2011-06-29,3,3,3,3,2011,2,29,2,62.10705076468181
2011-06-30,3,3,3,3,2011,2,30,3,56.720288073511355
2011-07-04,3,3,3,3,2011,3,4,0,52.68021605513351
2011-07-05,3,3,3,3,2011,3,5,1,46.27016204135013
2011-07-07,3,3,3,3,2011,3,7,3,41.462621531012594
2011-07-11,3,3,3,3,2011,3,11,0,32.364466148259446
2011-07-15,3,3,3,3,2011,3,15,4,31.03334961119458
2011-07-17,3,3,3,3,2011,3,17,6,30.035012208395933
2011-07-19,3,3,3,3,2011,3,19,1,31.821259156296954
2011-07-21,3,3,3,3,2011,3,21,3,27.245944367222716
2011-07-22,3,3,3,3,2011,3,22,4,30.574458275417037
2011-07-24,3,3,3,3,2011,3,24,6,35.18334370656277
2011-07-25,3,3,3,3,2011,3,25,0,43.28750777992208
2011-07-28,3,3,3,3,2011,3,28,3,35.845630834941566
2011-07-29,3,3,3,3,2011,3,29,4,47.164223126206174
2011-08-01,3,3,3,3,2011,3,1,0,48.89316734465463
2011-08-03,3,3,3,3,2011,3,3,2,53.56987550849097
2011-08-04,3,3,3,3,2011,3,4,3,186.59740663136824
2011-08-05,3,3,3,3,2011,3,5,4,143.32805497352618
2011-08-08,3,3,3,3,2011,3,8,0,110.87604123014464
2011-08-10,3,3,3,3,2011,3,10,2,89.91703092260848
2011-08-12,3,3,3,3,2011,3,12,4,70.81777319195635
2011-08-16,3,3,3,3,2011,3,16,1,64.94332989396726
2011-08-17,3,3,3,3,2011,3,17,2,52.08749742047545
2011-08-18,3,3,3,3,2011,3,18,3,45.82562306535659
2011-08-21,3,3,3,3,2011,3,21,6,64.78921729901745
2011-08-22,3,3,3,3,2011,3,22,0,51.12691297426309
2011-08-23,3,3,3,3,2011,3,23,1,45.10518473069732
2011-08-28,3,3,3,3,2011,3,28,6,38.89888854802299
2011-08-30,3,3,3,3,2011,3,30,1,32.55416641101724
2011-08-31,3,3,3,3,2011,3,31,2,31.17562480826293
2011-09-04,3,3,3,3,2011,3,4,6,36.90171860619719
2011-09-07,3,3,3,3,2011,3,7,2,31.056288954647894
2011-09-09,3,3,3,3,2011,3,9,4,26.67221671598592
2011-09-11,3,3,3,3,2011,3,11,6,43.66416253698944
2011-09-12,3,3,3,3,2011,3,12,0,36.12812190274208
2011-09-13,3,3,3,3,2011,3,13,1,91.85609142705657
2011-09-16,3,3,3,3,2011,3,16,4,79.03206857029242
2011-09-19,3,3,3,3,2011,3,19,0,66.03405142771932
2011-09-21,3,3,3,3,2011,3,21,2,52.905538570789496
2011-09-25,3,3,3,3,2011,3,25,6,56.57915392809212
2011-09-26,3,3,3,3,2011,3,26,0,51.30686544606908
2011-09-27,3,3,3,3,2011,3,27,1,41.860149084551814
2011-09-30,3,3,3,3,2011,3,30,4,44.91511181341386
2011-10-03,3,3,3,3,2011,4,3,0,40.44633386006039
2011-10-04,3,3,3,3,2011,4,4,1,50.61475039504529
2011-10-05,3,3,3,3,2011,4,5,2,45.98856279628397
2011-10-12,3,3,3,3,2011,4,12,2,37.87142209721298
2011-10-13,3,3,3,3,2011,4,13,3,48.68356657290973
2011-10-19,3,3,3,3,2011,4,19,2,56.79267492968229
2011-10-20,3,3,3,3,2011,4,20,3,64.14200619726172
2011-10-23,3,3,3,3,2011,4,23,6,51.4865046479463
2011-10-24,3,3,3,3,2011,4,24,0,52.13487848595972
2011-10-25,3,3,3,3,2011,4,25,1,49.24115886446979
2011-10-26,3,3,3,3,2011,4,26,2,94.93086914835234
2011-10-30,3,3,3,3,2011,4,30,6,82.18315186126425
2011-10-31,3,3,3,3,2011,4,31,0,81.91736389594818
2011-11-01,3,3,3,3,2011,4,1,1,70.73302292196114
2011-11-03,3,3,3,3,2011,4,3,3,63.18976719147085
2011-11-06,3,3,3,3,2011,4,6,6,57.53232539360314
2011-11-07,3,3,3,3,2011,4,7,0,49.90924404520235
2011-11-08,3,3,3,3,2011,4,8,1,44.19193303390176
2011-11-10,3,3,3,3,2011,4,10,3,63.56394977542632
2011-11-11,3,3,3,3,2011,4,11,4,51.052962331569745
2011-11-13,3,3,3,3,2011,4,13,6,39.979721748677306
2011-11-14,3,3,3,3,2011,4,14,0,36.74479131150798
2011-11-17,3,3,3,3,2011,4,17,3,37.69859348363099
2011-11-18,3,3,3,3,2011,4,18,4,58.69394511272324
2011-11-22,3,3,3,3,2011,4,22,1,64.30045883454244
2011-11-24,3,3,3,3,2011,4,24,3,78.64534412590683
2011-11-25,3,3,3,3,2011,4,25,4,75.88400809443013
2011-11-29,3,3,3,3,2011,4,29,1,66.63050607082259
2011-11-30,3,3,3,3,2011,4,30,2,83.77287955311694
2011-12-01,3,3,3,3,2011,4,1,3,69.58965966483771
2011-12-04,3,3,3,3,2011,4,4,6,69.09224474862827
2011-12-05,3,3,3,3,2011,4,5,0,59.001683561471204
2011-12-06,3,3,3,3,2011,4,6,1,47.63126267110341
2011-12-07,3,3,3,3,2011,4,7,2,97.10344700332756
2011-12-08,3,3,3,3,2011,4,8,3,74.09508525249566
2011-03-14,3,4,4,3,2011,1,14,0,46.02842961534845
2011-03-15,3,4,4,3,2011,1,15,1,39.47132221151134
2011-03-16,3,4,4,3,2011,1,16,2,34.55349165863351
2011-03-17,3,4,4,3,2011,1,17,3,33.34011874397514
2011-03-18,3,4,4,3,2011,1,18,4,81.83008905798137
2011-03-20,3,4,4,3,2011,1,20,6,86.12256679348603
2011-03-22,3,4,4,3,2011,1,22,1,70.77942509511452
2011-03-23,3,4,4,3,2011,1,23,2,156.8345688213359
2011-03-27,3,4,4,3,2011,1,27,6,162.17592661600193
2011-03-28,3,4,4,3,2011,1,28,0,122.86944496200145
2011-03-29,3,4,4,3,2011,1,29,1,148.9770837215011
2011-03-30,3,4,4,3,2011,1,30,2,169.7953127911258
2011-03-31,3,4,4,3,2011,1,31,3,128.58398459334435
2011-04-05,3,4,4,3,2011,2,5,1,103.86298844500827
2011-04-06,3,4,4,3,2011,2,6,2,86.5597413337562
2011-04-07,3,4,4,3,2011,2,7,3,120.50730600031716
2011-04-08,3,4,4,3,2011,2,8,4,95.33047950023787
2011-04-11,3,4,4,3,2011,2,11,0,76.44785962517841
2011-04-12,3,4,4,3,2011,2,12,1,109.21089471888382
2011-04-13,3,4,4,3,2011,2,13,2,96.75817103916287
2011-04-14,3,4,4,3,2011,2,14,3,129.49362827937216
2011-04-15,3,4,4,3,2011,2,15,4,115.68272120952912
2011-04-17,3,4,4,3,2011,2,17,6,111.51204090714684
2011-04-18,3,4,4,3,2011,2,18,0,147.88403068036013
2011-04-19,3,4,4,3,2011,2,19,1,179.35052301027008
2011-04-20,3,4,4,3,2011,2,20,2,186.38789225770256
2011-04-21,3,4,4,3,2011,2,21,3,148.45341919327691
2011-04-26,3,4,4,3,2011,2,26,1,122.4775643949577
2011-04-27,3,4,4,3,2011,2,27,2,111.65817329621827
2011-05-01,3,4,4,3,2011,2,1,6,91.1686299721637
2011-05-03,3,4,4,3,2011,2,3,1,130.1514724791228
2011-05-04,3,4,4,3,2011,2,4,2,213.7386043593421
2011-05-05,3,4,4,3,2011,2,5,3,185.05395326950656
2011-05-06,3,4,4,3,2011,2,6,4,169.72796495212992
2011-05-09,3,4,4,3,2011,2,9,0,184.12097371409746
2011-05-10,3,4,4,3,2011,2,10,1,318.4657302855731
2011-05-11,3,4,4,3,2011,2,11,2,243.79929771417983
2011-05-12,3,4,4,3,2011,2,12,3,276.79947328563486
2011-05-15,3,4,4,3,2011,2,15,6,211.31210496422617
2011-05-16,3,4,4,3,2011,2,16,0,163.43407872316962
2011-05-17,3,4,4,3,2011,2,17,1,132.47555904237723
2011-05-19,3,4,4,3,2011,2,19,3,143.90666928178294
2011-05-20,3,4,4,3,2011,2,20,4,190.7425019613372
2011-05-22,3,4,4,3,2011,2,22,6,148.0068764710029
2011-05-24,3,4,4,3,2011,2,24,1,193.81765735325217
2011-05-25,3,4,4,3,2011,2,25,2,310.8882430149391
2011-05-26,3,4,4,3,2011,2,26,3,241.82868226120434
2011-05-27,3,4,4,3,2011,2,27,4,191.27151169590326
2011-05-31,3,4,4,3,2011,2,31,1,197.80363377192748
2011-06-01,3,4,4,3,2011,2,1,2,149.59022532894562
2011-06-02,3,4,4,3,2011,2,2,3,122.09266899670922
2011-06-05,3,4,4,3,2011,2,5,6,106.41950174753191
2011-06-07,3,4,4,3,2011,2,7,1,92.18962631064893
2011-06-08,3,4,4,3,2011,2,8,2,103.79221973298671
2011-06-12,3,4,4,3,2011,2,12,6,90.21916479974003
2011-06-13,3,4,4,3,2011,2,13,0,80.03937359980502
2011-06-14,3,4,4,3,2011,2,14,1,116.85453019985377
2011-06-15,3,4,4,3,2011,2,15,2,140.75339764989033
2011-06-16,3,4,4,3,2011,2,16,3,115.46504823741776
2011-06-17,3,4,4,3,2011,2,17,4,153.32378617806333
2011-06-19,3,4,4,3,2011,2,19,6,149.6428396335475
2011-06-20,3,4,4,3,2011,2,20,0,146.88212972516064
2011-06-21,3,4,4,3,2011,2,21,1,115.11159729387047
2011-06-22,3,4,4,3,2011,2,22,2,96.23369797040286
2011-06-24,3,4,4,3,2011,2,24,4,82.07527347780214
2011-06-27,3,4,4,3,2011,2,27,0,76.40645510835161
2011-06-28,3,4,4,3,2011,2,28,1,77.1048413312637
2011-06-29,3,4,4,3,2011,2,29,2,71.44113099844778
2011-06-30,3,4,4,3,2011,2,30,3,68.43084824883584
2011-07-03,3,4,4,3,2011,3,3,6,61.22313618662688
2011-07-05,3,4,4,3,2011,3,5,1,139.8673521399702
2011-07-06,3,4,4,3,2011,3,6,2,119.75051410497764
2011-07-07,3,4,4,3,2011,3,7,3,141.68788557873324
2011-07-08,3,4,4,3,2011,3,8,4,261.89091418404996
2011-07-12,3,4,4,3,2011,3,12,1,206.31818563803748
2011-07-13,3,4,4,3,2011,3,13,2,164.63863922852812
2011-07-15,3,4,4,3,2011,3,15,4,149.4664794213961
2011-07-17,3,4,4,3,2011,3,17,6,117.04985956604706
2011-07-19,3,4,4,3,2011,3,19,1,97.6873946745353
2011-07-20,3,4,4,3,2011,3,20,2,258.59054600590144
2011-07-21,3,4,4,3,2011,3,21,3,228.5929095044261
2011-07-24,3,4,4,3,2011,3,24,6,178.8696821283196
2011-07-26,3,4,4,3,2011,3,26,1,149.0022615962397
2011-07-27,3,4,4,3,2011,3,27,2,166.10169619717976
2011-07-28,3,4,4,3,2011,3,28,3,128.28877214788483
2011-07-29,3,4,4,3,2011,3,29,4,101.16657911091362
2011-07-31,3,4,4,3,2011,3,31,6,80.82493433318521
2011-08-01,3,4,4,3,2011,3,1,0,70.51870074988891
2011-08-03,3,4,4,3,2011,3,3,2,83.82652556241668
2011-08-04,3,4,4,3,2011,3,4,3,65.3448941718125
2011-08-08,3,4,4,3,2011,3,8,0,108.40867062885938
2011-08-09,3,4,4,3,2011,3,9,1,103.58150297164454
2011-08-10,3,4,4,3,2011,3,10,2,136.9861272287334
2011-08-15,3,4,4,3,2011,3,15,0,112.63959542155007
2011-08-16,3,4,4,3,2011,3,16,1,117.89219656616254
2011-08-17,3,4,4,3,2011,3,17,2,106.98164742462191
2011-08-18,3,4,4,3,2011,3,18,3,90.13623556846645
2011-08-19,3,4,4,3,2011,3,19,4,87.40217667634984
2011-08-21,3,4,4,3,2011,3,21,6,75.45163250726239
2011-08-23,3,4,4,3,2011,3,23,1,85.0512243804468
2011-08-24,3,4,4,3,2011,3,24,2,115.6634182853351
2011-08-25,3,4,4,3,2011,3,25,3,89.22256371400132
2011-08-26,3,4,4,3,2011,3,26,4,71.86692278550099
2011-08-28,3,4,4,3,2011,3,28,6,55.137692089125736
2011-08-30,3,4,4,3,2011,3,30,1,71.05326906684431
2011-09-01,3,4,4,3,2011,3,1,3,58.239951800133234
2011-09-04,3,4,4,3,2011,3,4,6,51.10496385009992
2011-09-05,3,4,4,3,2011,3,5,0,43.27872288757494
2011-09-06,3,4,4,3,2011,3,6,1,37.409042165681214
2011-09-12,3,4,4,3,2011,3,12,0,35.48178162426091
2011-09-13,3,4,4,3,2011,3,13,1,84.67383621819569
2011-09-14,3,4,4,3,2011,3,14,2,73.40537716364678
2011-09-16,3,4,4,3,2011,3,16,4,68.66653287273508
2011-09-22,3,4,4,3,2011,3,22,3,71.29989965455131
2011-09-27,3,4,4,3,2011,3,27,1,63.37492474091348
2011-09-28,3,4,4,3,2011,3,28,2,52.48119355568511
2011-09-29,3,4,4,3,2011,3,29,3,43.07339516676383
2011-09-30,3,4,4,3,2011,3,30,4,47.15504637507288
2011-10-04,3,4,4,3,2011,4,4,1,40.31628478130466
2011-10-05,3,4,4,3,2011,4,5,2,33.94971358597849
2011-10-07,3,4,4,3,2011,4,7,4,30.41228518948387
2011-10-13,3,4,4,3,2011,4,13,3,42.609213892112905
2011-10-17,3,4,4,3,2011,4,17,0,35.66941041908468
2011-10-18,3,4,4,3,2011,4,18,1,31.70205781431351
2011-10-19,3,4,4,3,2011,4,19,2,31.201543360735133
2011-10-20,3,4,4,3,2011,4,20,3,38.25115752055135
2011-10-21,3,4,4,3,2011,4,21,4,29.925868140413517
2011-10-25,3,4,4,3,2011,4,25,1,32.34440110531014
2011-11-01,3,4,4,3,2011,4,1,1,29.208300828982605
2011-11-02,3,4,4,3,2011,4,2,2,31.806225621736957
2011-11-06,3,4,4,3,2011,4,6,6,26.32966921630272
2011-11-08,3,4,4,3,2011,4,8,1,23.45975191222704
2011-11-10,3,4,4,3,2011,4,10,3,48.53231393417029
2011-11-11,3,4,4,3,2011,4,11,4,38.874235450627715
2011-11-15,3,4,4,3,2011,4,15,1,30.39317658797079
2011-11-16,3,4,4,3,2011,4,16,2,27.744882440978092
2011-11-17,3,4,4,3,2011,4,17,3,28.23366183073357
2011-11-21,3,4,4,3,2011,4,21,0,352.2252463730502
2011-11-24,3,4,4,3,2011,4,24,3,316.04393477978766
2011-12-04,3,4,4,3,2011,4,4,6,240.74545108484077
2011-12-05,3,4,4,3,2011,4,5,0,183.03408831363058
2011-12-06,3,4,4,3,2011,4,6,1,142.2255662352229
2011-12-08,3,4,4,3,2011,4,8,3,107.90667467641718
2011-03-17,3,5,0,3,2011,1,17,3,16.889089949396354
2011-03-18,3,5,0,3,2011,1,18,4,13.079317462047266
2011-03-20,3,5,0,3,2011,1,20,6,18.05948809653545
2011-03-23,3,5,0,3,2011,1,23,2,13.957116072401588
2011-03-24,3,5,0,3,2011,1,24,3,15.417837054301192
2011-03-25,3,5,0,3,2011,1,25,4,60.188377790725895
2011-03-28,3,5,0,3,2011,1,28,0,45.966283343044424
2011-03-29,3,5,0,3,2011,1,29,1,74.84971250728331
2011-03-30,3,5,0,3,2011,1,30,2,56.96228438046249
2011-03-31,3,5,0,3,2011,1,31,3,43.95921328534686
2011-04-01,3,5,0,3,2011,2,1,4,37.09440996401015
2011-04-06,3,5,0,3,2011,2,6,2,32.35830747300761
2011-04-07,3,5,0,3,2011,2,7,3,24.68123060475571
2011-04-11,3,5,0,3,2011,2,11,0,19.748422953566784
2011-04-12,3,5,0,3,2011,2,12,1,23.061317215175087
2011-04-14,3,5,0,3,2011,2,14,3,18.945987911381316
2011-04-15,3,5,0,3,2011,2,15,4,15.034490933535986
2011-04-17,3,5,0,3,2011,2,17,6,11.68836820015199
2011-04-18,3,5,0,3,2011,2,18,0,17.016276150113992
2011-04-19,3,5,0,3,2011,2,19,1,16.887207112585493
2011-04-20,3,5,0,3,2011,2,20,2,16.79040533443912
2011-04-21,3,5,0,3,2011,2,21,3,16.71780400082934
2011-04-27,3,5,0,3,2011,2,27,2,17.488353000622006
2011-04-28,3,5,0,3,2011,2,28,3,17.241264750466506
2011-05-03,3,5,0,3,2011,2,3,1,13.755948562849879
2011-05-06,3,5,0,3,2011,2,6,4,33.00446142213741
2011-05-08,3,5,0,3,2011,2,8,6,28.878346066603058
2011-05-09,3,5,0,3,2011,2,9,0,34.03375954995229
2011-05-11,3,5,0,3,2011,2,11,2,25.93781966246422
2011-05-12,3,5,0,3,2011,2,12,3,59.828364746848166
2011-05-13,3,5,0,3,2011,2,13,4,46.933773560136125
2011-05-15,3,5,0,3,2011,2,15,6,40.150330170102094
2011-05-16,3,5,0,3,2011,2,16,0,32.17524762757657
2011-05-20,3,5,0,3,2011,2,20,4,32.381435720682425
2011-05-22,3,5,0,3,2011,2,22,6,28.41107679051182
2011-05-25,3,5,0,3,2011,2,25,2,57.970807592883865
2011-05-26,3,5,0,3,2011,2,26,3,48.8406056946629
2011-05-29,3,5,0,3,2011,2,29,6,37.45545427099718
2011-06-05,3,5,0,3,2011,2,5,6,33.041590703247884
2011-06-08,3,5,0,3,2011,2,8,2,74.23119302743592
2011-06-10,3,5,0,3,2011,2,10,4,63.92339477057694
2011-06-15,3,5,0,3,2011,2,15,2,52.480046077932705
2011-06-20,3,5,0,3,2011,2,20,0,43.48503455844953
2011-06-21,3,5,0,3,2011,2,21,1,36.73877591883715
2011-06-23,3,5,0,3,2011,2,23,3,29.20408193912786
2011-06-26,3,5,0,3,2011,2,26,6,23.140561454345896
2011-06-30,3,5,0,3,2011,2,30,3,22.30542109075942
2011-07-04,3,5,0,3,2011,3,4,0,30.341565818069565
2011-07-08,3,5,0,3,2011,3,8,4,59.00617436355218
2011-07-10,3,5,0,3,2011,3,10,6,48.37963077266413
2011-07-12,3,5,0,3,2011,3,12,1,48.65972307949809
2011-07-13,3,5,0,3,2011,3,13,2,40.61979230962357
2011-07-14,3,5,0,3,2011,3,14,3,34.58984423221768
2011-07-19,3,5,0,3,2011,3,19,1,42.44238317416326
2011-07-20,3,5,0,3,2011,3,20,2,36.369287380622445
2011-07-22,3,5,0,3,2011,3,22,4,31.401965535466836
2011-07-24,3,5,0,3,2011,3,24,6,28.501474151600124
2011-07-25,3,5,0,3,2011,3,25,0,22.201105613700093
2011-07-26,3,5,0,3,2011,3,26,1,24.90082921027507
2011-07-29,3,5,0,3,2011,3,29,4,19.088121907706302
2011-07-31,3,5,0,3,2011,3,31,6,23.391091430779724
2011-08-01,3,5,0,3,2011,3,1,0,30.743318573084792
2011-08-04,3,5,0,3,2011,3,4,3,67.55748892981359
2011-08-08,3,5,0,3,2011,3,8,0,63.45561669736019
2011-08-09,3,5,0,3,2011,3,9,1,51.71671252302014
2011-08-10,3,5,0,3,2011,3,10,2,75.45003439226511
2011-08-11,3,5,0,3,2011,3,11,3,69.37502579419883
2011-08-16,3,5,0,3,2011,3,16,1,64.40626934564912
2011-08-17,3,5,0,3,2011,3,17,2,50.36720200923684
2011-08-18,3,5,0,3,2011,3,18,3,41.90040150692763
2011-08-21,3,5,0,3,2011,3,21,6,37.20030113019572
2011-08-22,3,5,0,3,2011,3,22,0,44.40022584764679
2011-08-23,3,5,0,3,2011,3,23,1,54.33766938573509
2011-08-24,3,5,0,3,2011,3,24,2,41.99075203930131
2011-08-25,3,5,0,3,2011,3,25,3,35.61806402947599
2011-08-28,3,5,0,3,2011,3,28,6,30.42604802210699
2011-08-30,3,5,0,3,2011,3,30,1,26.944536016580244
2011-09-01,3,5,0,3,2011,3,1,3,21.85840201243518
2011-09-02,3,5,0,3,2011,3,2,4,28.768801509326387
2011-09-04,3,5,0,3,2011,3,4,6,21.989101131994794
2011-09-06,3,5,0,3,2011,3,6,1,16.904325848996095
2011-09-07,3,5,0,3,2011,3,7,2,20.92824438674707
2011-09-08,3,5,0,3,2011,3,8,3,17.758683290060304
2011-09-09,3,5,0,3,2011,3,9,4,14.144012467545227
2011-09-11,3,5,0,3,2011,3,11,6,17.20800935065892
2011-09-12,3,5,0,3,2011,3,12,0,21.156007012994188
2011-09-13,3,5,0,3,2011,3,13,1,21.64200525974564
2011-09-14,3,5,0,3,2011,3,14,2,52.48150394480923
2011-09-15,3,5,0,3,2011,3,15,3,43.48612795860693
2011-09-16,3,5,0,3,2011,3,16,4,34.6770959689552
2011-09-20,3,5,0,3,2011,3,20,1,30.1328219767164
2011-09-22,3,5,0,3,2011,3,22,3,26.7246164825373
2011-09-25,3,5,0,3,2011,3,25,6,28.293462361902975
2011-09-28,3,5,0,3,2011,3,28,2,38.545096771427225
2011-09-29,3,5,0,3,2011,3,29,3,37.15882257857042
2011-09-30,3,5,0,3,2011,3,30,4,31.994116933927817
2011-10-03,3,5,0,3,2011,4,3,0,32.24558770044587
2011-10-04,3,5,0,3,2011,4,4,1,29.1341907753344
2011-10-07,3,5,0,3,2011,4,7,4,25.9756430815008
2011-10-10,3,5,0,3,2011,4,10,0,21.131732311125596
2011-10-12,3,5,0,3,2011,4,12,2,16.261299233344197
2011-10-14,3,5,0,3,2011,4,14,4,16.320974425008146
2011-10-16,3,5,0,3,2011,4,16,6,13.47823081875611
2011-10-17,3,5,0,3,2011,4,17,0,10.521173114067082
2011-10-18,3,5,0,3,2011,4,18,1,16.14087983555031
2011-10-21,3,5,0,3,2011,4,21,4,12.518159876662734
2011-10-24,3,5,0,3,2011,4,24,0,10.21361990749705
2011-10-26,3,5,0,3,2011,4,26,2,12.610214930622789
2011-10-28,3,5,0,3,2011,4,28,4,13.582661197967091
2011-10-30,3,5,0,3,2011,4,30,6,11.424495898475318
2011-10-31,3,5,0,3,2011,4,31,0,10.21837192385649
2011-11-01,3,5,0,3,2011,4,1,1,8.076278942892367
2011-11-06,3,5,0,3,2011,4,6,6,42.30720920716928
2011-11-07,3,5,0,3,2011,4,7,0,67.98040690537695
2011-11-08,3,5,0,3,2011,4,8,1,59.235305179032714
2011-11-09,3,5,0,3,2011,4,9,2,84.80147888427453
2011-11-10,3,5,0,3,2011,4,10,3,72.6761091632059
2011-11-11,3,5,0,3,2011,4,11,4,58.63208187240442
2011-11-13,3,5,0,3,2011,4,13,6,48.511561404303315
2011-11-14,3,5,0,3,2011,4,14,0,48.75867105322749
2011-11-16,3,5,0,3,2011,4,16,2,37.80650328992061
2011-11-17,3,5,0,3,2011,4,17,3,33.30487746744046
2011-11-18,3,5,0,3,2011,4,18,4,25.803658100580346
2011-11-20,3,5,0,3,2011,4,20,6,23.47774357543526
2011-11-21,3,5,0,3,2011,4,21,0,21.733307681576445
2011-11-23,3,5,0,3,2011,4,23,2,20.424980761182333
2011-11-24,3,5,0,3,2011,4,24,3,24.393735570886747
2011-11-25,3,5,0,3,2011,4,25,4,22.42030167816506
2011-11-27,3,5,0,3,2011,4,27,6,17.227726258623797
2011-11-29,3,5,0,3,2011,4,29,1,14.158294693967846
2011-11-30,3,5,0,3,2011,4,30,2,27.118721020475885
2011-12-04,3,5,0,3,2011,4,4,6,20.751540765356914
2011-12-05,3,5,0,3,2011,4,5,0,23.813655574017687
2011-12-06,3,5,0,3,2011,4,6,1,18.272741680513267
2011-12-07,3,5,0,3,2011,4,7,2,15.767056260384951
2011-12-08,3,5,0,3,2011,4,8,3,16.775292195288714
2011-12-09,3,5,0,3,2011,4,9,4,12.993969146466535
2011-03-14,3,6,1,3,2011,1,14,0,13.23051228411407
2011-03-17,3,6,1,3,2011,1,17,3,14.047884213085553
2011-03-20,3,6,1,3,2011,1,20,6,19.610913159814164
2011-03-21,3,6,1,3,2011,1,21,0,22.958184869860624
2011-03-23,3,6,1,3,2011,1,23,2,17.63113865239547
2011-03-24,3,6,1,3,2011,1,24,3,14.048353989296603
2011-03-25,3,6,1,3,2011,1,25,4,18.78626549197245
2011-03-28,3,6,1,3,2011,1,28,0,14.502199118979338
2011-03-29,3,6,1,3,2011,1,29,1,19.126649339234504
2011-03-30,3,6,1,3,2011,1,30,2,15.169987004425877
2011-03-31,3,6,1,3,2011,1,31,3,15.914990253319408
2011-04-01,3,6,1,3,2011,2,1,4,17.711242689989554
2011-04-05,3,6,1,3,2011,2,5,1,14.108432017492165
2011-04-06,3,6,1,3,2011,2,6,2,10.993824013119124
2011-04-07,3,6,1,3,2011,2,7,3,9.070368009839342
2011-04-11,3,6,1,3,2011,2,11,0,8.040276007379507
2011-04-12,3,6,1,3,2011,2,12,1,18.40520700553463
2011-04-14,3,6,1,3,2011,2,14,3,14.628905254150972
2011-04-17,3,6,1,3,2011,2,17,6,15.096678940613229
2011-04-27,3,6,1,3,2011,2,27,2,15.447509205459921
2011-04-28,3,6,1,3,2011,2,28,3,15.71063190409494
2011-05-03,3,6,1,3,2011,2,3,1,12.195473928071205
2011-05-06,3,6,1,3,2011,2,6,4,20.284105446053402
2011-05-08,3,6,1,3,2011,2,8,6,16.86307908454005
2011-05-09,3,6,1,3,2011,2,9,0,20.89730931340504
2011-05-10,3,6,1,3,2011,2,10,1,24.747981985053777
2011-05-12,3,6,1,3,2011,2,12,3,26.810986488790334
2011-05-13,3,6,1,3,2011,2,13,4,22.58323986659275
2011-05-15,3,6,1,3,2011,2,15,6,21.06242989994456
2011-05-16,3,6,1,3,2011,2,16,0,19.09682242495842
2011-05-18,3,6,1,3,2011,2,18,2,15.972616818718818
2011-05-19,3,6,1,3,2011,2,19,3,13.216962614039112
2011-05-23,3,6,1,3,2011,2,23,0,14.037721960529334
2011-05-25,3,6,1,3,2011,2,25,2,15.065791470397
2011-05-26,3,6,1,3,2011,2,26,3,12.536843602797749
2011-05-31,3,6,1,3,2011,2,31,1,9.815132702098312
2011-06-05,3,6,1,3,2011,2,5,6,12.723849526573733
2011-06-07,3,6,1,3,2011,2,7,1,9.9553871449303
2011-06-08,3,6,1,3,2011,2,8,2,12.004040358697726
2011-06-10,3,6,1,3,2011,2,10,4,9.415530269023295
2011-06-12,3,6,1,3,2011,2,12,6,7.474147701767471
2011-06-15,3,6,1,3,2011,2,15,2,42.26811077632561
2011-06-21,3,6,1,3,2011,2,21,1,36.651083082244206
2011-06-22,3,6,1,3,2011,2,22,2,31.613312311683153
2011-06-23,3,6,1,3,2011,2,23,3,29.48498423376236
2011-06-26,3,6,1,3,2011,2,26,6,23.76373817532177
2011-07-01,3,6,1,3,2011,3,1,4,26.485303631491327
2011-07-03,3,6,1,3,2011,3,3,6,20.688977723618496
2011-07-04,3,6,1,3,2011,3,4,0,24.591733292713872
2011-07-06,3,6,1,3,2011,3,6,2,19.268799969535404
2011-07-07,3,6,1,3,2011,3,7,3,18.576599977151552
2011-07-08,3,6,1,3,2011,3,8,4,50.182449982863666
2011-07-11,3,6,1,3,2011,3,11,0,38.87433748714775
2011-07-12,3,6,1,3,2011,3,12,1,34.51825311536081
2011-07-13,3,6,1,3,2011,3,13,2,30.013689836520605
2011-07-14,3,6,1,3,2011,3,14,3,26.635267377390456
2011-07-18,3,6,1,3,2011,3,18,0,26.163950533042843
2011-07-19,3,6,1,3,2011,3,19,1,27.87296289978213
2011-07-20,3,6,1,3,2011,3,20,2,21.7297221748366
2011-07-24,3,6,1,3,2011,3,24,6,25.37229163112745
2011-07-25,3,6,1,3,2011,3,25,0,25.629218723345588
2011-07-26,3,6,1,3,2011,3,26,1,23.34691404250919
2011-07-27,3,6,1,3,2011,3,27,2,21.635185531881895
2011-07-29,3,6,1,3,2011,3,29,4,20.351389148911423
2011-08-08,3,6,1,3,2011,3,8,0,19.388541861683567
2011-08-09,3,6,1,3,2011,3,9,1,23.616406396262676
2011-08-10,3,6,1,3,2011,3,10,2,18.124804797197008
2011-08-11,3,6,1,3,2011,3,11,3,17.718603597897754
2011-08-12,3,6,1,3,2011,3,12,4,18.238952698423315
2011-08-17,3,6,1,3,2011,3,17,2,14.091714523817485
2011-08-19,3,6,1,3,2011,3,19,4,14.693785892863113
2011-08-21,3,6,1,3,2011,3,21,6,48.50783941964733
2011-08-22,3,6,1,3,2011,3,22,0,45.0433795647355
2011-08-23,3,6,1,3,2011,3,23,1,34.195034673551625
2011-08-28,3,6,1,3,2011,3,28,6,30.183776005163722
2011-09-01,3,6,1,3,2011,3,1,3,26.35033200387279
2011-09-02,3,6,1,3,2011,3,2,4,32.13774900290459
2011-09-04,3,6,1,3,2011,3,4,6,25.340811752178443
2011-09-05,3,6,1,3,2011,3,5,0,31.380608814133833
2011-09-06,3,6,1,3,2011,3,6,1,27.660456610600374
2011-09-07,3,6,1,3,2011,3,7,2,28.99534245795028
2011-09-08,3,6,1,3,2011,3,8,3,23.39650684346271
2011-09-09,3,6,1,3,2011,3,9,4,17.959880132597036
2011-09-11,3,6,1,3,2011,3,11,6,13.882410099447776
2011-09-13,3,6,1,3,2011,3,13,1,12.886807574585832
2011-09-14,3,6,1,3,2011,3,14,2,13.790105680939375
2011-09-15,3,6,1,3,2011,3,15,3,22.717579260704532
2011-09-16,3,6,1,3,2011,3,16,4,28.588184445528398
2011-09-20,3,6,1,3,2011,3,20,1,26.391138334146298
2011-09-21,3,6,1,3,2011,3,21,2,60.168353750609725
2011-09-22,3,6,1,3,2011,3,22,3,45.9512653129573
2011-09-25,3,6,1,3,2011,3,25,6,42.71344898471797
2011-09-28,3,6,1,3,2011,3,28,2,36.16008673853848
2011-09-29,3,6,1,3,2011,3,29,3,35.37006505390386
2011-09-30,3,6,1,3,2011,3,30,4,32.30254879042789
2011-10-02,3,6,1,3,2011,4,2,6,28.35191159282092
2011-10-03,3,6,1,3,2011,4,3,0,33.63893369461569
2011-10-10,3,6,1,3,2011,4,10,0,25.641700270961767
2011-10-12,3,6,1,3,2011,4,12,2,20.056275203221325
2011-10-14,3,6,1,3,2011,4,14,4,16.279706402415993
2011-10-16,3,6,1,3,2011,4,16,6,16.334779801811994
2011-10-17,3,6,1,3,2011,4,17,0,17.613584851358997
2011-10-21,3,6,1,3,2011,4,21,4,14.860188638519249
2011-10-24,3,6,1,3,2011,4,24,0,12.795141478889438
2011-10-26,3,6,1,3,2011,4,26,2,14.546356109167078
2011-10-28,3,6,1,3,2011,4,28,4,15.034767081875309
2011-10-30,3,6,1,3,2011,4,30,6,12.51357531140648
2011-10-31,3,6,1,3,2011,4,31,0,15.98518148355486
2011-11-03,3,6,1,3,2011,4,3,3,14.051386112666144
2011-11-08,3,6,1,3,2011,4,8,1,16.72603958449961
2011-11-09,3,6,1,3,2011,4,9,2,16.66952968837471
2011-11-10,3,6,1,3,2011,4,10,3,13.327147266281031
2011-11-13,3,6,1,3,2011,4,13,6,15.770360449710774
2011-11-14,3,6,1,3,2011,4,14,0,20.49027033728308
2011-11-16,3,6,1,3,2011,4,16,2,20.317702752962308
2011-11-17,3,6,1,3,2011,4,17,3,16.88827706472173
2011-11-18,3,6,1,3,2011,4,18,4,13.491207798541296
2011-11-20,3,6,1,3,2011,4,20,6,14.655905848905972
2011-11-22,3,6,1,3,2011,4,22,1,15.116929386679478
2011-11-23,3,6,1,3,2011,4,23,2,12.57519704000961
2011-11-24,3,6,1,3,2011,4,24,3,20.156397780007204
2011-11-28,3,6,1,3,2011,4,28,0,23.3672983350054
2011-11-29,3,6,1,3,2011,4,29,1,19.58797375125405
2011-11-30,3,6,1,3,2011,4,30,2,27.065980313440537
2011-12-01,3,6,1,3,2011,4,1,3,21.124485235080403
2011-12-02,3,6,1,3,2011,4,2,4,17.080863926310304
2011-12-04,3,6,1,3,2011,4,4,6,15.285647944732728
2011-12-06,3,6,1,3,2011,4,6,1,15.589235958549546
2011-12-07,3,6,1,3,2011,4,7,2,15.81692696891216
2011-12-08,3,6,1,3,2011,4,8,3,14.75019522668412
2011-12-09,3,6,1,3,2011,4,9,4,11.47514642001309
2011-03-15,3,7,2,3,2011,1,15,1,24.722952757109795
2011-03-18,3,7,2,3,2011,1,18,4,19.779714567832347
2011-03-24,3,7,2,3,2011,1,24,3,44.04728592587426
2011-03-27,3,7,2,3,2011,1,27,6,36.747964444405696
2011-03-30,3,7,2,3,2011,1,30,2,34.98597333330427
2011-03-31,3,7,2,3,2011,1,31,3,29.951979999978207
2011-04-04,3,7,2,3,2011,2,4,0,26.176484999983657
2011-04-05,3,7,2,3,2011,2,5,1,29.532363749987745
2011-04-10,3,7,2,3,2011,2,10,6,24.62427281249081
2011-06-09,3,7,2,3,2011,2,9,3,19.70570460936811
2011-06-10,3,7,2,3,2011,2,10,4,25.916778457026084
2011-06-12,3,7,2,3,2011,2,12,6,24.387583842769562
2011-06-13,3,7,2,3,2011,2,13,0,25.715687882077173
2011-06-14,3,7,2,3,2011,2,14,1,21.76176591155788
2011-06-16,3,7,2,3,2011,2,16,3,23.74632443366841
2011-06-19,3,7,2,3,2011,2,19,6,25.23474332525131
2011-06-20,3,7,2,3,2011,2,20,0,52.92605749393848
2011-06-22,3,7,2,3,2011,2,22,2,50.83204312045386
2011-06-26,3,7,2,3,2011,2,26,6,40.59903234034039
2011-06-27,3,7,2,3,2011,2,27,0,32.9242742552553
2011-06-29,3,7,2,3,2011,2,29,2,75.69320569144148
2011-06-30,3,7,2,3,2011,2,30,3,64.19490426858111
2011-07-04,3,7,2,3,2011,3,4,0,50.62117820143583
2011-07-07,3,7,2,3,2011,3,7,3,63.46588365107687
2011-07-11,3,7,2,3,2011,3,11,0,51.311912738307655
2011-07-12,3,7,2,3,2011,3,12,1,42.19643455373074
2011-07-14,3,7,2,3,2011,3,14,3,35.35982591529805
2011-07-15,3,7,2,3,2011,3,15,4,33.94486943647354
2011-07-18,3,7,2,3,2011,3,18,0,29.171152077355153
2011-07-20,3,7,2,3,2011,3,20,2,24.353364058016368
2011-07-24,3,7,2,3,2011,3,24,6,21.977523043512278
2011-07-25,3,7,2,3,2011,3,25,0,23.90814228263421
2011-07-27,3,7,2,3,2011,3,27,2,20.40610671197566
2011-07-31,3,7,2,3,2011,3,31,6,19.017080033981745
2011-08-01,3,7,2,3,2011,3,1,0,16.73781002548631
2011-08-03,3,7,2,3,2011,3,3,2,16.265857519114732
2011-08-04,3,7,2,3,2011,3,4,3,22.09939313933605
2011-08-05,3,7,2,3,2011,3,5,4,20.287044854502035
2011-08-10,3,7,2,3,2011,3,10,2,16.452783640876525
2011-08-12,3,7,2,3,2011,3,12,4,14.814587730657394
2011-08-18,3,7,2,3,2011,3,18,3,27.198440797993047
2011-08-19,3,7,2,3,2011,3,19,4,24.11133059849479
2011-08-21,3,7,2,3,2011,3,21,6,21.79599794887109
2011-08-22,3,7,2,3,2011,3,22,0,20.05949846165332
2011-08-23,3,7,2,3,2011,3,23,1,17.51962384623999
2011-08-24,3,7,2,3,2011,3,24,2,14.377217884679993
2011-08-28,3,7,2,3,2011,3,28,6,12.020413413509996
2011-08-30,3,7,2,3,2011,3,30,1,12.727810060132496
2011-08-31,3,7,2,3,2011,3,31,2,13.258357545099372
2011-09-01,3,7,2,3,2011,3,1,3,16.13126815882453
2011-09-02,3,7,2,3,2011,3,2,4,15.810951119118398
2011-09-04,3,7,2,3,2011,3,4,6,18.045713339338796
2011-09-06,3,7,2,3,2011,3,6,1,16.009285004504097
2011-09-11,3,7,2,3,2011,3,11,6,23.144463753378076
2011-09-12,3,7,2,3,2011,3,12,0,24.783347815033558
2011-09-14,3,7,2,3,2011,3,14,2,21.06251086127517
2011-09-15,3,7,2,3,2011,3,15,3,19.509383145956377
2011-09-18,3,7,2,3,2011,3,18,6,17.107037359467284
2011-09-19,3,7,2,3,2011,3,19,0,16.542778019600462
2011-09-20,3,7,2,3,2011,3,20,1,50.282083514700346
2011-09-21,3,7,2,3,2011,3,21,2,46.374062636025265
2011-09-22,3,7,2,3,2011,3,22,3,40.96804697701895
2011-09-23,3,7,2,3,2011,3,23,4,39.38853523276421
2011-09-25,3,7,2,3,2011,3,25,6,34.49140142457316
2011-09-26,3,7,2,3,2011,3,26,0,27.106051068429874
2011-09-30,3,7,2,3,2011,3,30,4,24.042038301322407
2011-10-03,3,7,2,3,2011,4,3,0,19.269028725991806
2011-10-04,3,7,2,3,2011,4,4,1,16.926771544493857
2011-10-06,3,7,2,3,2011,4,6,3,16.40757865837039
2011-10-07,3,7,2,3,2011,4,7,4,20.968183993777792
2011-10-10,3,7,2,3,2011,4,10,0,16.963637995333343
2011-10-12,3,7,2,3,2011,4,12,2,15.197728496500007
2011-10-13,3,7,2,3,2011,4,13,3,18.823296372375005
2011-10-14,3,7,2,3,2011,4,14,4,49.67997227928125
2011-10-18,3,7,2,3,2011,4,18,1,38.497479209460934
2011-10-19,3,7,2,3,2011,4,19,2,30.1106094070957
2011-10-20,3,7,2,3,2011,4,20,3,31.24545705532178
2011-10-23,3,7,2,3,2011,4,23,6,24.671592791491335
2011-10-25,3,7,2,3,2011,4,25,1,25.928694593618502
2011-10-26,3,7,2,3,2011,4,26,2,23.159020945213875
2011-10-30,3,7,2,3,2011,4,30,6,21.081765708910403
2011-11-02,3,7,2,3,2011,4,2,2,20.761324281682803
2011-11-03,3,7,2,3,2011,4,3,3,24.233493211262104
2011-11-04,3,7,2,3,2011,4,4,4,19.41261990844658
2011-11-06,3,7,2,3,2011,4,6,6,19.509464931334936
2011-11-07,3,7,2,3,2011,4,7,0,18.3445986985012
2011-11-08,3,7,2,3,2011,4,8,1,26.1334490238759
2011-11-09,3,7,2,3,2011,4,9,2,20.837586767906927
2011-11-10,3,7,2,3,2011,4,10,3,23.053190075930196
2011-11-11,3,7,2,3,2011,4,11,4,22.239892556947648
2011-11-13,3,7,2,3,2011,4,13,6,24.104919417710736
2011-11-15,3,7,2,3,2011,4,15,1,21.791189563283055
2011-11-16,3,7,2,3,2011,4,16,2,20.055892172462293
2011-11-17,3,7,2,3,2011,4,17,3,19.99191912934672
2011-11-18,3,7,2,3,2011,4,18,4,19.94393934701004
2011-11-20,3,7,2,3,2011,4,20,6,17.43295451025753
2011-11-21,3,7,2,3,2011,4,21,0,16.787215882693147
2011-11-24,3,7,2,3,2011,4,24,3,13.82791191201986
2011-11-28,3,7,2,3,2011,4,28,0,14.083433934014897
2011-12-01,3,7,2,3,2011,4,1,3,17.987575450511173
2011-12-02,3,7,2,3,2011,4,2,4,20.91568158788338
2011-12-08,3,7,2,3,2011,4,8,3,18.161761190912536
2011-05-08,3,8,3,3,2011,2,8,6,62.400000000000006
2011-05-09,3,8,3,3,2011,2,9,0,52.00000000000001
2011-05-10,3,8,3,3,2011,2,10,1,39.52000000000001
2011-05-11,3,8,3,3,2011,2,11,2,71.41000000000001
2011-05-12,3,8,3,3,2011,2,12,3,58.432500000000005
2011-05-13,3,8,3,3,2011,2,13,4,90.654375
2011-05-16,3,8,3,3,2011,2,16,0,78.39078125
2011-05-18,3,8,3,3,2011,2,18,2,63.6680859375
2011-05-19,3,8,3,3,2011,2,19,3,63.351064453125005
2011-05-20,3,8,3,3,2011,2,20,4,49.07329833984376
2011-05-22,3,8,3,3,2011,2,22,6,42.004973754882826
2011-05-23,3,8,3,3,2011,2,23,0,36.37873031616212
2011-05-25,3,8,3,3,2011,2,25,2,39.76404773712159
2011-05-26,3,8,3,3,2011,2,26,3,32.94303580284119
2011-05-27,3,8,3,3,2011,2,27,4,69.45727685213089
2011-06-05,3,8,3,3,2011,2,5,6,65.09295763909816
2011-06-06,3,8,3,3,2011,2,6,0,60.259718229323624
2011-06-08,3,8,3,3,2011,2,8,2,50.39478867199272
2011-06-09,3,8,3,3,2011,2,9,3,38.31609150399454
2011-06-10,3,8,3,3,2011,2,10,4,29.777068627995906
2011-06-13,3,8,3,3,2011,2,13,0,37.932801470996935
2011-06-14,3,8,3,3,2011,2,14,1,30.0096011032477
2011-06-15,3,8,3,3,2011,2,15,2,67.77720082743578
2011-06-16,3,8,3,3,2011,2,16,3,61.232900620576835
2011-06-19,3,8,3,3,2011,2,19,6,56.32467546543263
2011-06-20,3,8,3,3,2011,2,20,0,47.443506599074475
2011-06-24,3,8,3,3,2011,2,24,4,40.457629949305854
2011-06-28,3,8,3,3,2011,2,28,1,36.58322246197939
2011-06-29,3,8,3,3,2011,2,29,2,37.837416846484544
2011-07-04,3,8,3,3,2011,3,4,0,34.618062634863406
2011-07-05,3,8,3,3,2011,3,5,1,50.66354697614756
2011-07-06,3,8,3,3,2011,3,6,2,49.43766023211067
2011-07-07,3,8,3,3,2011,3,7,3,42.27824517408301
2011-07-12,3,8,3,3,2011,3,12,1,42.10868388056226
2011-07-13,3,8,3,3,2011,3,13,2,36.7815129104217
2011-07-18,3,8,3,3,2011,3,18,0,37.66113468281627
2011-07-20,3,8,3,3,2011,3,20,2,38.6458510121122
2011-07-24,3,8,3,3,2011,3,24,6,36.26438825908415
2011-07-26,3,8,3,3,2011,3,26,1,32.39829119431312
2011-07-29,3,8,3,3,2011,3,29,4,40.41871839573484
2011-08-01,3,8,3,3,2011,3,1,0,41.75403879680113
2011-08-03,3,8,3,3,2011,3,3,2,36.515529097600854
2011-08-04,3,8,3,3,2011,3,4,3,83.57664682320063
2011-08-05,3,8,3,3,2011,3,5,4,78.28248511740048
2011-08-08,3,8,3,3,2011,3,8,0,63.911863838050365
2011-08-09,3,8,3,3,2011,3,9,1,92.68389787853778
2011-08-10,3,8,3,3,2011,3,10,2,79.91292340890334
2011-08-11,3,8,3,3,2011,3,11,3,70.33469255667751
2011-08-12,3,8,3,3,2011,3,12,4,63.15101941750813
2011-08-17,3,8,3,3,2011,3,17,2,95.23326456313109
2011-08-18,3,8,3,3,2011,3,18,3,76.62494842234831
2011-08-19,3,8,3,3,2011,3,19,4,67.86871131676124
2011-08-21,3,8,3,3,2011,3,21,6,57.14153348757093
2011-08-22,3,8,3,3,2011,3,22,0,53.256150115678196
2011-08-23,3,8,3,3,2011,3,23,1,55.54211258675865
2011-08-24,3,8,3,3,2011,3,24,2,46.856584440068985
2011-08-25,3,8,3,3,2011,3,25,3,40.34243833005174
2011-08-26,3,8,3,3,2011,3,26,4,35.45682874753881
2011-08-28,3,8,3,3,2011,3,28,6,28.152621560654104
2011-08-30,3,8,3,3,2011,3,30,1,26.31446617049058
2011-09-01,3,8,3,3,2011,3,1,3,20.775849627867935
2011-09-02,3,8,3,3,2011,3,2,4,41.58188722090095
2011-09-04,3,8,3,3,2011,3,4,6,33.266415415675716
2011-09-05,3,8,3,3,2011,3,5,0,35.34981156175679
2011-09-07,3,8,3,3,2011,3,7,2,92.06235867131758
2011-09-08,3,8,3,3,2011,3,8,3,74.76676900348818
2011-09-09,3,8,3,3,2011,3,9,4,66.47507675261613
2011-09-11,3,8,3,3,2011,3,11,6,51.4163075644621
2011-09-12,3,8,3,3,2011,3,12,0,48.962230673346575
2011-09-13,3,8,3,3,2011,3,13,1,46.08167300500993
2011-09-15,3,8,3,3,2011,3,15,3,89.71125475375746
2011-09-20,3,8,3,3,2011,3,20,1,72.4834410653181
2011-09-21,3,8,3,3,2011,3,21,2,99.11258079898857
2011-09-22,3,8,3,3,2011,3,22,3,79.53443559924143
2011-09-25,3,8,3,3,2011,3,25,6,80.45082669943108
2011-09-27,3,8,3,3,2011,3,27,1,70.7381200245733
2011-09-28,3,8,3,3,2011,3,28,2,75.41359001842997
2011-09-29,3,8,3,3,2011,3,29,3,66.96019251382248
2011-09-30,3,8,3,3,2011,3,30,4,55.42014438536686
2011-10-02,3,8,3,3,2011,4,2,6,47.80510828902515
2011-10-03,3,8,3,3,2011,4,3,0,41.05383121676886
2011-10-04,3,8,3,3,2011,4,4,1,35.99037341257665
2011-10-05,3,8,3,3,2011,4,5,2,72.26278005943249
2011-10-06,3,8,3,3,2011,4,6,3,158.36708504457437
2011-10-07,3,8,3,3,2011,4,7,4,119.81531378343078
2011-10-12,3,8,3,3,2011,4,12,2,94.02148533757308
2011-10-13,3,8,3,3,2011,4,13,3,86.1161140031798
2011-10-14,3,8,3,3,2011,4,14,4,66.66708550238485
2011-10-17,3,8,3,3,2011,4,17,0,55.20031412678864
2011-10-18,3,8,3,3,2011,4,18,1,51.80023559509148
2011-10-20,3,8,3,3,2011,4,20,3,51.33017669631862
2011-10-23,3,8,3,3,2011,4,23,6,39.01763252223896
2011-10-24,3,8,3,3,2011,4,24,0,61.503224391679225
2011-10-30,3,8,3,3,2011,4,30,6,47.68741829375942
2011-10-31,3,8,3,3,2011,4,31,0,46.16556372031956
2011-11-01,3,8,3,3,2011,4,1,1,51.26417279023967
2011-11-02,3,8,3,3,2011,4,2,2,49.36812959267975
2011-11-03,3,8,3,3,2011,4,3,3,42.746097194509815
2011-11-04,3,8,3,3,2011,4,4,4,37.259572895882364
2011-11-06,3,8,3,3,2011,4,6,6,31.064679671911772
2011-11-09,3,8,3,3,2011,4,9,2,141.91850975393385
2011-11-10,3,8,3,3,2011,4,10,3,112.67888231545038
2011-11-11,3,8,3,3,2011,4,11,4,98.02916173658778
2011-11-13,3,8,3,3,2011,4,13,6,76.12187130244084
2011-11-14,3,8,3,3,2011,4,14,0,62.29140347683063
2011-11-15,3,8,3,3,2011,4,15,1,51.91855260762298
2011-11-16,3,8,3,3,2011,4,16,2,47.77891445571723
2011-11-17,3,8,3,3,2011,4,17,3,46.23418584178792
2011-11-18,3,8,3,3,2011,4,18,4,35.71563938134094
2011-11-20,3,8,3,3,2011,4,20,6,27.826729536005708
2011-11-21,3,8,3,3,2011,4,21,0,26.070047152004282
2011-11-23,3,8,3,3,2011,4,23,2,64.3025353640032
2011-11-24,3,8,3,3,2011,4,24,3,76.30690152300241
2011-11-25,3,8,3,3,2011,4,25,4,62.43017614225181
2011-11-27,3,8,3,3,2011,4,27,6,52.542632106688856
2011-11-29,3,8,3,3,2011,4,29,1,49.80697408001664
2011-11-30,3,8,3,3,2011,4,30,2,58.67523056001248
2011-12-06,3,8,3,3,2011,4,6,1,50.24642292000936
2011-12-07,3,8,3,3,2011,4,7,2,94.91481719000701
2011-12-09,3,8,3,3,2011,4,9,4,81.58611289250527
2011-03-14,3,9,4,3,2011,1,14,0,32.295532927973184
2011-03-17,3,9,4,3,2011,1,17,3,28.346649695979888
2011-03-18,3,9,4,3,2011,1,18,4,23.322487271984915
2011-03-20,3,9,4,3,2011,1,20,6,19.141865453988686
2011-03-21,3,9,4,3,2011,1,21,0,18.481399090491514
2011-03-23,3,9,4,3,2011,1,23,2,14.273549317868635
2011-03-24,3,9,4,3,2011,1,24,3,11.942661988401476
2011-03-25,3,9,4,3,2011,1,25,4,21.331996491301105
2011-03-28,3,9,4,3,2011,1,28,0,20.123997368475827
2011-03-29,3,9,4,3,2011,1,29,1,51.34299802635687
2011-03-30,3,9,4,3,2011,1,30,2,39.33224851976765
2011-04-05,3,9,4,3,2011,2,5,1,33.62418638982574
2011-04-06,3,9,4,3,2011,2,6,2,29.7556397923693
2011-04-08,3,9,4,3,2011,2,8,4,26.441729844276978
2011-04-11,3,9,4,3,2011,2,11,0,22.306297383207735
2011-04-12,3,9,4,3,2011,2,12,1,33.229723037405805
2011-04-14,3,9,4,3,2011,2,14,3,25.334792278054355
2011-04-18,3,9,4,3,2011,2,18,0,21.063594208540767
2011-04-19,3,9,4,3,2011,2,19,1,29.82269565640558
2011-04-20,3,9,4,3,2011,2,20,2,23.604521742304183
2011-04-21,3,9,4,3,2011,2,21,3,21.828391306728136
2011-04-27,3,9,4,3,2011,2,27,2,16.783793480046103
2011-04-28,3,9,4,3,2011,2,28,3,20.83784511003458
2011-05-03,3,9,4,3,2011,2,3,1,16.453383832525933
2011-05-04,3,9,4,3,2011,2,4,2,48.590037874394454
2011-05-06,3,9,4,3,2011,2,6,4,44.69252840579584
2011-05-08,3,9,4,3,2011,2,8,6,41.769396304346884
2011-05-09,3,9,4,3,2011,2,9,0,35.45204722826016
2011-05-11,3,9,4,3,2011,2,11,2,27.001535421195122
2011-05-12,3,9,4,3,2011,2,12,3,28.501151565896343
2011-05-13,3,9,4,3,2011,2,13,4,22.200863674422255
2011-05-15,3,9,4,3,2011,2,15,6,18.713147755816692
2011-05-16,3,9,4,3,2011,2,16,0,14.859860816862518
2011-05-18,3,9,4,3,2011,2,18,2,12.382395612646889
2011-05-19,3,9,4,3,2011,2,19,3,9.699296709485166
2011-05-20,3,9,4,3,2011,2,20,4,19.649472532113876
2011-05-23,3,9,4,3,2011,2,23,0,15.149604399085407
2011-05-24,3,9,4,3,2011,2,24,1,15.899703299314055
2011-05-25,3,9,4,3,2011,2,25,2,20.17477747448554
2011-05-26,3,9,4,3,2011,2,26,3,20.081083105864156
2011-05-29,3,9,4,3,2011,2,29,6,16.29831232939812
2011-05-31,3,9,4,3,2011,2,31,1,17.17373424704859
2011-06-05,3,9,4,3,2011,2,5,6,21.542800685286444
2011-06-08,3,9,4,3,2011,2,8,2,20.282100513964835
2011-06-09,3,9,4,3,2011,2,9,3,15.624075385473626
2011-06-15,3,9,4,3,2011,2,15,2,12.13055653910522
2011-06-19,3,9,4,3,2011,2,19,6,10.335417404328915
2011-06-21,3,9,4,3,2011,2,21,1,11.876563053246686
2011-06-22,3,9,4,3,2011,2,22,2,13.032422289935015
2011-06-23,3,9,4,3,2011,2,23,3,11.01181671745126
2011-06-24,3,9,4,3,2011,2,24,4,12.383862538088446
2011-06-26,3,9,4,3,2011,2,26,6,10.525396903566335
2011-06-27,3,9,4,3,2011,2,27,0,14.08154767767475
2011-06-30,3,9,4,3,2011,2,30,3,11.386160758256063
2011-07-03,3,9,4,3,2011,3,3,6,8.952120568692047
2011-07-04,3,9,4,3,2011,3,4,0,15.789090426519035
2011-07-07,3,9,4,3,2011,3,7,3,15.966817819889275
2011-07-08,3,9,4,3,2011,3,8,4,48.22511336491696
2011-07-11,3,9,4,3,2011,3,11,0,37.40633502368772
2011-07-12,3,9,4,3,2011,3,12,1,36.71725126776579
2011-07-15,3,9,4,3,2011,3,15,4,35.78793845082434
2011-07-19,3,9,4,3,2011,3,19,1,39.21595383811825
2011-07-20,3,9,4,3,2011,3,20,2,33.53696537858869
2011-07-22,3,9,4,3,2011,3,22,4,29.277724033941517
2011-07-24,3,9,4,3,2011,3,24,6,26.495793025456138
2011-07-25,3,9,4,3,2011,3,25,0,20.696844769092102
2011-07-26,3,9,4,3,2011,3,26,1,23.772633576819075
2011-07-29,3,9,4,3,2011,3,29,4,21.954475182614306
2011-07-31,3,9,4,3,2011,3,31,6,20.59085638696073
2011-08-03,3,9,4,3,2011,3,3,2,19.56814229022055
2011-08-04,3,9,4,3,2011,3,4,3,19.62610671766541
2011-08-05,3,9,4,3,2011,3,5,4,15.13208003824906
2011-08-08,3,9,4,3,2011,3,8,0,20.011560028686795
2011-08-09,3,9,4,3,2011,3,9,1,15.421170021515096
2011-08-10,3,9,4,3,2011,3,10,2,48.22837751613632
2011-08-11,3,9,4,3,2011,3,11,3,44.421283137102236
2011-08-12,3,9,4,3,2011,3,12,4,41.56596235282667
2011-08-14,3,9,4,3,2011,3,14,6,31.586971764620007
2011-08-16,3,9,4,3,2011,3,16,1,36.065228823465006
2011-08-17,3,9,4,3,2011,3,17,2,63.71142161759876
2011-08-19,3,9,4,3,2011,3,19,4,56.033566213199066
2011-08-21,3,9,4,3,2011,3,21,6,46.9751746598993
2011-08-22,3,9,4,3,2011,3,22,0,44.30638099492448
2011-08-23,3,9,4,3,2011,3,23,1,57.97978574619336
2011-08-28,3,9,4,3,2011,3,28,6,46.784839309645015
2011-09-01,3,9,4,3,2011,3,1,3,40.038629482233766
2011-09-04,3,9,4,3,2011,3,4,6,34.566472111675324
2011-09-07,3,9,4,3,2011,3,7,2,38.29985408375649
2011-09-09,3,9,4,3,2011,3,9,4,30.78739056281737
2011-09-11,3,9,4,3,2011,3,11,6,27.21554292211303
2011-09-12,3,9,4,3,2011,3,12,0,24.536657191584773
2011-09-13,3,9,4,3,2011,3,13,1,22.939992893688583
2011-09-14,3,9,4,3,2011,3,14,2,33.70499467026644
2011-09-15,3,9,4,3,2011,3,15,3,33.528746002699826
2011-09-20,3,9,4,3,2011,3,20,1,29.684059502024873
2011-09-21,3,9,4,3,2011,3,21,2,26.388044626518656
2011-09-28,3,9,4,3,2011,3,28,2,23.916033469888994
2011-09-29,3,9,4,3,2011,3,29,3,26.187025102416747
2011-09-30,3,9,4,3,2011,3,30,4,23.76526882681256
2011-10-04,3,9,4,3,2011,4,4,1,21.94895162010942
2011-10-05,3,9,4,3,2011,4,5,2,16.874213715082064
2011-10-07,3,9,4,3,2011,4,7,4,13.893160286311549
2011-10-10,3,9,4,3,2011,4,10,0,12.069870214733662
2011-10-13,3,9,4,3,2011,4,13,3,21.427402661050245
2011-10-18,3,9,4,3,2011,4,18,1,20.19555199578768
2011-10-24,3,9,4,3,2011,4,24,0,15.97166399684076
2011-10-26,3,9,4,3,2011,4,26,2,16.10374799763057
2011-10-27,3,9,4,3,2011,4,27,3,20.32781099822293
2011-10-28,3,9,4,3,2011,4,28,4,19.370858248667197
2011-10-30,3,9,4,3,2011,4,30,6,22.7781436865004
2011-10-31,3,9,4,3,2011,4,31,0,19.1461077648753
2011-11-06,3,9,4,3,2011,4,6,6,50.60958082365647
2011-11-08,3,9,4,3,2011,4,8,1,43.31968561774235
2011-11-10,3,9,4,3,2011,4,10,3,37.439764213306766
2011-11-13,3,9,4,3,2011,4,13,6,29.72982315998007
2011-11-14,3,9,4,3,2011,4,14,0,31.372367369985053
2011-11-16,3,9,4,3,2011,4,16,2,24.354275527488788
2011-11-17,3,9,4,3,2011,4,17,3,19.09070664561659
2011-11-18,3,9,4,3,2011,4,18,4,15.14302998421244
2011-11-20,3,9,4,3,2011,4,20,6,11.76977248815933
2011-11-22,3,9,4,3,2011,4,22,1,12.952329366119496
2011-11-23,3,9,4,3,2011,4,23,2,13.839247024589621
2011-11-27,3,9,4,3,2011,4,27,6,14.916935268442215
2011-11-29,3,9,4,3,2011,4,29,1,11.60020145133166
2011-12-01,3,9,4,3,2011,4,1,3,9.525151088498745
2011-12-04,3,9,4,3,2011,4,4,6,7.968863316374059
2011-12-07,3,9,4,3,2011,4,7,2,8.039147487280545
2011-12-08,3,9,4,3,2011,4,8,3,8.091860615460408
2011-04-07,3,10,0,3,2011,2,7,3,61.06140547432005
2011-06-29,3,10,0,3,2011,2,29,2,53.17105410574003
2011-07-03,3,10,0,3,2011,3,3,6,57.578290579305026
2011-07-24,3,10,0,3,2011,3,24,6,44.65871793447877
2011-07-31,3,10,0,3,2011,3,31,6,42.34403845085908
2011-08-03,3,10,0,3,2011,3,3,2,34.708028838144315
2011-08-05,3,10,0,3,2011,3,5,4,51.53102162860824
2011-08-22,3,10,0,3,2011,3,22,0,43.07326622145618
2011-08-26,3,10,0,3,2011,3,26,4,36.72994966609214
2011-09-05,3,10,0,3,2011,3,5,0,61.8974622495691
2011-09-08,3,10,0,3,2011,3,8,3,48.63559668717682
2011-09-11,3,10,0,3,2011,3,11,6,40.90169751538262
2011-09-12,3,10,0,3,2011,3,12,0,65.02627313653697
2011-09-13,3,10,0,3,2011,3,13,1,59.832204852402725
2011-09-14,3,10,0,3,2011,3,14,2,58.14915363930204
2011-09-15,3,10,0,3,2011,3,15,3,73.53686522947653
2011-09-16,3,10,0,3,2011,3,16,4,68.42764892210741
2011-09-18,3,10,0,3,2011,3,18,6,57.220736691580555
2011-09-20,3,10,0,3,2011,3,20,1,46.603052518685416
2011-09-21,3,10,0,3,2011,3,21,2,39.37728938901407
2011-09-22,3,10,0,3,2011,3,22,3,47.23296704176055
2011-09-23,3,10,0,3,2011,3,23,4,57.54972528132042
2011-09-25,3,10,0,3,2011,3,25,6,54.22479396099031
2011-09-26,3,10,0,3,2011,3,26,0,53.94359547074273
2011-09-27,3,10,0,3,2011,3,27,1,47.09519660305705
2011-09-28,3,10,0,3,2011,3,28,2,39.74639745229278
2011-09-29,3,10,0,3,2011,3,29,3,64.15979808921959
2011-09-30,3,10,0,3,2011,3,30,4,84.6823485669147
2011-10-02,3,10,0,3,2011,4,2,6,66.46176142518603
2011-10-03,3,10,0,3,2011,4,3,0,58.696321068889524
2011-10-04,3,10,0,3,2011,4,4,1,53.609740801667144
2011-10-06,3,10,0,3,2011,4,6,3,53.48230560125036
2011-10-07,3,10,0,3,2011,4,7,4,54.86172920093777
2011-10-09,3,10,0,3,2011,4,9,6,47.78379690070334
2011-10-10,3,10,0,3,2011,4,10,0,65.7628476755275
2011-10-11,3,10,0,3,2011,4,11,1,71.44713575664562
2011-10-12,3,10,0,3,2011,4,12,2,140.4103518174842
2011-10-13,3,10,0,3,2011,4,13,3,109.73276386311316
2011-10-14,3,10,0,3,2011,4,14,4,99.26207289733487
2011-10-17,3,10,0,3,2011,4,17,0,84.03405467300117
2011-10-19,3,10,0,3,2011,4,19,2,88.52554100475088
2011-10-20,3,10,0,3,2011,4,20,3,78.19415575356315
2011-10-21,3,10,0,3,2011,4,21,4,67.49561681517235
2011-10-23,3,10,0,3,2011,4,23,6,57.996712611379266
2011-10-24,3,10,0,3,2011,4,24,0,56.77253445853445
2011-10-25,3,10,0,3,2011,4,25,1,49.216900843900845
2011-10-26,3,10,0,3,2011,4,26,2,63.887675632925635
2011-10-27,3,10,0,3,2011,4,27,3,49.39075672469423
2011-10-30,3,10,0,3,2011,4,30,6,81.71806754352068
2011-10-31,3,10,0,3,2011,4,31,0,78.2510506576405
2011-11-02,3,10,0,3,2011,4,2,2,93.77578799323038
2011-11-03,3,10,0,3,2011,4,3,3,79.1818409949228
2011-11-04,3,10,0,3,2011,4,4,4,62.3363807461921
2011-11-06,3,10,0,3,2011,4,6,6,68.13978555964408
2011-11-07,3,10,0,3,2011,4,7,0,72.49233916973307
2011-11-08,3,10,0,3,2011,4,8,1,65.4317543772998
2011-11-09,3,10,0,3,2011,4,9,2,119.24881578297484
2011-11-10,3,10,0,3,2011,4,10,3,90.91161183723113
2011-11-11,3,10,0,3,2011,4,11,4,154.27120887792336
2011-11-13,3,10,0,3,2011,4,13,6,117.91590665844252
2011-11-14,3,10,0,3,2011,4,14,0,143.12442999383188
2011-11-15,3,10,0,3,2011,4,15,1,111.76832249537391
2011-11-16,3,10,0,3,2011,4,16,2,127.02624187153043
2011-11-17,3,10,0,3,2011,4,17,3,108.54468140364783
2011-11-18,3,10,0,3,2011,4,18,4,97.63351105273588
2011-11-20,3,10,0,3,2011,4,20,6,98.7251332895519
2011-11-21,3,10,0,3,2011,4,21,0,201.85634996716394
2011-11-22,3,10,0,3,2011,4,22,1,176.46726247537293
2011-11-23,3,10,0,3,2011,4,23,2,343.7254468565297
2011-11-24,3,10,0,3,2011,4,24,3,268.11908514239724
2011-11-25,3,10,0,3,2011,4,25,4,252.08931385679793
2011-11-27,3,10,0,3,2011,4,27,6,198.65448539259845
2011-11-28,3,10,0,3,2011,4,28,0,153.41586404444885
2011-11-29,3,10,0,3,2011,4,29,1,140.13689803333665
2011-11-30,3,10,0,3,2011,4,30,2,122.80267352500249
2011-12-01,3,10,0,3,2011,4,1,3,122.02700514375186
2011-12-02,3,10,0,3,2011,4,2,4,104.7952538578139
2011-12-04,3,10,0,3,2011,4,4,6,81.54644039336043
2011-12-05,3,10,0,3,2011,4,5,0,100.67233029502032
2011-12-06,3,10,0,3,2011,4,6,1,96.89174772126525
2011-12-07,3,10,0,3,2011,4,7,2,165.39381079094895
2011-12-08,3,10,0,3,2011,4,8,3,191.5828580932117
2011-12-09,3,10,0,3,2011,4,9,4,152.53714356990878
2011-03-15,3,11,1,3,2011,1,15,1,27.026550549393217
2011-03-16,3,11,1,3,2011,1,16,2,38.269912912044916
2011-03-22,3,11,1,3,2011,1,22,1,31.252434684033688
2011-03-30,3,11,1,3,2011,1,30,2,24.289326013025267
2011-03-31,3,11,1,3,2011,1,31,3,21.404494509768952
2011-04-01,3,11,1,3,2011,2,1,4,34.05337088232672
2011-04-03,3,11,1,3,2011,2,3,6,26.177528161745037
2011-04-05,3,11,1,3,2011,2,5,1,22.183146121308777
2011-04-06,3,11,1,3,2011,2,6,2,18.33735959098158
2011-04-07,3,11,1,3,2011,2,7,3,15.028019693236187
2011-04-13,3,11,1,3,2011,2,13,2,11.48351476992714
2011-04-14,3,11,1,3,2011,2,14,3,11.162636077445356
2011-04-18,3,11,1,3,2011,2,18,0,10.921977058084018
2011-04-26,3,11,1,3,2011,2,26,1,8.616482793563014
2011-04-27,3,11,1,3,2011,2,27,2,10.71236209517226
2011-05-03,3,11,1,3,2011,2,3,1,11.221771571379195
2011-05-04,3,11,1,3,2011,2,4,2,26.841328678534396
2011-05-08,3,11,1,3,2011,2,8,6,21.193496508900797
2011-05-10,3,11,1,3,2011,2,10,1,18.8701223816756
2011-05-15,3,11,1,3,2011,2,15,6,16.4900917862567
2011-05-16,3,11,1,3,2011,2,16,0,18.530068839692525
2011-05-17,3,11,1,3,2011,2,17,1,34.44755162976939
2011-05-18,3,11,1,3,2011,2,18,2,27.323163722327045
2011-05-22,3,11,1,3,2011,2,22,6,24.31737279174528
2011-05-23,3,11,1,3,2011,2,23,0,20.78802959380896
2011-05-24,3,11,1,3,2011,2,24,1,18.141022195356722
2011-05-25,3,11,1,3,2011,2,25,2,25.50576664651754
2011-05-31,3,11,1,3,2011,2,31,1,21.254324984888154
2011-06-07,3,11,1,3,2011,2,7,1,16.790743738666116
2011-06-08,3,11,1,3,2011,2,8,2,14.293057803999586
2011-06-10,3,11,1,3,2011,2,10,4,28.719793352999687
2011-06-13,3,11,1,3,2011,2,13,0,24.089845014749766
2011-06-14,3,11,1,3,2011,2,14,1,18.492383761062325
2011-06-15,3,11,1,3,2011,2,15,2,31.869287820796742
2011-06-16,3,11,1,3,2011,2,16,3,24.75196586559756
2011-06-21,3,11,1,3,2011,2,21,1,22.81397439919817
2011-06-27,3,11,1,3,2011,2,27,0,23.485480799398626
2011-06-28,3,11,1,3,2011,2,28,1,20.58911059954897
2011-07-01,3,11,1,3,2011,3,1,4,16.29183294966173
2011-07-04,3,11,1,3,2011,3,4,0,13.068874712246297
2011-07-05,3,11,1,3,2011,3,5,1,27.801656034184724
2011-07-07,3,11,1,3,2011,3,7,3,28.50124202563854
2011-07-10,3,11,1,3,2011,3,10,6,26.688431519228907
2011-07-18,3,11,1,3,2011,3,18,0,20.44132363942168
2011-07-19,3,11,1,3,2011,3,19,1,20.64349272956626
2011-07-20,3,11,1,3,2011,3,20,2,20.582619547174694
2011-07-22,3,11,1,3,2011,3,22,4,33.43696466038102
2011-07-24,3,11,1,3,2011,3,24,6,27.627723495285768
2011-07-31,3,11,1,3,2011,3,31,6,21.570792621464328
2011-08-01,3,11,1,3,2011,3,1,0,17.878094466098243
2011-08-03,3,11,1,3,2011,3,3,2,13.833570849573682
2011-08-04,3,11,1,3,2011,3,4,3,30.07517813718026
2011-08-08,3,11,1,3,2011,3,8,0,58.55638360288519
2011-08-11,3,11,1,3,2011,3,11,3,49.01728770216389
2011-08-12,3,11,1,3,2011,3,12,4,39.31296577662292
2011-08-17,3,11,1,3,2011,3,17,2,49.60972433246719
2011-08-21,3,11,1,3,2011,3,21,6,41.45729324935039
2011-08-24,3,11,1,3,2011,3,24,2,36.405469937012796
2011-08-25,3,11,1,3,2011,3,25,3,27.516602452759596
2011-08-31,3,11,1,3,2011,3,31,2,23.187451839569697
2011-09-02,3,11,1,3,2011,3,2,4,37.94058887967728
2011-09-05,3,11,1,3,2011,3,5,0,33.130441659757956
2011-09-06,3,11,1,3,2011,3,6,1,27.397831244818466
2011-09-08,3,11,1,3,2011,3,8,3,22.67337343361385
2011-09-09,3,11,1,3,2011,3,9,4,18.705030075210388
2011-09-12,3,11,1,3,2011,3,12,0,16.57877255640779
2011-09-16,3,11,1,3,2011,3,16,4,15.409079417305843
2011-09-20,3,11,1,3,2011,3,20,1,17.08180956297938
2011-09-21,3,11,1,3,2011,3,21,2,30.811357172234537
2011-09-30,3,11,1,3,2011,3,30,4,29.2710178791759
2011-10-02,3,11,1,3,2011,4,2,6,29.390763409381925
2011-10-05,3,11,1,3,2011,4,5,2,23.743072557036445
2011-10-06,3,11,1,3,2011,4,6,3,58.90730441777734
2011-10-07,3,11,1,3,2011,4,7,4,46.730478313333
2011-10-11,3,11,1,3,2011,4,11,1,42.69785873499975
2011-10-12,3,11,1,3,2011,4,12,2,39.46089405124981
2011-10-13,3,11,1,3,2011,4,13,3,30.44567053843736
2011-10-14,3,11,1,3,2011,4,14,4,40.834252903828016
2011-10-16,3,11,1,3,2011,4,16,6,31.90068967787101
2011-10-17,3,11,1,3,2011,4,17,0,27.750517258403256
2011-10-18,3,11,1,3,2011,4,18,1,23.362887943802445
2011-10-19,3,11,1,3,2011,4,19,2,20.072165957851833
2011-10-21,3,11,1,3,2011,4,21,4,20.154124468388872
2011-10-24,3,11,1,3,2011,4,24,0,20.215593351291652
2011-10-26,3,11,1,3,2011,4,26,2,18.349195013468737
2011-10-30,3,11,1,3,2011,4,30,6,31.97439626010155
2011-11-01,3,11,1,3,2011,4,1,1,27.168297195076164
2011-11-03,3,11,1,3,2011,4,3,3,21.438722896307123
2011-11-04,3,11,1,3,2011,4,4,4,17.35404217223034
2011-11-06,3,11,1,3,2011,4,6,6,18.965531629172755
2011-11-07,3,11,1,3,2011,4,7,0,18.049148721879565
2011-11-09,3,11,1,3,2011,4,9,2,67.53686154140968
2011-11-10,3,11,1,3,2011,4,10,3,55.75264615605726
2011-11-11,3,11,1,3,2011,4,11,4,52.43948461704294
2011-11-13,3,11,1,3,2011,4,13,6,43.36711346278221
2011-11-14,3,11,1,3,2011,4,14,0,34.65033509708665
2011-11-16,3,11,1,3,2011,4,16,2,53.55025132281499
2011-11-17,3,11,1,3,2011,4,17,3,43.35018849211124
2011-11-20,3,11,1,3,2011,4,20,6,44.62514136908343
2011-11-22,3,11,1,3,2011,4,22,1,38.568856026812576
2011-11-23,3,11,1,3,2011,4,23,2,38.48914202010943
2011-11-24,3,11,1,3,2011,4,24,3,71.24185651508208
2011-11-25,3,11,1,3,2011,4,25,4,57.893892386311556
2011-11-27,3,11,1,3,2011,4,27,6,47.03291928973366
2011-11-28,3,11,1,3,2011,4,28,0,42.074689467300246
2011-11-29,3,11,1,3,2011,4,29,1,33.68101710047519
2011-12-01,3,11,1,3,2011,4,1,3,38.010762825356395
2011-12-02,3,11,1,3,2011,4,2,4,46.5080721190173
2011-12-04,3,11,1,3,2011,4,4,6,39.981054089262976
2011-12-05,3,11,1,3,2011,4,5,0,46.13579056694723
2011-12-06,3,11,1,3,2011,4,6,1,35.02684292521042
2011-12-07,3,11,1,3,2011,4,7,2,44.27013219390781
2011-12-08,3,11,1,3,2011,4,8,3,39.57759914543086
2011-12-09,3,11,1,3,2011,4,9,4,30.533199359073144
2011-04-18,3,12,2,3,2011,2,18,0,8.919667563015398
2011-05-19,3,12,2,3,2011,2,19,3,11.639750672261549
2011-05-20,3,12,2,3,2011,2,20,4,23.22981300419616
2011-05-23,3,12,2,3,2011,2,23,0,21.54735975314712
2011-05-25,3,12,2,3,2011,2,25,2,27.29801981486034
2011-05-29,3,12,2,3,2011,2,29,6,22.123514861145253
2011-05-31,3,12,2,3,2011,2,31,1,19.89263614585894
2011-06-05,3,12,2,3,2011,2,5,6,26.469477109394205
2011-06-06,3,12,2,3,2011,2,6,0,29.752107832045652
2011-06-08,3,12,2,3,2011,2,8,2,37.16408087403424
2011-06-09,3,12,2,3,2011,2,9,3,32.82306065552568
2011-06-12,3,12,2,3,2011,2,12,6,34.51729549164426
2011-06-28,3,12,2,3,2011,2,28,1,35.787971618733195
2011-06-29,3,12,2,3,2011,2,29,2,36.740978714049895
2011-06-30,3,12,2,3,2011,2,30,3,43.70573403553742
2011-07-03,3,12,2,3,2011,3,3,6,33.60430052665306
2011-07-05,3,12,2,3,2011,3,5,1,97.7032253949898
2011-07-11,3,12,2,3,2011,3,11,0,78.22741904624236
2011-07-15,3,12,2,3,2011,3,15,4,63.62056428468178
2011-07-17,3,12,2,3,2011,3,17,6,52.66542321351133
2011-07-18,3,12,2,3,2011,3,18,0,39.9115674101335
2011-07-19,3,12,2,3,2011,3,19,1,34.88367555760013
2011-07-21,3,12,2,3,2011,3,21,3,31.112756668200095
2011-08-04,3,12,2,3,2011,3,4,3,25.397067501150072
2011-08-08,3,12,2,3,2011,3,8,0,23.997800625862553
2011-08-11,3,12,2,3,2011,3,11,3,22.948350469396914
2011-08-12,3,12,2,3,2011,3,12,4,22.161262852047685
2011-08-16,3,12,2,3,2011,3,16,1,21.570947139035763
2011-08-18,3,12,2,3,2011,3,18,3,21.12821035427682
2011-08-22,3,12,2,3,2011,3,22,0,20.796157765707616
2011-08-26,3,12,2,3,2011,3,26,4,20.54711832428071
2011-09-04,3,12,2,3,2011,3,4,6,16.235338743210534
2011-09-08,3,12,2,3,2011,3,8,3,19.1890040574079
2011-09-09,3,12,2,3,2011,3,9,4,19.341753043055924
2011-09-11,3,12,2,3,2011,3,11,6,22.756314782291945
2011-09-12,3,12,2,3,2011,3,12,0,26.967236086718955
2011-09-13,3,12,2,3,2011,3,13,1,65.37542706503922
2011-09-15,3,12,2,3,2011,3,15,3,51.506570298779415
2011-09-16,3,12,2,3,2011,3,16,4,39.45492772408456
2011-09-18,3,12,2,3,2011,3,18,6,30.82869579306342
2011-09-22,3,12,2,3,2011,3,22,3,29.309021844797567
2011-09-28,3,12,2,3,2011,3,28,2,22.394266383598175
2011-09-29,3,12,2,3,2011,3,29,3,22.158199787698628
2011-09-30,3,12,2,3,2011,3,30,4,22.80614984077397
2011-10-02,3,12,2,3,2011,4,2,6,21.229612380580477
2011-10-03,3,12,2,3,2011,4,3,0,17.984709285435358
2011-10-04,3,12,2,3,2011,4,4,1,18.438531964076518
2011-10-09,3,12,2,3,2011,4,9,6,16.303898973057386
2011-10-10,3,12,2,3,2011,4,10,0,17.17792422979304
2011-10-11,3,12,2,3,2011,4,11,1,17.83344317234478
2011-10-16,3,12,2,3,2011,4,16,6,20.800082379258583
2011-10-17,3,12,2,3,2011,4,17,0,16.01256178444394
2011-10-18,3,12,2,3,2011,4,18,1,16.95942133833295
2011-10-19,3,12,2,3,2011,4,19,2,13.544566003749713
2011-10-21,3,12,2,3,2011,4,21,4,10.983424502812284
2011-10-23,3,12,2,3,2011,4,23,6,13.600068377109212
2011-10-24,3,12,2,3,2011,4,24,0,20.100051282831906
2011-10-26,3,12,2,3,2011,4,26,2,24.975038462123926
2011-10-27,3,12,2,3,2011,4,27,3,20.793778846592943
2011-10-30,3,12,2,3,2011,4,30,6,16.420334134944707
2011-11-01,3,12,2,3,2011,4,1,1,23.040250601208527
2011-11-03,3,12,2,3,2011,4,3,3,18.517687950906396
2011-11-06,3,12,2,3,2011,4,6,6,28.8007659631798
2011-11-08,3,12,2,3,2011,4,8,1,26.963074472384847
2011-11-16,3,12,2,3,2011,4,16,2,27.647305854288632
2011-11-17,3,12,2,3,2011,4,17,3,25.685479390716473
2011-11-20,3,12,2,3,2011,4,20,6,27.101609543037355
2011-11-21,3,12,2,3,2011,4,21,0,21.563707157278017
2011-11-22,3,12,2,3,2011,4,22,1,26.07278036795851
2011-11-28,3,12,2,3,2011,4,28,0,25.742085275968883
2011-11-29,3,12,2,3,2011,4,29,1,24.25656395697666
2011-11-30,3,12,2,3,2011,4,30,2,23.142422967732493
2011-12-01,3,12,2,3,2011,4,1,3,19.419317225799368
2011-12-02,3,12,2,3,2011,4,2,4,17.039487919349526
2011-12-04,3,12,2,3,2011,4,4,6,13.604615939512144
2011-12-08,3,12,2,3,2011,4,8,3,11.853461954634108
2011-12-09,3,12,2,3,2011,4,9,4,9.302596465975581
2011-03-14,3,13,3,3,2011,1,14,0,46.471673596264615
2011-03-15,3,13,3,3,2011,1,15,1,39.278755197198464
2011-03-16,3,13,3,3,2011,1,16,2,38.309066397898846
2011-03-18,3,13,3,3,2011,1,18,4,34.63179979842413
2011-03-20,3,13,3,3,2011,1,20,6,34.8238498488181
2011-03-21,3,13,3,3,2011,1,21,0,56.71788738661357
2011-03-23,3,13,3,3,2011,1,23,2,44.01341553996018
2011-03-29,3,13,3,3,2011,1,29,1,37.43506165497013
2011-03-31,3,13,3,3,2011,1,31,3,33.2387962412276
2011-04-01,3,13,3,3,2011,2,1,4,29.3540971809207
2011-04-05,3,13,3,3,2011,2,5,1,26.440572885690525
2011-04-06,3,13,3,3,2011,2,6,2,22.042929664267895
2011-04-10,3,13,3,3,2011,2,10,6,18.007197248200924
2011-04-11,3,13,3,3,2011,2,11,0,17.930397936150694
2011-04-14,3,13,3,3,2011,2,14,3,18.61029845211302
2011-04-19,3,13,3,3,2011,2,19,1,18.38272383908477
2011-04-20,3,13,3,3,2011,2,20,2,18.21204287931358
2011-04-21,3,13,3,3,2011,2,21,3,26.934032159485184
2011-04-26,3,13,3,3,2011,2,26,1,24.62552411961389
2011-04-27,3,13,3,3,2011,2,27,2,26.58164308971042
2011-05-03,3,13,3,3,2011,2,3,1,20.673732317282816
2011-05-05,3,13,3,3,2011,2,5,3,16.242799237962114
2011-05-06,3,13,3,3,2011,2,6,4,21.032099428471586
2011-05-12,3,13,3,3,2011,2,12,3,26.09907457135369
2011-05-23,3,13,3,3,2011,2,23,0,28.424305928515267
2011-05-27,3,13,3,3,2011,2,27,4,25.74322944638645
2011-05-29,3,13,3,3,2011,2,29,6,21.51992208478984
2011-05-31,3,13,3,3,2011,2,31,1,19.08994156359238
2011-06-01,3,13,3,3,2011,2,1,2,18.742456172694286
2011-06-05,3,13,3,3,2011,2,5,6,15.531842129520713
2011-06-08,3,13,3,3,2011,2,8,2,24.18638159714054
2011-06-12,3,13,3,3,2011,2,12,6,22.564786197855405
2011-06-13,3,13,3,3,2011,2,13,0,21.348589648391556
2011-06-21,3,13,3,3,2011,2,21,1,18.961442236293667
2011-06-22,3,13,3,3,2011,2,22,2,18.646081677220252
2011-06-23,3,13,3,3,2011,2,23,3,18.40956125791519
2011-06-24,3,13,3,3,2011,2,24,4,18.232170943436394
2011-06-27,3,13,3,3,2011,2,27,0,15.149128207577295
2011-06-29,3,13,3,3,2011,2,29,2,15.786846155682973
2011-07-04,3,13,3,3,2011,3,4,0,16.265134616762232
2011-07-06,3,13,3,3,2011,3,6,2,18.098850962571674
2011-07-10,3,13,3,3,2011,3,10,6,16.524138221928755
2011-07-12,3,13,3,3,2011,3,12,1,17.55560366644657
2011-07-17,3,13,3,3,2011,3,17,6,17.591702749834926
2011-07-18,3,13,3,3,2011,3,18,0,17.618777062376196
2011-07-20,3,13,3,3,2011,3,20,2,17.639082796782148
2011-07-21,3,13,3,3,2011,3,21,3,17.65431209758661
2011-07-25,3,13,3,3,2011,3,25,0,19.14073407318996
2011-07-26,3,13,3,3,2011,3,26,1,23.205550554892472
2011-07-28,3,13,3,3,2011,3,28,3,21.829162916169356
2011-07-29,3,13,3,3,2011,3,29,4,20.79687218712702
2011-08-04,3,13,3,3,2011,3,4,3,24.447654140345264
2011-08-05,3,13,3,3,2011,3,5,4,22.76074060525895
2011-08-08,3,13,3,3,2011,3,8,0,17.808055453944213
2011-08-09,3,13,3,3,2011,3,9,1,43.956041590458156
2011-08-15,3,13,3,3,2011,3,15,0,37.39203119284362
2011-08-17,3,13,3,3,2011,3,17,2,32.469023394632714
2011-08-18,3,13,3,3,2011,3,18,3,33.20176754597453
2011-08-19,3,13,3,3,2011,3,19,4,29.3263256594809
2011-08-21,3,13,3,3,2011,3,21,6,26.419744244610676
2011-08-22,3,13,3,3,2011,3,22,0,37.51480818345801
2011-08-26,3,13,3,3,2011,3,26,4,32.56110613759351
2011-08-30,3,13,3,3,2011,3,30,1,37.695829603195136
2011-09-01,3,13,3,3,2011,3,1,3,38.596872202396355
2011-09-02,3,13,3,3,2011,3,2,4,42.22265415179727
2011-09-05,3,13,3,3,2011,3,5,0,36.091990613847955
2011-09-11,3,13,3,3,2011,3,11,6,31.493992960385967
2011-09-12,3,13,3,3,2011,3,12,0,28.045494720289476
2011-09-16,3,13,3,3,2011,3,16,4,29.88412104021711
2011-09-20,3,13,3,3,2011,3,20,1,23.888090780162834
2011-09-22,3,13,3,3,2011,3,22,3,26.76606808512213
2011-09-25,3,13,3,3,2011,3,25,6,28.924551063841598
2011-09-26,3,13,3,3,2011,3,26,0,30.5434132978812
2011-09-27,3,13,3,3,2011,3,27,1,27.332559973410902
2011-09-28,3,13,3,3,2011,3,28,2,34.51191998005818
2011-09-29,3,13,3,3,2011,3,29,3,37.68393998504364
2011-09-30,3,13,3,3,2011,3,30,4,29.000454988782728
2011-10-04,3,13,3,3,2011,4,4,1,26.175341241587045
2011-10-05,3,13,3,3,2011,4,5,2,21.106505931190284
2011-10-07,3,13,3,3,2011,4,7,4,29.104879448392715
2011-10-10,3,13,3,3,2011,4,10,0,24.041159586294533
2011-10-12,3,13,3,3,2011,4,12,2,48.630869689720896
2011-10-13,3,13,3,3,2011,4,13,3,46.798152267290675
2011-10-14,3,13,3,3,2011,4,14,4,47.63611420046801
2011-10-16,3,13,3,3,2011,4,16,6,40.15208565035101
2011-10-18,3,13,3,3,2011,4,18,1,38.96406423776326
2011-10-19,3,13,3,3,2011,4,19,2,59.82304817832244
2011-10-21,3,13,3,3,2011,4,21,4,55.19228613374183
2011-10-23,3,13,3,3,2011,4,23,6,43.60671460030637
2011-10-24,3,13,3,3,2011,4,24,0,37.13003595022978
2011-10-26,3,13,3,3,2011,4,26,2,41.12252696267234
2011-10-30,3,13,3,3,2011,4,30,6,35.26689522200425
2011-10-31,3,13,3,3,2011,4,31,0,31.61267141650319
2011-11-03,3,13,3,3,2011,4,3,3,25.92200356237739
2011-11-04,3,13,3,3,2011,4,4,4,21.65400267178304
2011-11-06,3,13,3,3,2011,4,6,6,17.71550200383728
2011-11-08,3,13,3,3,2011,4,8,1,17.711626502877962
2011-11-10,3,13,3,3,2011,4,10,3,53.10871987715848
2011-11-11,3,13,3,3,2011,4,11,4,57.53153990786886
2011-11-13,3,13,3,3,2011,4,13,6,44.623654930901644
2011-11-15,3,13,3,3,2011,4,15,1,42.317741198176236
2011-11-16,3,13,3,3,2011,4,16,2,41.32580589863218
2011-11-24,3,13,3,3,2011,4,24,3,53.119354423974144
2011-11-25,3,13,3,3,2011,4,25,4,74.86451581798062
2011-11-27,3,13,3,3,2011,4,27,6,56.88588686348546
2011-11-28,3,13,3,3,2011,4,28,0,47.08941514761409
2011-11-30,3,13,3,3,2011,4,30,2,39.742061360710565
2011-12-01,3,13,3,3,2011,4,1,3,36.44404602053292
2011-12-04,3,13,3,3,2011,4,4,6,31.758034515399693
2011-12-05,3,13,3,3,2011,4,5,0,31.19352588654977
2011-12-07,3,13,3,3,2011,4,7,2,418.64514441491235
2011-12-08,3,13,3,3,2011,4,8,3,318.40885831118425
2011-03-14,3,14,4,3,2011,1,14,0,4.017846791365864
2011-03-16,3,14,4,3,2011,1,16,2,5.388385093524398
2011-03-22,3,14,4,3,2011,1,22,1,4.5162888201432985
2011-03-23,3,14,4,3,2011,1,23,2,3.6247166151074737
2011-03-24,3,14,4,3,2011,1,24,3,3.1935374613306053
2011-03-28,3,14,4,3,2011,1,28,0,2.632653095997954
2011-03-30,3,14,4,3,2011,1,30,2,2.6869898219984654
2011-03-31,3,14,4,3,2011,1,31,3,2.490242366498849
2011-04-03,3,14,4,3,2011,2,3,6,2.1051817748741364
2011-04-04,3,14,4,3,2011,2,4,0,1.8163863311556023
2011-04-05,3,14,4,3,2011,2,5,1,1.5997897483667018
2011-04-06,3,14,4,3,2011,2,6,2,2.3873423112750265
2011-04-07,3,14,4,3,2011,2,7,3,3.45300673345627
2011-04-11,3,14,4,3,2011,2,11,0,2.8272550500922025
2011-04-13,3,14,4,3,2011,2,13,2,4.732941287569152
2011-04-17,3,14,4,3,2011,2,17,6,4.499705965676864
2011-04-19,3,14,4,3,2011,2,19,1,3.6122794742576483
2011-04-21,3,14,4,3,2011,2,21,3,2.9467096056932363
2011-05-03,3,14,4,3,2011,2,3,1,3.635032204269927
2011-05-05,3,14,4,3,2011,2,5,3,2.9637741532024453
2011-05-08,3,14,4,3,2011,2,8,6,6.972830614901834
2011-05-11,3,14,4,3,2011,2,11,2,5.467122961176376
2011-05-15,3,14,4,3,2011,2,15,6,5.5253422208822816
2011-05-19,3,14,4,3,2011,2,19,3,4.856506665661712
2011-05-20,3,14,4,3,2011,2,20,4,3.879879999246284
2011-05-22,3,14,4,3,2011,2,22,6,3.3849099994347127
2011-05-23,3,14,4,3,2011,2,23,0,3.7261824995760344
2011-05-26,3,14,4,3,2011,2,26,3,3.032136874682026
2011-05-29,3,14,4,3,2011,2,29,6,2.511602656011519
2011-06-01,3,14,4,3,2011,2,1,2,2.1212019920086393
2011-06-05,3,14,4,3,2011,2,5,6,2.540901494006479
2011-06-07,3,14,4,3,2011,2,7,1,2.1431761205048594
2011-06-10,3,14,4,3,2011,2,10,4,1.8448820903786445
2011-06-13,3,14,4,3,2011,2,13,0,1.8586615677839835
2011-06-14,3,14,4,3,2011,2,14,1,6.856496175837988
2011-06-16,3,14,4,3,2011,2,16,3,6.0923721318784905
2011-06-23,3,14,4,3,2011,2,23,3,5.044279098908867
2011-06-26,3,14,4,3,2011,2,26,6,5.2082093241816505
2011-07-01,3,14,4,3,2011,3,1,4,4.143656993136238
2011-07-03,3,14,4,3,2011,3,3,6,3.5827427448521787
2011-07-04,3,14,4,3,2011,3,4,0,3.637057058639134
2011-07-07,3,14,4,3,2011,3,7,3,3.9152927939793507
2011-07-10,3,14,4,3,2011,3,10,6,3.648969595484513
2011-07-11,3,14,4,3,2011,3,11,0,2.9742271966133846
2011-07-18,3,14,4,3,2011,3,18,0,2.9431703974600385
2011-07-19,3,14,4,3,2011,3,19,1,2.682377798095029
2011-07-22,3,14,4,3,2011,3,22,4,2.486783348571272
2011-08-03,3,14,4,3,2011,3,3,2,2.1025875114284536
2011-08-04,3,14,4,3,2011,3,4,3,3.0019406335713406
2011-08-05,3,14,4,3,2011,3,5,4,2.7264554751785055
2011-08-17,3,14,4,3,2011,3,17,2,3.232341606383879
2011-08-18,3,14,4,3,2011,3,18,3,2.661756204787909
2011-08-21,3,14,4,3,2011,3,21,6,2.4713171535909315
2011-08-26,3,14,4,3,2011,3,26,4,2.0909878651931986
2011-08-28,3,14,4,3,2011,3,28,6,2.5182408988948985
2011-08-30,3,14,4,3,2011,3,30,1,2.1261806741711737
2011-09-01,3,14,4,3,2011,3,1,3,3.01963550562838
2011-09-04,3,14,4,3,2011,3,4,6,2.9772266292212852
2011-09-08,3,14,4,3,2011,3,8,3,2.707919971915964
2011-09-11,3,14,4,3,2011,3,11,6,2.9809399789369735
2011-09-13,3,14,4,3,2011,3,13,1,2.47320498420273
2011-09-21,3,14,4,3,2011,3,21,2,2.8049037381520474
2011-09-22,3,14,4,3,2011,3,22,3,3.2911778036140356
2011-09-25,3,14,4,3,2011,3,25,6,2.943383352710527
2011-10-05,3,14,4,3,2011,4,5,2,2.6825375145328954
2011-10-09,3,14,4,3,2011,4,9,6,2.4869031358996714
2011-10-10,3,14,4,3,2011,4,10,0,4.240177351924753
2011-10-17,3,14,4,3,2011,4,17,0,8.167633013943565
2011-10-20,3,14,4,3,2011,4,20,3,6.838224760457674
2011-10-21,3,14,4,3,2011,4,21,4,5.841168570343255
2011-10-23,3,14,4,3,2011,4,23,6,5.330876427757441
2011-10-25,3,14,4,3,2011,4,25,1,4.23565732081808
2011-10-26,3,14,4,3,2011,4,26,2,3.65174299061356
2011-10-27,3,14,4,3,2011,4,27,3,2.97630724296017
2011-10-31,3,14,4,3,2011,4,31,0,2.4697304322201274
2011-11-02,3,14,4,3,2011,4,2,2,2.0897978241650956
2011-11-03,3,14,4,3,2011,4,3,3,2.7548483681238216
2011-11-04,3,14,4,3,2011,4,4,4,3.0161362760928663
2011-11-06,3,14,4,3,2011,4,6,6,4.87460220706965
2011-11-07,3,14,4,3,2011,4,7,0,3.893451655302237
2011-11-09,3,14,4,3,2011,4,9,2,3.157588741476678
2011-11-10,3,14,4,3,2011,4,10,3,2.8431915561075085
2011-11-11,3,14,4,3,2011,4,11,4,2.369893667080631
2011-11-13,3,14,4,3,2011,4,13,6,4.152420250310473
2011-11-14,3,14,4,3,2011,4,14,0,4.539315187732854
2011-11-16,3,14,4,3,2011,4,16,2,3.879486390799641
2011-11-17,3,14,4,3,2011,4,17,3,3.384614793099731
2011-11-18,3,14,4,3,2011,4,18,4,3.250961094824798
2011-11-20,3,14,4,3,2011,4,20,6,2.9132208211185984
2011-11-21,3,14,4,3,2011,4,21,0,2.4224156158389487
2011-11-22,3,14,4,3,2011,4,22,1,2.0543117118792114
2011-11-23,3,14,4,3,2011,4,23,2,2.0157337839094085
2011-11-24,3,14,4,3,2011,4,24,3,1.9868003379320562
2011-11-25,3,14,4,3,2011,4,25,4,1.7276002534490422
2011-11-27,3,14,4,3,2011,4,27,6,3.4332001900867812
2011-11-28,3,14,4,3,2011,4,28,0,3.287400142565086
2011-11-30,3,14,4,3,2011,4,30,2,2.9405501069238142
2011-12-01,3,14,4,3,2011,4,1,3,2.9179125801928607
2011-12-02,3,14,4,3,2011,4,2,4,2.6634344351446457
2011-12-04,3,14,4,3,2011,4,4,6,2.235075826358484
2011-12-05,3,14,4,3,2011,4,5,0,3.576306869768863
2011-12-06,3,14,4,3,2011,4,6,1,3.394730152326647
2011-05-04,3,15,0,3,2011,2,4,2,622.5
2011-05-05,3,15,0,3,2011,2,5,3,474.3
2011-05-06,3,15,0,3,2011,2,6,4,373.05
2011-05-09,3,15,0,3,2011,2,9,0,293.40000000000003
2011-05-10,3,15,0,3,2011,2,10,1,223.76250000000002
2011-05-11,3,15,0,3,2011,2,11,2,177.721875
2011-05-12,3,15,0,3,2011,2,12,3,167.94140625000003
2011-05-13,3,15,0,3,2011,2,13,4,149.46855468750002
2011-05-15,3,15,0,3,2011,2,15,6,115.81391601562501
2011-05-16,3,15,0,3,2011,2,16,0,94.28543701171876
2011-05-17,3,15,0,3,2011,2,17,1,122.58907775878907
2011-05-18,3,15,0,3,2011,2,18,2,93.1793083190918
2011-05-19,3,15,0,3,2011,2,19,3,121.75948123931886
2011-05-20,3,15,0,3,2011,2,20,4,161.75711092948916
2011-05-22,3,15,0,3,2011,2,22,6,126.26783319711687
2011-05-23,3,15,0,3,2011,2,23,0,105.83837489783765
2011-05-24,3,15,0,3,2011,2,24,1,91.75378117337824
2011-05-25,3,15,0,3,2011,2,25,2,76.24033588003368
2011-05-26,3,15,0,3,2011,2,26,3,68.31775191002527
2011-05-27,3,15,0,3,2011,2,27,4,58.663313932518946
2011-05-29,3,15,0,3,2011,2,29,6,45.23498544938921
2011-05-31,3,15,0,3,2011,2,31,1,85.80123908704192
2011-06-05,3,15,0,3,2011,2,5,6,71.77592931528143
2011-06-06,3,15,0,3,2011,2,6,0,72.39444698646108
2011-06-07,3,15,0,3,2011,2,7,1,61.72083523984581
2011-06-08,3,15,0,3,2011,2,8,2,90.84062642988437
2011-06-09,3,15,0,3,2011,2,9,3,70.60546982241327
2011-06-12,3,15,0,3,2011,2,12,6,57.90410236680995
2011-06-13,3,15,0,3,2011,2,13,0,44.66557677510746
2011-06-15,3,15,0,3,2011,2,15,2,37.21168258133059
2011-06-16,3,15,0,3,2011,2,16,3,31.621261935997943
2011-06-17,3,15,0,3,2011,2,17,4,38.56594645199846
2011-06-22,3,15,0,3,2011,2,22,2,37.586959838998844
2011-06-23,3,15,0,3,2011,2,23,3,39.32771987924914
2011-06-24,3,15,0,3,2011,2,24,4,36.92078990943685
2011-06-27,3,15,0,3,2011,2,27,0,38.82809243207764
2011-06-28,3,15,0,3,2011,2,28,1,52.63356932405823
2011-06-30,3,15,0,3,2011,2,30,3,49.375176993043674
2011-07-01,3,15,0,3,2011,3,1,4,38.26888274478275
2011-07-03,3,15,0,3,2011,3,3,6,48.50166205858706
2011-07-04,3,15,0,3,2011,3,4,0,62.3637465439403
2011-07-05,3,15,0,3,2011,3,5,1,102.36030990795524
2011-07-06,3,15,0,3,2011,3,6,2,111.42023243096642
2011-07-07,3,15,0,3,2011,3,7,3,156.47767432322485
2011-07-11,3,15,0,3,2011,3,11,0,122.30825574241864
2011-07-12,3,15,0,3,2011,3,12,1,100.39369180681399
2011-07-13,3,15,0,3,2011,3,13,2,82.72026885511049
2011-07-14,3,15,0,3,2011,3,14,3,70.70270164133288
2011-07-15,3,15,0,3,2011,3,15,4,60.452026230999664
2011-07-17,3,15,0,3,2011,3,17,6,49.05151967324975
2011-07-18,3,15,0,3,2011,3,18,0,40.50113975493731
2011-07-19,3,15,0,3,2011,3,19,1,55.12585481620299
2011-07-20,3,15,0,3,2011,3,20,2,200.68189111215224
2011-07-21,3,15,0,3,2011,3,21,3,157.9364183341142
2011-07-24,3,15,0,3,2011,3,24,6,124.63981375058565
2011-07-25,3,15,0,3,2011,3,25,0,94.71736031293923
2011-07-29,3,15,0,3,2011,3,29,4,82.17552023470442
2011-08-01,3,15,0,3,2011,3,1,0,65.34414017602832
2011-08-02,3,15,0,3,2011,3,2,1,56.43310513202124
2011-08-03,3,15,0,3,2011,3,3,2,60.88732884901593
2011-08-04,3,15,0,3,2011,3,4,3,69.17799663676195
2011-08-05,3,15,0,3,2011,3,5,4,66.73349747757146
2011-08-08,3,15,0,3,2011,3,8,0,83.4626231081786
2011-08-09,3,15,0,3,2011,3,9,1,115.70946733113396
2011-08-10,3,15,0,3,2011,3,10,2,97.91960049835048
2011-08-16,3,15,0,3,2011,3,16,1,82.10220037376286
2011-08-17,3,15,0,3,2011,3,17,2,62.81415028032214
2011-08-18,3,15,0,3,2011,3,18,3,69.3856127102416
2011-08-19,3,15,0,3,2011,3,19,4,70.6017095326812
2011-08-22,3,15,0,3,2011,3,22,0,67.80128214951091
2011-08-23,3,15,0,3,2011,3,23,1,69.41346161213318
2011-08-25,3,15,0,3,2011,3,25,3,53.29759620909988
2011-08-26,3,15,0,3,2011,3,26,4,43.68569715682491
2011-08-30,3,15,0,3,2011,3,30,1,58.75177286761868
2011-09-01,3,15,0,3,2011,3,1,3,50.25132965071401
2011-09-02,3,15,0,3,2011,3,2,4,52.53849723803551
2011-09-04,3,15,0,3,2011,3,4,6,48.06637292852663
2011-09-11,3,15,0,3,2011,3,11,6,39.76227969639498
2011-09-12,3,15,0,3,2011,3,12,0,36.00920977229623
2011-09-13,3,15,0,3,2011,3,13,1,34.43190732922217
2011-09-16,3,15,0,3,2011,3,16,4,54.28643049691663
2011-09-18,3,15,0,3,2011,3,18,6,45.66482287268747
2011-09-21,3,15,0,3,2011,3,21,2,37.961117154515605
2011-09-22,3,15,0,3,2011,3,22,3,45.79583786588671
2011-09-23,3,15,0,3,2011,3,23,4,41.77187839941503
2011-09-25,3,15,0,3,2011,3,25,6,43.703908799561276
2011-09-27,3,15,0,3,2011,3,27,1,40.20293159967096
2011-09-28,3,15,0,3,2011,3,28,2,33.86469869975322
2011-09-29,3,15,0,3,2011,3,29,3,27.873524024814916
2011-10-03,3,15,0,3,2011,4,3,0,36.99264301861119
2011-10-05,3,15,0,3,2011,4,5,2,82.0944822639584
2011-10-07,3,15,0,3,2011,4,7,4,68.99586169796879
2011-10-13,3,15,0,3,2011,4,13,3,77.73439627347659
2011-10-14,3,15,0,3,2011,4,14,4,62.01329720510744
2011-10-16,3,15,0,3,2011,4,16,6,61.35997290383058
2011-10-17,3,15,0,3,2011,4,17,0,58.39497967787294
2011-10-18,3,15,0,3,2011,4,18,1,59.88373475840471
2011-10-19,3,15,0,3,2011,4,19,2,46.15030106880353
2011-10-20,3,15,0,3,2011,4,20,3,56.887725801602656
2011-10-24,3,15,0,3,2011,4,24,0,50.09079435120199
2011-10-26,3,15,0,3,2011,4,26,2,40.043095763401496
2011-10-27,3,15,0,3,2011,4,27,3,37.45732182255112
2011-11-01,3,15,0,3,2011,4,1,1,31.805491366913344
2011-11-02,3,15,0,3,2011,4,2,2,25.09161852518501
2011-11-04,3,15,0,3,2011,4,4,4,21.293713893888757
2011-11-06,3,15,0,3,2011,4,6,6,25.870285420416568
2011-11-07,3,15,0,3,2011,4,7,0,21.87771406531243
2011-11-08,3,15,0,3,2011,4,8,1,20.120785548984323
2011-11-09,3,15,0,3,2011,4,9,2,18.803089161738242
2011-11-10,3,15,0,3,2011,4,10,3,41.32731687130368
2011-11-13,3,15,0,3,2011,4,13,6,32.23298765347776
2011-11-16,3,15,0,3,2011,4,16,2,30.36224074010832
2011-11-17,3,15,0,3,2011,4,17,3,24.00918055508124
2011-11-18,3,15,0,3,2011,4,18,4,21.719385416310928
2011-11-20,3,15,0,3,2011,4,20,6,18.764539062233197
2011-11-21,3,15,0,3,2011,4,21,0,332.7484042966749
2011-11-23,3,15,0,3,2011,4,23,2,301.4363032225062
2011-11-24,3,15,0,3,2011,4,24,3,227.31472741687963
2011-11-28,3,15,0,3,2011,4,28,0,177.91104556265975
2011-11-30,3,15,0,3,2011,4,30,2,177.98328417199482
2011-12-01,3,15,0,3,2011,4,1,3,137.19996312899613
2011-12-04,3,15,0,3,2011,4,4,6,112.7999723467471
2011-12-05,3,15,0,3,2011,4,5,0,106.87497926006033
2011-12-06,3,15,0,3,2011,4,6,1,83.86873444504525
2011-05-08,3,16,1,3,2011,2,8,6,33.0
2011-05-09,3,16,1,3,2011,2,9,0,37.125
2011-05-10,3,16,1,3,2011,2,10,1,68.21875
2011-05-11,3,16,1,3,2011,2,11,2,89.0640625
2011-05-13,3,16,1,3,2011,2,13,4,79.585546875
2011-05-15,3,16,1,3,2011,2,15,6,62.98916015625
2011-05-16,3,16,1,3,2011,2,16,0,55.4918701171875
2011-05-17,3,16,1,3,2011,2,17,1,79.51890258789064
2011-05-19,3,16,1,3,2011,2,19,3,68.71417694091798
2011-05-22,3,16,1,3,2011,2,22,6,59.785632705688485
2011-05-25,3,16,1,3,2011,2,25,2,49.37672452926636
2011-06-05,3,16,1,3,2011,2,5,6,41.98254339694977
2011-06-06,3,16,1,3,2011,2,6,0,32.31190754771233
2011-06-08,3,16,1,3,2011,2,8,2,44.03393066078425
2011-06-10,3,16,1,3,2011,2,10,4,45.40044799558819
2011-06-13,3,16,1,3,2011,2,13,0,46.42533599669114
2011-06-14,3,16,1,3,2011,2,14,1,48.43150199751835
2011-06-16,3,16,1,3,2011,2,16,3,44.573626498138765
2011-06-19,3,16,1,3,2011,2,19,6,41.680219873604074
2011-06-20,3,16,1,3,2011,2,20,0,39.510164905203055
2011-06-21,3,16,1,3,2011,2,21,1,38.29512367890229
2011-06-22,3,16,1,3,2011,2,22,2,32.84634275917672
2011-06-24,3,16,1,3,2011,2,24,4,28.75975706938254
2011-06-27,3,16,1,3,2011,2,27,0,21.982317802036906
2011-06-28,3,16,1,3,2011,2,28,1,20.61173835152768
2011-06-30,3,16,1,3,2011,2,30,3,23.70880376364576
2011-07-04,3,16,1,3,2011,3,4,0,23.96910282273432
2011-07-06,3,16,1,3,2011,3,6,2,22.92682711705074
2011-07-07,3,16,1,3,2011,3,7,3,29.570120337788055
2011-07-12,3,16,1,3,2011,3,12,1,26.30259025334104
2011-07-18,3,16,1,3,2011,3,18,0,23.85194269000578
2011-07-20,3,16,1,3,2011,3,20,2,60.73895701750433
2011-07-24,3,16,1,3,2011,3,24,6,47.20421776312825
2011-07-25,3,16,1,3,2011,3,25,0,71.65316332234619
2011-07-26,3,16,1,3,2011,3,26,1,66.11487249175964
2011-07-29,3,16,1,3,2011,3,29,4,57.836154368819734
2011-07-31,3,16,1,3,2011,3,31,6,47.9146157766148
2011-08-01,3,16,1,3,2011,3,1,0,44.1859618324611
2011-08-03,3,16,1,3,2011,3,3,2,37.67697137434583
2011-08-04,3,16,1,3,2011,3,4,3,36.920228530759374
2011-08-08,3,16,1,3,2011,3,8,0,44.19017139806953
2011-08-09,3,16,1,3,2011,3,9,1,37.267628548552146
2011-08-10,3,16,1,3,2011,3,10,2,32.48822141141411
2011-08-11,3,16,1,3,2011,3,11,3,32.61616605856058
2011-08-12,3,16,1,3,2011,3,12,4,34.36212454392044
2011-08-17,3,16,1,3,2011,3,17,2,30.30909340794033
2011-08-18,3,16,1,3,2011,3,18,3,26.856820055955247
2011-08-19,3,16,1,3,2011,3,19,4,24.267615041966437
2011-08-21,3,16,1,3,2011,3,21,6,33.87571128147483
2011-08-22,3,16,1,3,2011,3,22,0,42.319283461106124
2011-08-23,3,16,1,3,2011,3,23,1,60.61446259582959
2011-08-24,3,16,1,3,2011,3,24,2,50.82334694687219
2011-08-25,3,16,1,3,2011,3,25,3,42.242510210154144
2011-08-26,3,16,1,3,2011,3,26,4,35.80688265761561
2011-08-28,3,16,1,3,2011,3,28,6,29.74266199321171
2011-08-30,3,16,1,3,2011,3,30,1,30.55699649490878
2011-09-01,3,16,1,3,2011,3,1,3,25.805247371181583
2011-09-02,3,16,1,3,2011,3,2,4,35.85393552838619
2011-09-04,3,16,1,3,2011,3,4,6,33.49045164628964
2011-09-05,3,16,1,3,2011,3,5,0,29.242838734717232
2011-09-06,3,16,1,3,2011,3,6,1,22.344629051037927
2011-09-07,3,16,1,3,2011,3,7,2,65.38347178827844
2011-09-08,3,16,1,3,2011,3,8,3,50.68760384120883
2011-09-09,3,16,1,3,2011,3,9,4,39.25320288090662
2011-09-11,3,16,1,3,2011,3,11,6,33.564902160679964
2011-09-12,3,16,1,3,2011,3,12,0,33.42367662050997
2011-09-13,3,16,1,3,2011,3,13,1,27.54275746538248
2011-09-14,3,16,1,3,2011,3,14,2,33.03206809903686
2011-09-15,3,16,1,3,2011,3,15,3,73.39905107427765
2011-09-16,3,16,1,3,2011,3,16,4,64.12428830570823
2011-09-20,3,16,1,3,2011,3,20,1,53.04321622928118
2011-09-21,3,16,1,3,2011,3,21,2,43.907412171960885
2011-09-25,3,16,1,3,2011,3,25,6,41.180559128970664
2011-09-28,3,16,1,3,2011,3,28,2,43.260419346728
2011-09-29,3,16,1,3,2011,3,29,3,40.695314510046
2011-09-30,3,16,1,3,2011,3,30,4,38.771485882534506
2011-10-03,3,16,1,3,2011,4,3,0,41.45361441190088
2011-10-04,3,16,1,3,2011,4,4,1,33.15271080892566
2011-10-06,3,16,1,3,2011,4,6,3,25.689533106694245
2011-10-12,3,16,1,3,2011,4,12,2,19.679649830020686
2011-10-14,3,16,1,3,2011,4,14,4,18.884737372515517
2011-10-17,3,16,1,3,2011,4,17,0,18.288553029386637
2011-10-18,3,16,1,3,2011,4,18,1,28.15391477203998
2011-10-21,3,16,1,3,2011,4,21,4,25.240436079029983
2011-10-24,3,16,1,3,2011,4,24,0,36.25532705927249
2011-10-27,3,16,1,3,2011,4,27,3,31.316495294454366
2011-10-30,3,16,1,3,2011,4,30,6,33.387371470840776
2011-10-31,3,16,1,3,2011,4,31,0,33.29052860313058
2011-11-04,3,16,1,3,2011,4,4,4,27.030396452347937
2011-11-06,3,16,1,3,2011,4,6,6,57.76029733926096
2011-11-07,3,16,1,3,2011,4,7,0,48.270223004445725
2011-11-08,3,16,1,3,2011,4,8,1,40.3276672533343
2011-11-09,3,16,1,3,2011,4,9,2,78.87075044000072
2011-11-10,3,16,1,3,2011,4,10,3,84.72806283000054
2011-11-11,3,16,1,3,2011,4,11,4,65.1960471225004
2011-11-13,3,16,1,3,2011,4,13,6,53.847035341875305
2011-11-14,3,16,1,3,2011,4,14,0,48.63527650640648
2011-11-18,3,16,1,3,2011,4,18,4,37.30145737980486
2011-11-21,3,16,1,3,2011,4,21,0,36.22609303485365
2011-11-22,3,16,1,3,2011,4,22,1,27.994569776140235
2011-11-23,3,16,1,3,2011,4,23,2,25.120927332105175
2011-11-24,3,16,1,3,2011,4,24,3,28.328195499078884
2011-11-27,3,16,1,3,2011,4,27,6,22.07114662430916
2011-11-28,3,16,1,3,2011,4,28,0,20.67835996823187
2011-11-29,3,16,1,3,2011,4,29,1,17.1587699761739
2011-11-30,3,16,1,3,2011,4,30,2,29.369077482130425
2011-12-05,3,16,1,3,2011,4,5,0,34.401808111597816
2011-12-07,3,16,1,3,2011,4,7,2,27.863856083698362
2011-03-16,3,17,2,3,2011,1,16,2,12.503026043124661
2011-03-20,3,17,2,3,2011,1,20,6,18.452269532343493
2011-03-24,3,17,2,3,2011,1,24,3,18.78920214925762
2011-03-25,3,17,2,3,2011,1,25,4,58.591901611943214
2011-03-27,3,17,2,3,2011,1,27,6,46.00642620895741
2011-03-29,3,17,2,3,2011,1,29,1,38.629819656718055
2011-03-31,3,17,2,3,2011,1,31,3,35.57236474253854
2011-04-05,3,17,2,3,2011,2,5,1,32.45427355690391
2011-04-11,3,17,2,3,2011,2,11,0,26.403205167677932
2011-04-12,3,17,2,3,2011,2,12,1,23.92740387575845
2011-04-18,3,17,2,3,2011,2,18,0,24.13305290681884
2011-04-19,3,17,2,3,2011,2,19,1,22.224789680114128
2011-04-21,3,17,2,3,2011,2,21,3,22.443592260085595
2011-04-27,3,17,2,3,2011,2,27,2,20.957694195064196
2011-05-03,3,17,2,3,2011,2,3,1,16.13077064629815
2011-05-05,3,17,2,3,2011,2,5,3,16.223077984723613
2011-05-06,3,17,2,3,2011,2,6,4,16.29230848854271
2011-05-08,3,17,2,3,2011,2,8,6,16.34423136640703
2011-05-09,3,17,2,3,2011,2,9,0,24.633173524805272
2011-05-10,3,17,2,3,2011,2,10,1,19.299880143603954
2011-05-11,3,17,2,3,2011,2,11,2,15.712410107702965
2011-05-12,3,17,2,3,2011,2,12,3,20.034307580777224
2011-05-13,3,17,2,3,2011,2,13,4,15.850730685582917
2011-05-15,3,17,2,3,2011,2,15,6,12.713048014187187
2011-05-16,3,17,2,3,2011,2,16,0,12.00978601064039
2011-05-19,3,17,2,3,2011,2,19,3,9.832339507980292
2011-05-20,3,17,2,3,2011,2,20,4,11.499254630985218
2011-05-22,3,17,2,3,2011,2,22,6,13.986940973238912
2011-05-23,3,17,2,3,2011,2,23,0,14.615205729929183
2011-05-24,3,17,2,3,2011,2,24,1,11.373904297446886
2011-05-26,3,17,2,3,2011,2,26,3,13.480428223085166
2011-05-29,3,17,2,3,2011,2,29,6,11.347821167313874
2011-05-31,3,17,2,3,2011,2,31,1,9.748365875485405
2011-06-05,3,17,2,3,2011,2,5,6,11.848774406614053
2011-06-08,3,17,2,3,2011,2,8,2,19.61158080496054
2011-06-10,3,17,2,3,2011,2,10,4,27.083685603720404
2011-06-12,3,17,2,3,2011,2,12,6,21.550264202790306
2011-06-13,3,17,2,3,2011,2,13,0,20.28769815209273
2011-06-21,3,17,2,3,2011,2,21,1,19.340773614069548
2011-06-23,3,17,2,3,2011,2,23,3,16.15558021055216
2011-06-24,3,17,2,3,2011,2,24,4,16.24168515791412
2011-06-26,3,17,2,3,2011,2,26,6,13.006263868435589
2011-06-27,3,17,2,3,2011,2,27,0,16.35469790132669
2011-06-28,3,17,2,3,2011,2,28,1,16.39102342599502
2011-06-30,3,17,2,3,2011,2,30,3,12.705767569496265
2011-07-01,3,17,2,3,2011,3,1,4,13.654325677122198
2011-07-03,3,17,2,3,2011,3,3,6,11.065744257841647
2011-07-04,3,17,2,3,2011,3,4,0,13.249308193381236
2011-07-07,3,17,2,3,2011,3,7,3,18.186981145035926
2011-07-08,3,17,2,3,2011,3,8,4,34.26523585877695
2011-07-10,3,17,2,3,2011,3,10,6,26.11142689408271
2011-07-11,3,17,2,3,2011,3,11,0,20.821070170562034
2011-07-12,3,17,2,3,2011,3,12,1,19.740802627921525
2011-07-18,3,17,2,3,2011,3,18,0,18.105601970941144
2011-07-19,3,17,2,3,2011,3,19,1,25.95420147820586
2011-07-20,3,17,2,3,2011,3,20,2,56.12815110865439
2011-07-24,3,17,2,3,2011,3,24,6,55.2961133314908
2011-07-25,3,17,2,3,2011,3,25,0,47.6595849986181
2011-07-26,3,17,2,3,2011,3,26,1,39.869688748963576
2011-07-29,3,17,2,3,2011,3,29,4,30.314766561722685
2011-07-31,3,17,2,3,2011,3,31,6,30.986074921292015
2011-08-03,3,17,2,3,2011,3,3,2,31.48955619096901
2011-08-04,3,17,2,3,2011,3,4,3,59.86716714322676
2011-08-08,3,17,2,3,2011,3,8,0,61.40037535742007
2011-08-09,3,17,2,3,2011,3,9,1,46.46278151806505
2011-08-10,3,17,2,3,2011,3,10,2,47.22208613854879
2011-08-11,3,17,2,3,2011,3,11,3,43.666564603911596
2011-08-12,3,17,2,3,2011,3,12,4,45.1249234529337
2011-08-16,3,17,2,3,2011,3,16,1,48.281192589700275
2011-08-17,3,17,2,3,2011,3,17,2,37.4483944422752
2011-08-19,3,17,2,3,2011,3,19,4,32.2112958317064
2011-08-21,3,17,2,3,2011,3,21,6,25.395971873779803
2011-08-22,3,17,2,3,2011,3,22,0,27.296978905334853
2011-08-23,3,17,2,3,2011,3,23,1,32.84773417900114
2011-08-25,3,17,2,3,2011,3,25,3,25.873300634250853
2011-08-26,3,17,2,3,2011,3,26,4,23.52997547568814
2011-08-28,3,17,2,3,2011,3,28,6,18.472481606766106
2011-09-01,3,17,2,3,2011,3,1,3,17.97936120507458
2011-09-02,3,17,2,3,2011,3,2,4,17.609520903805933
2011-09-07,3,17,2,3,2011,3,7,2,21.45714067785445
2011-09-09,3,17,2,3,2011,3,9,4,17.330355508390838
2011-09-11,3,17,2,3,2011,3,11,6,17.535266631293126
2011-09-13,3,17,2,3,2011,3,13,1,20.163949973469844
2011-09-14,3,17,2,3,2011,3,14,2,23.372962480102384
2011-09-15,3,17,2,3,2011,3,15,3,25.779721860076787
2011-09-20,3,17,2,3,2011,3,20,1,27.58479139505759
2011-09-22,3,17,2,3,2011,3,22,3,26.051093546293192
2011-09-28,3,17,2,3,2011,3,28,2,31.913320159719895
2011-09-29,3,17,2,3,2011,3,29,3,36.30999011978992
2011-09-30,3,17,2,3,2011,3,30,4,39.607492589842444
2011-10-02,3,17,2,3,2011,4,2,6,33.83061944238183
2011-10-04,3,17,2,3,2011,4,4,1,26.197964581786373
2011-10-06,3,17,2,3,2011,4,6,3,23.773473436339778
2011-10-07,3,17,2,3,2011,4,7,4,19.480105077254834
2011-10-10,3,17,2,3,2011,4,10,0,15.847578807941126
2011-10-12,3,17,2,3,2011,4,12,2,12.710684105955844
2011-10-16,3,17,2,3,2011,4,16,6,10.770513079466884
2011-10-18,3,17,2,3,2011,4,18,1,12.202884809600164
2011-10-24,3,17,2,3,2011,4,24,0,9.977163607200122
2011-10-25,3,17,2,3,2011,4,25,1,23.98287270540009
2011-10-26,3,17,2,3,2011,4,26,2,23.349654529050067
2011-10-30,3,17,2,3,2011,4,30,6,18.33724089678755
2011-10-31,3,17,2,3,2011,4,31,0,14.165430672590661
2011-11-04,3,17,2,3,2011,4,4,4,11.861573004442995
2011-11-09,3,17,2,3,2011,4,9,2,13.021179753332246
2011-11-10,3,17,2,3,2011,4,10,3,10.590884814999184
2011-11-13,3,17,2,3,2011,4,13,6,13.718163611249388
2011-11-14,3,17,2,3,2011,4,14,0,14.82612270843704
2011-11-16,3,17,2,3,2011,4,16,2,11.94459203132778
2011-11-18,3,17,2,3,2011,4,18,4,9.783444023495834
2011-11-20,3,17,2,3,2011,4,20,6,8.162583017621875
2011-11-21,3,17,2,3,2011,4,21,0,18.496937263216406
2011-11-22,3,17,2,3,2011,4,22,1,17.997702947412304
2011-11-23,3,17,2,3,2011,4,23,2,13.910777210559226
2011-11-24,3,17,2,3,2011,4,24,3,24.04558290791942
2011-11-27,3,17,2,3,2011,4,27,6,18.859187180939564
2011-11-28,3,17,2,3,2011,4,28,0,18.269390385704675
2011-12-06,3,17,2,3,2011,4,6,1,14.527042789278505
2011-12-07,3,17,2,3,2011,4,7,2,12.95778209195888
2011-03-14,3,18,3,3,2011,1,14,0,12.503873427757183
2011-03-16,3,18,3,3,2011,1,16,2,9.790405070817886
2011-03-17,3,18,3,3,2011,1,17,3,11.467803803113416
2011-03-18,3,18,3,3,2011,1,18,4,9.013352852335062
2011-03-20,3,18,3,3,2011,1,20,6,8.410014639251298
2011-03-23,3,18,3,3,2011,1,23,2,7.132510979438473
2011-03-24,3,18,3,3,2011,1,24,3,6.174383234578856
2011-03-25,3,18,3,3,2011,1,25,4,8.755787425934141
2011-03-28,3,18,3,3,2011,1,28,0,8.216840569450605
2011-03-30,3,18,3,3,2011,1,30,2,6.987630427087955
2011-03-31,3,18,3,3,2011,1,31,3,5.653222820315966
2011-04-01,3,18,3,3,2011,2,1,4,5.889917115236974
2011-04-05,3,18,3,3,2011,2,5,1,8.54243783642773
2011-04-06,3,18,3,3,2011,2,6,2,6.819328377320797
2011-04-07,3,18,3,3,2011,2,7,3,5.939496282990598
2011-04-11,3,18,3,3,2011,2,11,0,4.867122212242949
2011-04-12,3,18,3,3,2011,2,12,1,7.775341659182212
2011-04-15,3,18,3,3,2011,2,15,4,7.48150624438666
2011-04-18,3,18,3,3,2011,2,18,0,9.736129683289995
2011-04-20,3,18,3,3,2011,2,20,2,12.664597262467495
2011-04-27,3,18,3,3,2011,2,27,2,14.44844794685062
2011-05-03,3,18,3,3,2011,2,3,1,11.661335960137965
2011-05-06,3,18,3,3,2011,2,6,4,12.871001970103475
2011-05-08,3,18,3,3,2011,2,8,6,13.778251477577605
2011-05-09,3,18,3,3,2011,2,9,0,22.708688608183202
2011-05-12,3,18,3,3,2011,2,12,3,21.156516456137403
2011-05-13,3,18,3,3,2011,2,13,4,16.279887342103052
2011-05-15,3,18,3,3,2011,2,15,6,16.33491550657729
2011-05-16,3,18,3,3,2011,2,16,0,13.901186629932967
2011-05-19,3,18,3,3,2011,2,19,3,10.838389972449725
2011-05-20,3,18,3,3,2011,2,20,4,10.191292479337294
2011-05-22,3,18,3,3,2011,2,22,6,8.88096935950297
2011-05-25,3,18,3,3,2011,2,25,2,10.785727019627227
2011-05-29,3,18,3,3,2011,2,29,6,8.914295264720419
2011-06-05,3,18,3,3,2011,2,5,6,8.748221448540313
2011-06-08,3,18,3,3,2011,2,8,2,10.686166086405235
2011-06-10,3,18,3,3,2011,2,10,4,16.677124564803925
2011-06-15,3,18,3,3,2011,2,15,2,12.920343423602944
2011-06-21,3,18,3,3,2011,2,21,1,22.065257567702208
2011-06-26,3,18,3,3,2011,2,26,6,17.786443175776657
2011-06-28,3,18,3,3,2011,2,28,1,17.464832381832494
2011-07-05,3,18,3,3,2011,3,5,1,49.348624286374374
2011-07-07,3,18,3,3,2011,3,7,3,41.13646821478078
2011-07-11,3,18,3,3,2011,3,11,0,32.08985116108558
2011-07-12,3,18,3,3,2011,3,12,1,32.317388370814186
2011-07-14,3,18,3,3,2011,3,14,3,24.65054127811064
2011-07-18,3,18,3,3,2011,3,18,0,20.55040595858298
2011-07-19,3,18,3,3,2011,3,19,1,19.537804468937235
2011-07-20,3,18,3,3,2011,3,20,2,19.603353351702925
2011-07-24,3,18,3,3,2011,3,24,6,23.365015013777196
2011-07-25,3,18,3,3,2011,3,25,0,23.711261260332897
2011-07-26,3,18,3,3,2011,3,26,1,21.908445945249674
2011-07-29,3,18,3,3,2011,3,29,4,20.556334458937258
2011-07-31,3,18,3,3,2011,3,31,6,19.542250844202943
2011-08-01,3,18,3,3,2011,3,1,0,18.78168813315221
2011-08-03,3,18,3,3,2011,3,3,2,19.036266099864157
2011-08-04,3,18,3,3,2011,3,4,3,51.35219957489812
2011-08-08,3,18,3,3,2011,3,8,0,38.92664968117359
2011-08-10,3,18,3,3,2011,3,10,2,29.607487260880198
2011-08-11,3,18,3,3,2011,3,11,3,26.33061544566015
2011-08-12,3,18,3,3,2011,3,12,4,23.87296158424511
2011-08-16,3,18,3,3,2011,3,16,1,27.804721188183834
2011-08-17,3,18,3,3,2011,3,17,2,22.503540891137874
2011-08-21,3,18,3,3,2011,3,21,6,21.827655668353405
2011-08-22,3,18,3,3,2011,3,22,0,24.620741751265054
2011-08-25,3,18,3,3,2011,3,25,3,19.29055631344879
2011-08-28,3,18,3,3,2011,3,28,6,15.292917235086591
2011-09-01,3,18,3,3,2011,3,1,3,12.294687926314943
2011-09-02,3,18,3,3,2011,3,2,4,17.47101594473621
2011-09-06,3,18,3,3,2011,3,6,1,17.228261958552157
2011-09-07,3,18,3,3,2011,3,7,2,21.17119646891412
2011-09-09,3,18,3,3,2011,3,9,4,16.29089735168559
2011-09-11,3,18,3,3,2011,3,11,6,16.343173013764194
2011-09-13,3,18,3,3,2011,3,13,1,13.082379760323144
2011-09-14,3,18,3,3,2011,3,14,2,18.06178482024236
2011-09-15,3,18,3,3,2011,3,15,3,17.671338615181767
2011-09-16,3,18,3,3,2011,3,16,4,22.741003961386326
2011-09-20,3,18,3,3,2011,3,20,1,21.180752971039745
2011-09-21,3,18,3,3,2011,3,21,2,20.01056472827981
2011-09-22,3,18,3,3,2011,3,22,3,19.13292354620986
2011-09-25,3,18,3,3,2011,3,25,6,18.474692659657393
2011-09-28,3,18,3,3,2011,3,28,2,20.043519494743045
2011-09-29,3,18,3,3,2011,3,29,3,19.157639621057285
2011-09-30,3,18,3,3,2011,3,30,4,18.493229715792964
2011-10-02,3,18,3,3,2011,4,2,6,17.994922286844723
2011-10-03,3,18,3,3,2011,4,3,0,25.87119171513354
2011-10-05,3,18,3,3,2011,4,5,2,20.228393786350157
2011-10-06,3,18,3,3,2011,4,6,3,15.996295339762618
2011-10-07,3,18,3,3,2011,4,7,4,13.234721504821962
2011-10-16,3,18,3,3,2011,4,16,6,11.163541128616473
2011-10-17,3,18,3,3,2011,4,17,0,8.785155846462354
2011-10-20,3,18,3,3,2011,4,20,3,10.713866884846766
2011-10-21,3,18,3,3,2011,4,21,4,9.272900163635075
2011-10-25,3,18,3,3,2011,4,25,1,11.079675122726307
2011-10-26,3,18,3,3,2011,4,26,2,10.78475634204473
2011-10-27,3,18,3,3,2011,4,27,3,12.213567256533548
2011-10-30,3,18,3,3,2011,4,30,6,13.28517544240016
2011-10-31,3,18,3,3,2011,4,31,0,16.15138158180012
2011-11-02,3,18,3,3,2011,4,2,2,12.526036186350089
2011-11-04,3,18,3,3,2011,4,4,4,12.282027139762565
2011-11-06,3,18,3,3,2011,4,6,6,17.461520354821925
2011-11-08,3,18,3,3,2011,4,8,1,17.221140266116443
2011-11-09,3,18,3,3,2011,4,9,2,25.290855199587334
2011-11-10,3,18,3,3,2011,4,10,3,19.380641399690504
2011-11-13,3,18,3,3,2011,4,13,6,15.360481049767877
2011-11-14,3,18,3,3,2011,4,14,0,20.182860787325907
2011-11-16,3,18,3,3,2011,4,16,2,19.67464559049443
2011-11-17,3,18,3,3,2011,4,17,3,16.40598419287082
2011-11-18,3,18,3,3,2011,4,18,4,13.129488144653116
2011-11-20,3,18,3,3,2011,4,20,6,14.797116108489837
2011-11-21,3,18,3,3,2011,4,21,0,15.222837081367377
2011-11-22,3,18,3,3,2011,4,22,1,16.367127811025533
2011-11-24,3,18,3,3,2011,4,24,3,20.525345858269148
2011-11-27,3,18,3,3,2011,4,27,6,15.80650939370186
2011-11-29,3,18,3,3,2011,4,29,1,12.679882045276395
2011-12-01,3,18,3,3,2011,4,1,3,11.159911533957297
2011-12-04,3,18,3,3,2011,4,4,6,9.607433650467971
2011-12-07,3,18,3,3,2011,4,7,2,9.26807523785098
2011-12-08,3,18,3,3,2011,4,8,3,9.013556428388235
2011-03-14,3,19,4,3,2011,1,14,0,14.228645481389094
2011-03-15,3,19,4,3,2011,1,15,1,13.971484111041821
2011-03-16,3,19,4,3,2011,1,16,2,23.07861308328137
2011-03-18,3,19,4,3,2011,1,18,4,17.583959812461025
2011-03-20,3,19,4,3,2011,1,20,6,20.33796985934577
2011-03-24,3,19,4,3,2011,1,24,3,15.803477394509327
2011-03-27,3,19,4,3,2011,1,27,6,12.265108045881995
2011-03-29,3,19,4,3,2011,1,29,1,25.698831034411498
2011-03-30,3,19,4,3,2011,1,30,2,19.961623275808623
2011-04-01,3,19,4,3,2011,2,1,4,15.796217456856468
2011-04-05,3,19,4,3,2011,2,5,1,18.72216309264235
2011-04-06,3,19,4,3,2011,2,6,2,20.641622319481765
2011-04-07,3,19,4,3,2011,2,7,3,15.618716739611322
2011-04-11,3,19,4,3,2011,2,11,0,15.564037554708491
2011-04-12,3,19,4,3,2011,2,12,1,14.97302816603137
2011-04-13,3,19,4,3,2011,2,13,2,14.529771124523528
2011-04-14,3,19,4,3,2011,2,14,3,20.797328343392646
2011-04-19,3,19,4,3,2011,2,19,1,18.897996257544484
2011-04-20,3,19,4,3,2011,2,20,2,20.773497193158363
2011-04-26,3,19,4,3,2011,2,26,1,15.717622894868772
2011-04-27,3,19,4,3,2011,2,27,2,12.33821717115158
2011-04-28,3,19,4,3,2011,2,28,3,12.553662878363685
2011-05-05,3,19,4,3,2011,2,5,3,16.015247158772766
2011-05-06,3,19,4,3,2011,2,6,4,18.748935369079575
2011-05-09,3,19,4,3,2011,2,9,0,17.361701526809682
2011-05-12,3,19,4,3,2011,2,12,3,16.321276145107262
2011-05-13,3,19,4,3,2011,2,13,4,12.653457108830446
2011-05-15,3,19,4,3,2011,2,15,6,9.627592831622835
2011-05-16,3,19,4,3,2011,2,16,0,13.820694623717127
2011-05-19,3,19,4,3,2011,2,19,3,13.665520967787845
2011-05-20,3,19,4,3,2011,2,20,4,14.099140725840886
2011-05-23,3,19,4,3,2011,2,23,0,10.711855544380665
2011-05-24,3,19,4,3,2011,2,24,1,11.333891658285498
2011-05-27,3,19,4,3,2011,2,27,4,11.800418743714125
2011-05-29,3,19,4,3,2011,2,29,6,10.500314057785594
2011-05-31,3,19,4,3,2011,2,31,1,8.012735543339195
2011-06-07,3,19,4,3,2011,2,7,1,9.309551657504397
2011-06-08,3,19,4,3,2011,2,8,2,10.282163743128297
2011-06-10,3,19,4,3,2011,2,10,4,11.011622807346223
2011-06-13,3,19,4,3,2011,2,13,0,8.396217105509667
2011-06-14,3,19,4,3,2011,2,14,1,9.59716282913225
2011-06-15,3,19,4,3,2011,2,15,2,19.935372121849184
2011-06-16,3,19,4,3,2011,2,16,3,18.25152909138689
2011-06-26,3,19,4,3,2011,2,26,6,13.963646818540168
2011-06-27,3,19,4,3,2011,2,27,0,15.422735113905127
2011-07-04,3,19,4,3,2011,3,4,0,14.867051335428846
2011-07-10,3,19,4,3,2011,3,10,6,11.975288501571633
2011-07-11,3,19,4,3,2011,3,11,0,12.418966376178725
2011-07-12,3,19,4,3,2011,3,12,1,12.889224782134043
2011-07-14,3,19,4,3,2011,3,14,3,9.804418586600532
2011-07-19,3,19,4,3,2011,3,19,1,7.490813939950399
2011-07-20,3,19,4,3,2011,3,20,2,10.2931104549628
2011-07-24,3,19,4,3,2011,3,24,6,11.569832841222102
2011-07-25,3,19,4,3,2011,3,25,0,21.552374630916574
2011-08-01,3,19,4,3,2011,3,1,0,19.46428097318743
2011-08-04,3,19,4,3,2011,3,4,3,17.898210729890575
2011-08-09,3,19,4,3,2011,3,9,1,16.72365804741793
2011-08-11,3,19,4,3,2011,3,11,3,15.84274353556345
2011-08-15,3,19,4,3,2011,3,15,0,15.182057651672588
2011-08-17,3,19,4,3,2011,3,17,2,14.686543238754442
2011-08-18,3,19,4,3,2011,3,18,3,17.614907429065834
2011-08-19,3,19,4,3,2011,3,19,4,16.511180571799375
2011-08-21,3,19,4,3,2011,3,21,6,12.933385428849533
2011-08-22,3,19,4,3,2011,3,22,0,16.30003907163715
2011-08-23,3,19,4,3,2011,3,23,1,15.525029303727864
2011-08-24,3,19,4,3,2011,3,24,2,14.9437719777959
2011-08-28,3,19,4,3,2011,3,28,6,11.757828983346926
2011-09-01,3,19,4,3,2011,3,1,3,12.118371737510195
2011-09-02,3,19,4,3,2011,3,2,4,15.688778803132646
2011-09-11,3,19,4,3,2011,3,11,6,15.066584102349484
2011-09-15,3,19,4,3,2011,3,15,3,11.712438076762114
2011-09-16,3,19,4,3,2011,3,16,4,12.084328557571586
2011-09-20,3,19,4,3,2011,3,20,1,12.638246418178689
2011-09-21,3,19,4,3,2011,3,21,2,25.378684813634017
2011-09-22,3,19,4,3,2011,3,22,3,22.884013610225516
2011-09-23,3,19,4,3,2011,3,23,4,20.46301020766914
2011-10-02,3,19,4,3,2011,4,2,6,15.484757655751853
2011-10-03,3,19,4,3,2011,4,3,0,14.913568241813891
2011-10-04,3,19,4,3,2011,4,4,1,11.322676181360418
2011-10-07,3,19,4,3,2011,4,7,4,11.929507136020312
2011-10-10,3,19,4,3,2011,4,10,0,9.497130352015235
2011-10-12,3,19,4,3,2011,4,12,2,7.260347764011427
2011-10-20,3,19,4,3,2011,4,20,3,8.74526082300857
2011-10-27,3,19,4,3,2011,4,27,3,7.383945617256427
2011-10-30,3,19,4,3,2011,4,30,6,9.38795921294232
2011-11-01,3,19,4,3,2011,4,1,1,7.17846940970674
2011-11-02,3,19,4,3,2011,4,2,2,8.683852057280056
2011-11-07,3,19,4,3,2011,4,7,0,9.812889042960043
2011-11-08,3,19,4,3,2011,4,8,1,10.659666782220032
2011-11-10,3,19,4,3,2011,4,10,3,11.294750086665024
2011-11-11,3,19,4,3,2011,4,11,4,9.158562564998768
2011-11-14,3,19,4,3,2011,4,14,0,7.006421923749076
2011-11-16,3,19,4,3,2011,4,16,2,6.079816442811807
2011-11-17,3,19,4,3,2011,4,17,3,5.384862332108855
2011-11-23,3,19,4,3,2011,4,23,2,7.338646749081642
2011-11-24,3,19,4,3,2011,4,24,3,5.641485061811232
2011-11-25,3,19,4,3,2011,4,25,4,5.606113796358424
2011-11-29,3,19,4,3,2011,4,29,1,4.617085347268818
2011-11-30,3,19,4,3,2011,4,30,2,3.6003140104516134
2011-12-06,3,19,4,3,2011,4,6,1,2.83773550783871
2011-12-07,3,19,4,3,2011,4,7,2,8.865801630879034
2011-03-16,4,0,0,4,2011,1,16,2,54.670138923800394
2011-03-17,4,0,0,4,2011,1,17,3,42.4776041928503
2011-03-20,4,0,0,4,2011,1,20,6,39.23320314463773
2011-03-22,4,0,0,4,2011,1,22,1,33.849902358478296
2011-03-23,4,0,0,4,2011,1,23,2,34.237426768858725
2011-03-24,4,0,0,4,2011,1,24,3,43.37807007664405
2011-03-25,4,0,0,4,2011,1,25,4,33.27105255748303
2011-03-27,4,0,0,4,2011,1,27,6,33.80328941811227
2011-03-29,4,0,0,4,2011,1,29,1,29.777467063584204
2011-03-30,4,0,0,4,2011,1,30,2,32.65810029768815
2011-04-01,4,0,0,4,2011,2,1,4,37.76857522326611
2011-04-04,4,0,0,4,2011,2,4,0,29.801431417449585
2011-04-06,4,0,0,4,2011,2,6,2,26.77607356308719
2011-04-08,4,0,0,4,2011,2,8,4,24.507055172315393
2011-04-10,4,0,0,4,2011,2,10,6,27.230291379236547
2011-04-11,4,0,0,4,2011,2,11,0,24.84771853442741
2011-04-12,4,0,0,4,2011,2,12,1,33.38578890082056
2011-04-13,4,0,0,4,2011,2,13,2,29.46434167561542
2011-04-14,4,0,0,4,2011,2,14,3,38.323256256711566
2011-04-17,4,0,0,4,2011,2,17,6,34.64244219253367
2011-04-18,4,0,0,4,2011,2,18,0,27.456831644400253
2011-04-21,4,0,0,4,2011,2,21,3,25.01762373330019
2011-04-27,4,0,0,4,2011,2,27,2,29.088217799975148
2011-04-28,4,0,0,4,2011,2,28,3,51.06616334998136
2011-05-03,4,0,0,4,2011,2,3,1,58.699622512486016
2011-05-04,4,0,0,4,2011,2,4,2,57.299716884364514
2011-05-05,4,0,0,4,2011,2,5,3,98.52478766327339
2011-05-06,4,0,0,4,2011,2,6,4,94.29359074745503
2011-05-09,4,0,0,4,2011,2,9,0,91.12019306059128
2011-05-10,4,0,0,4,2011,2,10,1,78.66514479544345
2011-05-12,4,0,0,4,2011,2,12,3,83.8238585965826
2011-05-13,4,0,0,4,2011,2,13,4,69.50539394743694
2011-05-15,4,0,0,4,2011,2,15,6,75.72904546057771
2011-05-17,4,0,0,4,2011,2,17,1,90.47178409543328
2011-05-19,4,0,0,4,2011,2,19,3,76.70383807157495
2011-05-20,4,0,0,4,2011,2,20,4,59.74037855368121
2011-05-22,4,0,0,4,2011,2,22,6,89.29278391526091
2011-05-23,4,0,0,4,2011,2,23,0,71.39458793644569
2011-05-26,4,0,0,4,2011,2,26,3,64.60844095233426
2011-05-29,4,0,0,4,2011,2,29,6,49.9313307142507
2011-06-01,4,0,0,4,2011,2,1,2,46.29849803568803
2011-06-03,4,0,0,4,2011,2,3,4,43.57387352676602
2011-06-06,4,0,0,4,2011,2,6,0,41.53040514507452
2011-06-07,4,0,0,4,2011,2,7,1,34.83530385880589
2011-06-09,4,0,0,4,2011,2,9,3,27.601477894104416
2011-06-12,4,0,0,4,2011,2,12,6,28.813608420578312
2011-06-19,4,0,0,4,2011,2,19,6,30.460206315433737
2011-06-22,4,0,0,4,2011,2,22,2,27.270154736575304
2011-06-23,4,0,0,4,2011,2,23,3,24.877616052431478
2011-06-24,4,0,0,4,2011,2,24,4,33.40821203932361
2011-06-29,4,0,0,4,2011,2,29,2,28.006159029492704
2011-06-30,4,0,0,4,2011,2,30,3,29.85461927211953
2011-07-01,4,0,0,4,2011,3,1,4,35.66596445408965
2011-07-03,4,0,0,4,2011,3,3,6,28.961973340567233
2011-07-08,4,0,0,4,2011,3,8,4,30.57148000542543
2011-07-11,4,0,0,4,2011,3,11,0,63.72861000406907
2011-07-12,4,0,0,4,2011,3,12,1,108.9964575030518
2011-07-13,4,0,0,4,2011,3,13,2,99.44734312728885
2011-07-14,4,0,0,4,2011,3,14,3,86.38550734546664
2011-07-19,4,0,0,4,2011,3,19,1,78.06413050909998
2011-07-20,4,0,0,4,2011,3,20,2,71.82309788182499
2011-07-21,4,0,0,4,2011,3,21,3,69.16732341136874
2011-07-22,4,0,0,4,2011,3,22,4,58.51299255852656
2011-07-24,4,0,0,4,2011,3,24,6,87.63474441889493
2011-07-25,4,0,0,4,2011,3,25,0,69.4135583141712
2011-07-31,4,0,0,4,2011,3,31,6,53.535168735628396
2011-08-01,4,0,0,4,2011,3,1,0,49.0013765517213
2011-08-03,4,0,0,4,2011,3,3,2,40.43853241379097
2011-08-07,4,0,0,4,2011,3,7,6,33.278899310343235
2011-08-08,4,0,0,4,2011,3,8,0,28.646674482757426
2011-08-09,4,0,0,4,2011,3,9,1,30.335005862068073
2011-08-11,4,0,0,4,2011,3,11,3,31.601254396551056
2011-08-12,4,0,0,4,2011,3,12,4,28.125940797413293
2011-08-14,4,0,0,4,2011,3,14,6,45.91945559805997
2011-08-15,4,0,0,4,2011,3,15,0,59.264591698544976
2011-08-16,4,0,0,4,2011,3,16,1,73.69844377390874
2011-08-17,4,0,0,4,2011,3,17,2,62.64883283043155
2011-08-21,4,0,0,4,2011,3,21,6,51.411624622823666
2011-08-24,4,0,0,4,2011,3,24,2,47.40871846711775
2011-08-25,4,0,0,4,2011,3,25,3,44.406538850338315
2011-08-28,4,0,0,4,2011,3,28,6,46.57990413775374
2011-09-01,4,0,0,4,2011,3,1,3,75.05992810331531
2011-09-06,4,0,0,4,2011,3,6,1,87.01994607748648
2011-09-09,4,0,0,4,2011,3,9,4,66.00245955811486
2011-09-11,4,0,0,4,2011,3,11,6,53.92684466858614
2011-09-12,4,0,0,4,2011,3,12,0,53.720133501439605
2011-09-13,4,0,0,4,2011,3,13,1,65.11510012607971
2011-09-14,4,0,0,4,2011,3,14,2,53.26132509455978
2011-09-16,4,0,0,4,2011,3,16,4,44.370993820919836
2011-09-20,4,0,0,4,2011,3,20,1,42.12824536568988
2011-09-21,4,0,0,4,2011,3,21,2,36.02118402426741
2011-09-22,4,0,0,4,2011,3,22,3,28.49088801820056
2011-09-23,4,0,0,4,2011,3,23,4,29.48066601365042
2011-09-25,4,0,0,4,2011,3,25,6,32.43549951023782
2011-09-26,4,0,0,4,2011,3,26,0,44.726624632678366
2011-09-29,4,0,0,4,2011,3,29,3,35.01996847450878
2011-10-02,4,0,0,4,2011,4,2,6,36.58997635588159
2011-10-04,4,0,0,4,2011,4,4,1,29.65498226691119
2011-10-05,4,0,0,4,2011,4,5,2,35.5162367001834
2011-10-06,4,0,0,4,2011,4,6,3,35.487177525137554
2011-10-10,4,0,0,4,2011,4,10,0,35.46538314385317
2011-10-11,4,0,0,4,2011,4,11,1,53.14903735788988
2011-10-16,4,0,0,4,2011,4,16,6,48.71177801841741
2011-10-17,4,0,0,4,2011,4,17,0,45.38383351381306
2011-10-18,4,0,0,4,2011,4,18,1,38.462875135359795
2011-10-19,4,0,0,4,2011,4,19,2,30.322156351519848
2011-10-23,4,0,0,4,2011,4,23,6,30.116617263639885
2011-10-27,4,0,0,4,2011,4,27,3,27.012462947729915
2011-10-30,4,0,0,4,2011,4,30,6,22.471847210797435
2011-10-31,4,0,0,4,2011,4,31,0,24.228885408098076
2011-11-01,4,0,0,4,2011,4,1,1,32.92166405607356
2011-11-02,4,0,0,4,2011,4,2,2,31.328748042055174
2011-11-04,4,0,0,4,2011,4,4,4,34.55906103154138
2011-11-06,4,0,0,4,2011,4,6,6,42.14429577365604
2011-11-08,4,0,0,4,2011,4,8,1,34.55822183024203
2011-11-09,4,0,0,4,2011,4,9,2,46.31866637268152
2011-11-10,4,0,0,4,2011,4,10,3,37.68899977951114
2011-11-11,4,0,0,4,2011,4,11,4,37.11674983463336
2011-11-14,4,0,0,4,2011,4,14,0,28.57506237597502
2011-11-16,4,0,0,4,2011,4,16,2,34.706296781981266
2011-11-17,4,0,0,4,2011,4,17,3,39.30472258648595
2011-11-18,4,0,0,4,2011,4,18,4,70.27854193986445
2011-11-20,4,0,0,4,2011,4,20,6,63.03390645489834
2011-11-21,4,0,0,4,2011,4,21,0,51.70042984117376
2011-11-23,4,0,0,4,2011,4,23,2,79.57532238088032
2011-11-24,4,0,0,4,2011,4,24,3,71.48149178566024
2011-11-27,4,0,0,4,2011,4,27,6,56.56111883924518
2011-11-28,4,0,0,4,2011,4,28,0,83.22083912943388
2011-11-29,4,0,0,4,2011,4,29,1,85.7656293470754
2011-11-30,4,0,0,4,2011,4,30,2,113.97422201030656
2011-12-01,4,0,0,4,2011,4,1,3,89.90566650772992
2011-12-05,4,0,0,4,2011,4,5,0,90.77924988079744
2011-12-07,4,0,0,4,2011,4,7,2,81.35943741059808
2011-12-08,4,0,0,4,2011,4,8,3,68.39457805794856
2011-03-15,4,1,1,4,2011,1,15,1,27.606481549086528
2011-03-17,4,1,1,4,2011,1,17,3,33.0798611618149
2011-03-21,4,1,1,4,2011,1,21,0,29.68489587136117
2011-03-25,4,1,1,4,2011,1,25,4,27.13867190352088
2011-03-29,4,1,1,4,2011,1,29,1,45.10400392764066
2011-03-30,4,1,1,4,2011,1,30,2,75.0780029457305
2011-03-31,4,1,1,4,2011,1,31,3,67.42350220929788
2011-04-04,4,1,1,4,2011,2,4,0,55.76762665697341
2011-04-07,4,1,1,4,2011,2,7,3,44.42571999273006
2011-04-10,4,1,1,4,2011,2,10,6,43.719289994547545
2011-04-13,4,1,1,4,2011,2,13,2,37.98946749591066
2011-04-14,4,1,1,4,2011,2,14,3,39.932100621932996
2011-04-15,4,1,1,4,2011,2,15,4,35.14907546644975
2011-04-18,4,1,1,4,2011,2,18,0,28.441806599837314
2011-04-19,4,1,1,4,2011,2,19,1,26.531354949877983
2011-04-20,4,1,1,4,2011,2,20,2,30.298516212408487
2011-04-21,4,1,1,4,2011,2,21,3,27.923887159306364
2011-04-28,4,1,1,4,2011,2,28,3,26.142915369479773
2011-05-01,4,1,1,4,2011,2,1,6,45.60718652710983
2011-05-03,4,1,1,4,2011,2,3,1,39.40538989533238
2011-05-04,4,1,1,4,2011,2,4,2,36.31404242149928
2011-05-06,4,1,1,4,2011,2,6,4,37.63553181612446
2011-05-08,4,1,1,4,2011,2,8,6,30.82664886209335
2011-05-10,4,1,1,4,2011,2,10,1,28.319986646570012
2011-05-11,4,1,1,4,2011,2,11,2,71.18998998492751
2011-05-12,4,1,1,4,2011,2,12,3,63.79249248869563
2011-05-13,4,1,1,4,2011,2,13,4,63.44436936652172
2011-05-15,4,1,1,4,2011,2,15,6,49.14327702489129
2011-05-16,4,1,1,4,2011,2,16,0,42.05745776866847
2011-05-17,4,1,1,4,2011,2,17,1,36.74309332650135
2011-05-19,4,1,1,4,2011,2,19,3,38.997319994876015
2011-05-22,4,1,1,4,2011,2,22,6,34.44798999615701
2011-05-25,4,1,1,4,2011,2,25,2,31.555992497117757
2011-06-01,4,1,1,4,2011,2,1,2,26.78699437283832
2011-06-05,4,1,1,4,2011,2,5,6,25.290245779628737
2011-06-09,4,1,1,4,2011,2,9,3,29.367684334721552
2011-06-12,4,1,1,4,2011,2,12,6,23.06576325104116
2011-06-14,4,1,1,4,2011,2,14,1,27.699322438280873
2011-06-15,4,1,1,4,2011,2,15,2,25.974491828710654
2011-06-17,4,1,1,4,2011,2,17,4,64.23086887153299
2011-06-19,4,1,1,4,2011,2,19,6,49.73315165364974
2011-06-20,4,1,1,4,2011,2,20,0,42.49986374023731
2011-06-21,4,1,1,4,2011,2,21,1,42.27489780517798
2011-06-27,4,1,1,4,2011,2,27,0,36.90617335388349
2011-06-29,4,1,1,4,2011,2,29,2,43.27963001541262
2011-07-01,4,1,1,4,2011,3,1,4,37.659722511559465
2011-07-06,4,1,1,4,2011,3,6,2,30.8447918836696
2011-07-07,4,1,1,4,2011,3,7,3,28.3335939127522
2011-07-08,4,1,1,4,2011,3,8,4,31.650195434564147
2011-07-10,4,1,1,4,2011,3,10,6,26.85764657592311
2011-07-13,4,1,1,4,2011,3,13,2,30.54323493194233
2011-07-17,4,1,1,4,2011,3,17,6,27.06742619895675
2011-07-18,4,1,1,4,2011,3,18,0,25.50056964921756
2011-07-19,4,1,1,4,2011,3,19,1,24.325427236913168
2011-07-20,4,1,1,4,2011,3,20,2,68.19407042768488
2011-07-22,4,1,1,4,2011,3,22,4,56.34555282076366
2011-07-25,4,1,1,4,2011,3,25,0,63.05916461557274
2011-07-26,4,1,1,4,2011,3,26,1,52.49437346167956
2011-07-28,4,1,1,4,2011,3,28,3,44.57078009625967
2011-08-01,4,1,1,4,2011,3,1,0,38.62808507219475
2011-08-04,4,1,1,4,2011,3,4,3,89.32106380414606
2011-08-05,4,1,1,4,2011,3,5,4,72.19079785310954
2011-08-09,4,1,1,4,2011,3,9,1,69.74309838983217
2011-08-14,4,1,1,4,2011,3,14,6,53.86732379237413
2011-08-15,4,1,1,4,2011,3,15,0,56.0004928442806
2011-08-17,4,1,1,4,2011,3,17,2,48.240369633210456
2011-08-18,4,1,1,4,2011,3,18,3,38.78027722490784
2011-08-22,4,1,1,4,2011,3,22,0,34.28520791868088
2011-08-23,4,1,1,4,2011,3,23,1,30.91390593901066
2011-08-25,4,1,1,4,2011,3,25,3,33.585429454258
2011-08-30,4,1,1,4,2011,3,30,1,35.5890720906935
2011-09-01,4,1,1,4,2011,3,1,3,88.08180406802012
2011-09-04,4,1,1,4,2011,3,4,6,78.0213530510151
2011-09-06,4,1,1,4,2011,3,6,1,59.55601478826132
2011-09-07,4,1,1,4,2011,3,7,2,45.70701109119599
2011-09-12,4,1,1,4,2011,3,12,0,44.68025831839699
2011-09-13,4,1,1,4,2011,3,13,1,44.43019373879774
2011-09-15,4,1,1,4,2011,3,15,3,48.9226453040983
2011-09-18,4,1,1,4,2011,3,18,6,81.44198397807372
2011-09-20,4,1,1,4,2011,3,20,1,105.83148798355529
2011-09-22,4,1,1,4,2011,3,22,3,92.89361598766646
2011-09-23,4,1,1,4,2011,3,23,4,70.19021199074984
2011-09-26,4,1,1,4,2011,3,26,0,102.59265899306239
2011-09-28,4,1,1,4,2011,3,28,2,91.09449424479678
2011-09-29,4,1,1,4,2011,3,29,3,75.60087068359758
2011-09-30,4,1,1,4,2011,3,30,4,61.900653012698186
2011-10-02,4,1,1,4,2011,4,2,6,47.985489759523645
2011-10-04,4,1,1,4,2011,4,4,1,43.26911731964273
2011-10-06,4,1,1,4,2011,4,6,3,48.05183798973205
2011-10-09,4,1,1,4,2011,4,9,6,37.07887849229903
2011-10-11,4,1,1,4,2011,4,11,1,37.169158869224276
2011-10-13,4,1,1,4,2011,4,13,3,33.07686915191821
2011-10-14,4,1,1,4,2011,4,14,4,74.75765186393866
2011-10-17,4,1,1,4,2011,4,17,0,66.988238897954
2011-10-18,4,1,1,4,2011,4,18,1,66.3611791734655
2011-10-19,4,1,1,4,2011,4,19,2,54.97088438009913
2011-10-20,4,1,1,4,2011,4,20,3,85.97816328507434
2011-10-25,4,1,1,4,2011,4,25,1,114.43362246380576
2011-10-30,4,1,1,4,2011,4,30,6,87.90521684785432
2011-11-01,4,1,1,4,2011,4,1,1,86.72891263589074
2011-11-06,4,1,1,4,2011,4,6,6,75.44668447691805
2011-11-07,4,1,1,4,2011,4,7,0,61.78501335768854
2011-11-08,4,1,1,4,2011,4,8,1,56.738760018266404
2011-11-09,4,1,1,4,2011,4,9,2,47.7540700136998
2011-11-11,4,1,1,4,2011,4,11,4,36.855552510274855
2011-11-13,4,1,1,4,2011,4,13,6,30.24166438270614
2011-11-15,4,1,1,4,2011,4,15,1,38.281248287029605
2011-11-16,4,1,1,4,2011,4,16,2,29.750936215272205
2011-11-18,4,1,1,4,2011,4,18,4,32.713202161454156
2011-11-20,4,1,1,4,2011,4,20,6,34.93490162109062
2011-11-21,4,1,1,4,2011,4,21,0,70.95117621581797
2011-11-28,4,1,1,4,2011,4,28,0,55.29338216186348
2011-11-29,4,1,1,4,2011,4,29,1,52.91003662139761
2011-12-01,4,1,1,4,2011,4,1,3,89.6325274660482
2011-12-02,4,1,1,4,2011,4,2,4,93.22439559953615
2011-12-06,4,1,1,4,2011,4,6,1,75.11829669965212
2011-03-16,4,2,2,4,2011,1,16,2,167.17058452671617
2011-03-17,4,2,2,4,2011,1,17,3,131.75293839503712
2011-03-18,4,2,2,4,2011,1,18,4,108.37720379627784
2011-03-20,4,2,2,4,2011,1,20,6,168.88290284720836
2011-03-21,4,2,2,4,2011,1,21,0,129.84967713540627
2011-03-22,4,2,2,4,2011,1,22,1,150.7497578515547
2011-03-24,4,2,2,4,2011,1,24,3,151.31231838866603
2011-03-25,4,2,2,4,2011,1,25,4,138.98423879149954
2011-03-27,4,2,2,4,2011,1,27,6,198.21317909362466
2011-03-28,4,2,2,4,2011,1,28,0,174.1598843202185
2011-03-31,4,2,2,4,2011,1,31,3,146.5574132401639
2011-04-01,4,2,2,4,2011,2,1,4,151.35555993012292
2011-04-04,4,2,2,4,2011,2,4,0,167.7041699475922
2011-04-05,4,2,2,4,2011,2,5,1,144.90312746069415
2011-04-06,4,2,2,4,2011,2,6,2,115.05234559552062
2011-04-07,4,2,2,4,2011,2,7,3,168.33925919664046
2011-04-10,4,2,2,4,2011,2,10,6,191.95444439748033
2011-04-11,4,2,2,4,2011,2,11,0,182.21583329811025
2011-04-12,4,2,2,4,2011,2,12,1,174.91187497358268
2011-04-13,4,2,2,4,2011,2,13,2,248.85890623018702
2011-04-14,4,2,2,4,2011,2,14,3,234.45667967264026
2011-04-15,4,2,2,4,2011,2,15,4,185.4050097544802
2011-04-20,4,2,2,4,2011,2,20,2,283.2037573158601
2011-04-21,4,2,2,4,2011,2,21,3,228.3403179868951
2011-04-27,4,2,2,4,2011,2,27,2,729.6302384901713
2011-05-04,4,2,2,4,2011,2,4,2,556.7851788676285
2011-05-05,4,2,2,4,2011,2,5,3,486.88888415072137
2011-05-06,4,2,2,4,2011,2,6,4,425.804163113041
2011-05-08,4,2,2,4,2011,2,8,6,322.5406223347808
2011-05-10,4,2,2,4,2011,2,10,1,273.78046675108556
2011-05-11,4,2,2,4,2011,2,11,2,303.88535006331415
2011-05-12,4,2,2,4,2011,2,12,3,271.7140125474856
2011-05-13,4,2,2,4,2011,2,13,4,216.5355094106142
2011-05-16,4,2,2,4,2011,2,16,0,181.52663205796065
2011-05-17,4,2,2,4,2011,2,17,1,139.33247404347048
2011-05-18,4,2,2,4,2011,2,18,2,136.37435553260286
2011-05-19,4,2,2,4,2011,2,19,3,105.46826664945215
2011-05-22,4,2,2,4,2011,2,22,6,91.8511999870891
2011-05-25,4,2,2,4,2011,2,25,2,112.68839999031682
2011-05-26,4,2,2,4,2011,2,26,3,90.89129999273761
2011-05-27,4,2,2,4,2011,2,27,4,80.91847499455321
2011-05-31,4,2,2,4,2011,2,31,1,67.0638562459149
2011-06-01,4,2,2,4,2011,2,1,2,53.48539218443618
2011-06-02,4,2,2,4,2011,2,2,3,83.91404413832713
2011-06-03,4,2,2,4,2011,2,3,4,394.62303310374534
2011-06-05,4,2,2,4,2011,2,5,6,331.029774827809
2011-06-06,4,2,2,4,2011,2,6,0,261.02233112085673
2011-06-08,4,2,2,4,2011,2,8,2,208.51674834064255
2011-06-12,4,2,2,4,2011,2,12,6,172.3250612554819
2011-06-16,4,2,2,4,2011,2,16,3,141.99379594161144
2011-06-17,4,2,2,4,2011,2,17,4,178.98284695620856
2011-06-19,4,2,2,4,2011,2,19,6,146.98713521715644
2011-06-21,4,2,2,4,2011,2,21,1,116.61535141286733
2011-06-23,4,2,2,4,2011,2,23,3,106.5865135596505
2011-06-26,4,2,2,4,2011,2,26,6,118.18988516973788
2011-06-28,4,2,2,4,2011,2,28,1,101.39241387730341
2011-06-29,4,2,2,4,2011,2,29,2,79.23181040797756
2011-06-30,4,2,2,4,2011,2,30,3,78.54885780598318
2011-07-03,4,2,2,4,2011,3,3,6,102.71164335448738
2011-07-04,4,2,2,4,2011,3,4,0,89.78373251586554
2011-07-05,4,2,2,4,2011,3,5,1,80.08779938689915
2011-07-07,4,2,2,4,2011,3,7,3,63.25334954017436
2011-07-08,4,2,2,4,2011,3,8,4,66.56501215513077
2011-07-11,4,2,2,4,2011,3,11,0,72.23625911634808
2011-07-14,4,2,2,4,2011,3,14,3,86.05219433726106
2011-07-17,4,2,2,4,2011,3,17,6,83.66414575294579
2011-07-19,4,2,2,4,2011,3,19,1,65.93560931470934
2011-07-21,4,2,2,4,2011,3,21,3,106.001706986032
2011-07-22,4,2,2,4,2011,3,22,4,95.43878023952401
2011-07-24,4,2,2,4,2011,3,24,6,115.379085179643
2011-07-25,4,2,2,4,2011,3,25,0,89.72181388473226
2011-07-26,4,2,2,4,2011,3,26,1,73.6663604135492
2011-07-28,4,2,2,4,2011,3,28,3,624.6497703101618
2011-08-02,4,2,2,4,2011,3,2,1,474.86232773262134
2011-08-03,4,2,2,4,2011,3,3,2,388.021745799466
2011-08-04,4,2,2,4,2011,3,4,3,294.2038093495995
2011-08-08,4,2,2,4,2011,3,8,0,283.5778570121996
2011-08-09,4,2,2,4,2011,3,9,1,225.4333927591497
2011-08-15,4,2,2,4,2011,3,15,0,181.8250445693623
2011-08-21,4,2,2,4,2011,3,21,6,139.55628342702173
2011-08-24,4,2,2,4,2011,3,24,2,114.22971257026629
2011-08-25,4,2,2,4,2011,3,25,3,95.23478442769971
2011-08-26,4,2,2,4,2011,3,26,4,84.17608832077478
2011-09-01,4,2,2,4,2011,3,1,3,106.93206624058108
2011-09-11,4,2,2,4,2011,3,11,6,89.7615496804358
2011-09-12,4,2,2,4,2011,3,12,0,123.87116226032686
2011-09-13,4,2,2,4,2011,3,13,1,115.21587169524514
2011-09-15,4,2,2,4,2011,3,15,3,95.97440377143386
2011-09-16,4,2,2,4,2011,3,16,4,91.10580282857539
2011-09-18,4,2,2,4,2011,3,18,6,74.70435212143154
2011-09-20,4,2,2,4,2011,3,20,1,68.77826409107365
2011-09-21,4,2,2,4,2011,3,21,2,57.95869806830524
2011-09-22,4,2,2,4,2011,3,22,3,96.83152355122893
2011-09-23,4,2,2,4,2011,3,23,4,82.18614266342169
2011-09-26,4,2,2,4,2011,3,26,0,71.20210699756626
2011-09-29,4,2,2,4,2011,3,29,3,153.7515802481747
2011-10-02,4,2,2,4,2011,4,2,6,124.87618518613101
2011-10-03,4,2,2,4,2011,4,3,0,100.03213888959826
2011-10-05,4,2,2,4,2011,4,5,2,84.58660416719869
2011-10-06,4,2,2,4,2011,4,6,3,73.00245312539901
2011-10-10,4,2,2,4,2011,4,10,0,64.31433984404926
2011-10-12,4,2,2,4,2011,4,12,2,57.79825488303695
2011-10-13,4,2,2,4,2011,4,13,3,103.08619116227771
2011-10-14,4,2,2,4,2011,4,14,4,86.87714337170829
2011-10-16,4,2,2,4,2011,4,16,6,71.53285752878122
2011-10-20,4,2,2,4,2011,4,20,3,85.52464314658592
2011-10-23,4,2,2,4,2011,4,23,6,70.51848235993944
2011-10-25,4,2,2,4,2011,4,25,1,59.26386176995458
2011-10-28,4,2,2,4,2011,4,28,4,57.19789632746593
2011-10-30,4,2,2,4,2011,4,30,6,86.69842224559945
2011-11-01,4,2,2,4,2011,4,1,1,68.21131668419959
2011-11-04,4,2,2,4,2011,4,4,4,57.533487513149694
2011-11-06,4,2,2,4,2011,4,6,6,65.46261563486227
2011-11-07,4,2,2,4,2011,4,7,0,136.6969617261467
2011-11-08,4,2,2,4,2011,4,8,1,105.71022129461002
2011-11-09,4,2,2,4,2011,4,9,2,88.84516597095751
2011-11-10,4,2,2,4,2011,4,10,3,142.30887447821812
2011-11-11,4,2,2,4,2011,4,11,4,125.85665585866359
2011-11-13,4,2,2,4,2011,4,13,6,138.19249189399767
2011-11-15,4,2,2,4,2011,4,15,1,147.44436892049825
2011-11-16,4,2,2,4,2011,4,16,2,139.27077669037368
2011-11-20,4,2,2,4,2011,4,20,6,114.01558251778026
2011-11-22,4,2,2,4,2011,4,22,1,88.69918688833519
2011-11-24,4,2,2,4,2011,4,24,3,85.6493901662514
2011-11-29,4,2,2,4,2011,4,29,1,70.61204262468854
2011-11-30,4,2,2,4,2011,4,30,2,59.334031968516406
2011-12-02,4,2,2,4,2011,4,2,4,57.250523976387306
2011-12-04,4,2,2,4,2011,4,4,6,46.12539298229048
2011-12-06,4,2,2,4,2011,4,6,1,40.96904473671786
2011-12-07,4,2,2,4,2011,4,7,2,75.3517835525384
2011-12-08,4,2,2,4,2011,4,8,3,59.701337664403795
2011-03-14,4,3,3,4,2011,1,14,0,61.90768103508951
2011-03-15,4,3,3,4,2011,1,15,1,53.19076077631713
2011-03-16,4,3,3,4,2011,1,16,2,50.03307058223785
2011-03-18,4,3,3,4,2011,1,18,4,44.28480293667838
2011-03-20,4,3,3,4,2011,1,20,6,36.59360220250879
2011-03-21,4,3,3,4,2011,1,21,0,32.5152016518816
2011-03-23,4,3,3,4,2011,1,23,2,31.146401238911196
2011-03-27,4,3,3,4,2011,1,27,6,26.739800929183396
2011-03-31,4,3,3,4,2011,1,31,3,35.26485069688755
2011-04-01,4,3,3,4,2011,2,1,4,59.40363802266566
2011-04-04,4,3,3,4,2011,2,4,0,78.35272851699924
2011-04-05,4,3,3,4,2011,2,5,1,68.90454638774943
2011-04-08,4,3,3,4,2011,2,8,4,55.05840979081208
2011-04-10,4,3,3,4,2011,2,10,6,46.78630734310906
2011-04-11,4,3,3,4,2011,2,11,0,38.469730507331796
2011-04-13,4,3,3,4,2011,2,13,2,38.992297880498846
2011-04-14,4,3,3,4,2011,2,14,3,42.76422341037413
2011-04-15,4,3,3,4,2011,2,15,4,42.213167557780594
2011-04-17,4,3,3,4,2011,2,17,6,46.869875668335446
2011-04-27,4,3,3,4,2011,2,27,2,55.432406751251584
2011-04-28,4,3,3,4,2011,2,28,3,48.334305063438684
2011-05-03,4,3,3,4,2011,2,3,1,39.63072879757902
2011-05-04,4,3,3,4,2011,2,4,2,39.86304659818426
2011-05-05,4,3,3,4,2011,2,5,3,34.544784948638195
2011-05-08,4,3,3,4,2011,2,8,6,39.428588711478646
2011-05-10,4,3,3,4,2011,2,10,1,43.091441533608986
2011-05-11,4,3,3,4,2011,2,11,2,90.31858115020674
2011-05-12,4,3,3,4,2011,2,12,3,81.25893586265505
2011-05-13,4,3,3,4,2011,2,13,4,93.05420189699129
2011-05-15,4,3,3,4,2011,2,15,6,79.93065142274347
2011-05-16,4,3,3,4,2011,2,16,0,70.08798856705761
2011-05-17,4,3,3,4,2011,2,17,1,55.94599142529321
2011-05-18,4,3,3,4,2011,2,18,2,62.239493568969905
2011-05-20,4,3,3,4,2011,2,20,4,60.19962017672742
2011-05-22,4,3,3,4,2011,2,22,6,49.79721513254557
2011-05-26,4,3,3,4,2011,2,26,3,57.627911349409175
2011-05-27,4,3,3,4,2011,2,27,4,46.60093351205688
2011-06-01,4,3,3,4,2011,2,1,2,45.09070013404266
2011-06-02,4,3,3,4,2011,2,2,3,37.198025100532
2011-06-03,4,3,3,4,2011,2,3,4,31.278518825399
2011-06-05,4,3,3,4,2011,2,5,6,43.73888911904925
2011-06-06,4,3,3,4,2011,2,6,0,46.32416683928693
2011-06-08,4,3,3,4,2011,2,8,2,68.5431251294652
2011-06-09,4,3,3,4,2011,2,9,3,58.1673438470989
2011-06-17,4,3,3,4,2011,2,17,4,50.385507885324174
2011-06-21,4,3,3,4,2011,2,21,1,44.54913091399313
2011-06-22,4,3,3,4,2011,2,22,2,48.62184818549485
2011-06-23,4,3,3,4,2011,2,23,3,43.22638613912113
2011-06-28,4,3,3,4,2011,2,28,1,42.55978960434085
2011-06-29,4,3,3,4,2011,2,29,2,38.67984220325564
2011-06-30,4,3,3,4,2011,2,30,3,39.14988165244173
2011-07-06,4,3,3,4,2011,3,6,2,39.502411239331295
2011-07-08,4,3,3,4,2011,3,8,4,39.76680842949847
2011-07-11,4,3,3,4,2011,3,11,0,46.72510632212385
2011-07-13,4,3,3,4,2011,3,13,2,45.18382974159289
2011-07-14,4,3,3,4,2011,3,14,3,44.027872306194666
2011-07-17,4,3,3,4,2011,3,17,6,41.048404229645996
2011-07-18,4,3,3,4,2011,3,18,0,57.826303172234496
2011-07-19,4,3,3,4,2011,3,19,1,60.26972737917587
2011-07-21,4,3,3,4,2011,3,21,3,85.7622955343819
2011-07-22,4,3,3,4,2011,3,22,4,71.08172165078643
2011-07-24,4,3,3,4,2011,3,24,6,63.45129123808982
2011-07-26,4,3,3,4,2011,3,26,1,54.348468428567365
2011-07-28,4,3,3,4,2011,3,28,3,47.52135132142552
2011-07-29,4,3,3,4,2011,3,29,4,45.78101349106914
2011-07-31,4,3,3,4,2011,3,31,6,41.095760118301854
2011-08-01,4,3,3,4,2011,3,1,0,37.58182008872639
2011-08-02,4,3,3,4,2011,3,2,1,31.56636506654479
2011-08-04,4,3,3,4,2011,3,4,3,38.884773799908594
2011-08-08,4,3,3,4,2011,3,8,0,52.82358034993145
2011-08-10,4,3,3,4,2011,3,10,2,42.99768526244859
2011-08-11,4,3,3,4,2011,3,11,3,42.388263946836446
2011-08-14,4,3,3,4,2011,3,14,6,33.05869796012733
2011-08-16,4,3,3,4,2011,3,16,1,31.5540234700955
2011-08-18,4,3,3,4,2011,3,18,3,30.425517602571624
2011-08-19,4,3,3,4,2011,3,19,4,87.57913820192871
2011-08-22,4,3,3,4,2011,3,22,0,69.06435365144654
2011-08-23,4,3,3,4,2011,3,23,1,65.3182652385849
2011-08-25,4,3,3,4,2011,3,25,3,59.128698928938675
2011-08-26,4,3,3,4,2011,3,26,4,51.10652419670401
2011-08-28,4,3,3,4,2011,3,28,6,41.70989314752801
2011-09-01,4,3,3,4,2011,3,1,3,68.46241986064601
2011-09-08,4,3,3,4,2011,3,8,3,54.72681489548451
2011-09-09,4,3,3,4,2011,3,9,4,47.80511117161338
2011-09-12,4,3,3,4,2011,3,12,0,49.37383337871003
2011-09-13,4,3,3,4,2011,3,13,1,47.170375034032524
2011-09-14,4,3,3,4,2011,3,14,2,45.51778127552439
2011-09-15,4,3,3,4,2011,3,15,3,57.7983359566433
2011-09-18,4,3,3,4,2011,3,18,6,53.48875196748247
2011-09-20,4,3,3,4,2011,3,20,1,43.496563975611856
2011-09-22,4,3,3,4,2011,3,22,3,57.97242298170889
2011-09-23,4,3,3,4,2011,3,23,4,46.85931723628167
2011-09-26,4,3,3,4,2011,3,26,0,38.524487927211254
2011-09-27,4,3,3,4,2011,3,27,1,39.03336594540844
2011-09-28,4,3,3,4,2011,3,28,2,36.03502445905633
2011-09-29,4,3,3,4,2011,3,29,3,37.16626834429225
2011-10-03,4,3,3,4,2011,4,3,0,44.77470125821918
2011-10-04,4,3,3,4,2011,4,4,1,40.341025943664384
2011-10-06,4,3,3,4,2011,4,6,3,78.84326945774828
2011-10-10,4,3,3,4,2011,4,10,0,65.8924520933112
2011-10-11,4,3,3,4,2011,4,11,1,71.38933906998341
2011-10-12,4,3,3,4,2011,4,12,2,70.44200430248756
2011-10-14,4,3,3,4,2011,4,14,4,56.21150322686567
2011-10-16,4,3,3,4,2011,4,16,6,43.848627420149256
2011-10-17,4,3,3,4,2011,4,17,0,90.88647056511195
2011-10-19,4,3,3,4,2011,4,19,2,69.85485292383396
2011-10-20,4,3,3,4,2011,4,20,3,59.15113969287547
2011-10-23,4,3,3,4,2011,4,23,6,47.320854769656606
2011-10-25,4,3,3,4,2011,4,25,1,42.250641077242456
2011-10-26,4,3,3,4,2011,4,26,2,35.067980807931846
2011-10-28,4,3,3,4,2011,4,28,4,29.680985605948884
2011-10-30,4,3,3,4,2011,4,30,6,49.300739204461664
2011-11-01,4,3,3,4,2011,4,1,1,40.355554403346254
2011-11-02,4,3,3,4,2011,4,2,2,53.92666580250969
2011-11-04,4,3,3,4,2011,4,4,4,50.58499935188227
2011-11-06,4,3,3,4,2011,4,6,6,48.0787495139117
2011-11-08,4,3,3,4,2011,4,8,1,46.19906213543378
2011-11-09,4,3,3,4,2011,4,9,2,44.78929660157533
2011-11-10,4,3,3,4,2011,4,10,3,57.251972451181494
2011-11-11,4,3,3,4,2011,4,11,4,44.62897933838612
2011-11-13,4,3,3,4,2011,4,13,6,38.54173450378959
2011-11-14,4,3,3,4,2011,4,14,0,93.66630087784219
2011-11-16,4,3,3,4,2011,4,16,2,77.00972565838164
2011-11-17,4,3,3,4,2011,4,17,3,64.51729424378624
2011-11-18,4,3,3,4,2011,4,18,4,78.80797068283968
2011-11-20,4,3,3,4,2011,4,20,6,79.38597801212975
2011-11-21,4,3,3,4,2011,4,21,0,72.21448350909732
2011-11-22,4,3,3,4,2011,4,22,1,67.68086263182299
2011-11-23,4,3,3,4,2011,4,23,2,60.90064697386724
2011-11-24,4,3,3,4,2011,4,24,3,55.81548523040043
2011-11-27,4,3,3,4,2011,4,27,6,45.24161392280032
2011-11-29,4,3,3,4,2011,4,29,1,47.45121044210023
2011-11-30,4,3,3,4,2011,4,30,2,38.96840783157518
2011-12-01,4,3,3,4,2011,4,1,3,35.98630587368138
2011-12-02,4,3,3,4,2011,4,2,4,60.789729405261035
2011-12-05,4,3,3,4,2011,4,5,0,65.87229705394577
2011-12-06,4,3,3,4,2011,4,6,1,62.924222790459325
2011-12-07,4,3,3,4,2011,4,7,2,64.09316709284448
2011-03-14,4,4,4,4,2011,1,14,0,69.33350103496501
2011-03-16,4,4,4,4,2011,1,16,2,73.03762577622376
2011-03-18,4,4,4,4,2011,1,18,4,69.62821933216782
2011-03-23,4,4,4,4,2011,1,23,2,64.59616449912586
2011-03-25,4,4,4,4,2011,1,25,4,63.2971233743444
2011-03-28,4,4,4,4,2011,1,28,0,52.4228425307583
2011-03-30,4,4,4,4,2011,1,30,2,49.21713189806872
2011-03-31,4,4,4,4,2011,1,31,3,41.862848923551546
2011-04-04,4,4,4,4,2011,2,4,0,61.09713669266366
2011-04-05,4,4,4,4,2011,2,5,1,55.72285251949774
2011-04-06,4,4,4,4,2011,2,6,2,57.87963938962331
2011-04-07,4,4,4,4,2011,2,7,3,48.35972954221748
2011-04-08,4,4,4,4,2011,2,8,4,46.16979715666311
2011-04-11,4,4,4,4,2011,2,11,0,91.45234786749734
2011-04-12,4,4,4,4,2011,2,12,1,73.539260900623
2011-04-13,4,4,4,4,2011,2,13,2,65.05444567546726
2011-04-14,4,4,4,4,2011,2,14,3,83.44083425660045
2011-04-15,4,4,4,4,2011,2,15,4,77.43062569245035
2011-04-19,4,4,4,4,2011,2,19,1,63.022969269337764
2011-04-20,4,4,4,4,2011,2,20,2,76.96722695200333
2011-04-21,4,4,4,4,2011,2,21,3,67.6254202140025
2011-04-26,4,4,4,4,2011,2,26,1,60.619065160501876
2011-04-27,4,4,4,4,2011,2,27,2,64.02679887037641
2011-05-03,4,4,4,4,2011,2,3,1,62.87009915278231
2011-05-04,4,4,4,4,2011,2,4,2,57.05257436458673
2011-05-05,4,4,4,4,2011,2,5,3,60.11443077344005
2011-05-06,4,4,4,4,2011,2,6,4,50.035823080080036
2011-05-09,4,4,4,4,2011,2,9,0,104.25186731006004
2011-05-10,4,4,4,4,2011,2,10,1,105.41390048254502
2011-05-11,4,4,4,4,2011,2,11,2,90.19792536190876
2011-05-12,4,4,4,4,2011,2,12,3,67.64844402143157
2011-05-15,4,4,4,4,2011,2,15,6,55.68633301607368
2011-05-16,4,4,4,4,2011,2,16,0,56.61474976205526
2011-05-17,4,4,4,4,2011,2,17,1,47.41106232154145
2011-05-18,4,4,4,4,2011,2,18,2,85.05829674115608
2011-05-19,4,4,4,4,2011,2,19,3,73.69372255586707
2011-05-22,4,4,4,4,2011,2,22,6,88.6827919169003
2011-05-23,4,4,4,4,2011,2,23,0,185.11209393767524
2011-05-24,4,4,4,4,2011,2,24,1,153.68407045325642
2011-05-26,4,4,4,4,2011,2,26,3,142.48805283994233
2011-05-27,4,4,4,4,2011,2,27,4,267.4410396299568
2011-05-31,4,4,4,4,2011,2,31,1,217.90577972246757
2011-06-01,4,4,4,4,2011,2,1,2,285.7418347918507
2011-06-03,4,4,4,4,2011,2,3,4,219.256376093888
2011-06-05,4,4,4,4,2011,2,5,6,170.629782070416
2011-06-06,4,4,4,4,2011,2,6,0,132.922336552812
2011-06-08,4,4,4,4,2011,2,8,2,104.641752414609
2011-06-09,4,4,4,4,2011,2,9,3,82.19381431095675
2011-06-14,4,4,4,4,2011,2,14,1,71.54536073321756
2011-06-15,4,4,4,4,2011,2,15,2,78.40902054991318
2011-06-16,4,4,4,4,2011,2,16,3,68.70676541243489
2011-06-17,4,4,4,4,2011,2,17,4,55.24257405932617
2011-06-19,4,4,4,4,2011,2,19,6,73.60693054449463
2011-06-20,4,4,4,4,2011,2,20,0,210.83019790837096
2011-06-21,4,4,4,4,2011,2,21,1,161.8351484312782
2011-06-23,4,4,4,4,2011,2,23,3,132.51386132345866
2011-06-24,4,4,4,4,2011,2,24,4,124.135395992594
2011-06-29,4,4,4,4,2011,2,29,2,98.0515469944455
2011-06-30,4,4,4,4,2011,2,30,3,88.38866024583413
2011-07-01,4,4,4,4,2011,3,1,4,76.19149518437561
2011-07-04,4,4,4,4,2011,3,4,0,62.09362138828171
2011-07-05,4,4,4,4,2011,3,5,1,56.47021604121128
2011-07-06,4,4,4,4,2011,3,6,2,44.82766203090846
2011-07-07,4,4,4,4,2011,3,7,3,253.49574652318137
2011-07-08,4,4,4,4,2011,3,8,4,209.92180989238602
2011-07-10,4,4,4,4,2011,3,10,6,159.9163574192895
2011-07-11,4,4,4,4,2011,3,11,0,186.66226806446713
2011-07-14,4,4,4,4,2011,3,14,3,170.93420104835036
2011-07-15,4,4,4,4,2011,3,15,4,130.67565078626276
2011-07-17,4,4,4,4,2011,3,17,6,102.95673808969708
2011-07-18,4,4,4,4,2011,3,18,0,92.06755356727282
2011-07-19,4,4,4,4,2011,3,19,1,93.80066517545461
2011-07-20,4,4,4,4,2011,3,20,2,135.075498881591
2011-07-21,4,4,4,4,2011,3,21,3,106.25662416119324
2011-07-22,4,4,4,4,2011,3,22,4,87.11746812089493
2011-07-25,4,4,4,4,2011,3,25,0,70.28810109067119
2011-07-26,4,4,4,4,2011,3,26,1,62.61607581800339
2011-07-28,4,4,4,4,2011,3,28,3,61.81205686350254
2011-07-29,4,4,4,4,2011,3,29,4,51.30904264762691
2011-08-02,4,4,4,4,2011,3,2,1,63.23178198572018
2011-08-03,4,4,4,4,2011,3,3,2,52.37383648929014
2011-08-04,4,4,4,4,2011,3,4,3,204.8053773669676
2011-08-05,4,4,4,4,2011,3,5,4,163.5040330252257
2011-08-09,4,4,4,4,2011,3,9,1,139.9530247689193
2011-08-10,4,4,4,4,2011,3,10,2,109.91476857668948
2011-08-11,4,4,4,4,2011,3,11,3,87.38607643251711
2011-08-16,4,4,4,4,2011,3,16,1,70.48955732438783
2011-08-17,4,4,4,4,2011,3,17,2,85.04216799329089
2011-08-18,4,4,4,4,2011,3,18,3,68.73162599496817
2011-08-23,4,4,4,4,2011,3,23,1,113.32371949622613
2011-08-25,4,4,4,4,2011,3,25,3,97.3677896221696
2011-08-26,4,4,4,4,2011,3,26,4,92.8258422166272
2011-08-30,4,4,4,4,2011,3,30,1,72.0943816624704
2011-09-01,4,4,4,4,2011,3,1,3,78.8207862468528
2011-09-05,4,4,4,4,2011,3,5,0,62.8280896851396
2011-09-11,4,4,4,4,2011,3,11,6,49.5960672638547
2011-09-14,4,4,4,4,2011,3,14,2,47.09705044789102
2011-09-15,4,4,4,4,2011,3,15,3,40.272787835918265
2011-09-18,4,4,4,4,2011,3,18,6,33.9170908769387
2011-09-21,4,4,4,4,2011,3,21,2,30.387818157704025
2011-09-23,4,4,4,4,2011,3,23,4,32.690863618278016
2011-09-26,4,4,4,4,2011,3,26,0,29.46814771370851
2011-09-27,4,4,4,4,2011,3,27,1,30.763610785281386
2011-09-28,4,4,4,4,2011,3,28,2,37.922708088961045
2011-09-29,4,4,4,4,2011,3,29,3,33.39203106672078
2011-09-30,4,4,4,4,2011,3,30,4,41.131523300040584
2011-10-02,4,4,4,4,2011,4,2,6,35.79864247503044
2011-10-03,4,4,4,4,2011,4,3,0,31.798981856272828
2011-10-04,4,4,4,4,2011,4,4,1,38.699236392204625
2011-10-05,4,4,4,4,2011,4,5,2,43.87442729415347
2011-10-06,4,4,4,4,2011,4,6,3,42.8058204706151
2011-10-16,4,4,4,4,2011,4,16,6,35.81686535296132
2011-10-17,4,4,4,4,2011,4,17,0,34.287649014721
2011-10-18,4,4,4,4,2011,4,18,1,31.90323676104075
2011-11-06,4,4,4,4,2011,4,6,6,28.87742757078056
2011-11-07,4,4,4,4,2011,4,7,0,26.608070678085422
2011-11-15,4,4,4,4,2011,4,15,1,23.668553008564068
2011-11-16,4,4,4,4,2011,4,16,2,22.701414756423052
2011-11-17,4,4,4,4,2011,4,17,3,31.87606106731729
2011-11-23,4,4,4,4,2011,4,23,2,25.14454580048797
2011-11-25,4,4,4,4,2011,4,25,4,23.808409350365974
2011-11-30,4,4,4,4,2011,4,30,2,22.80630701277448
2011-12-02,4,4,4,4,2011,4,2,4,35.66723025958086
2011-12-05,4,4,4,4,2011,4,5,0,41.60042269468565
2011-12-08,4,4,4,4,2011,4,8,3,47.287817021014234
2011-03-14,4,5,0,4,2011,1,14,0,16.81344536824563
2011-03-18,4,5,0,4,2011,1,18,4,13.022584026184223
2011-03-25,4,5,0,4,2011,1,25,4,31.62943801963817
2011-03-30,4,5,0,4,2011,1,30,2,45.99707851472863
2011-03-31,4,5,0,4,2011,1,31,3,52.64780888604647
2011-04-01,4,5,0,4,2011,2,1,4,47.73585666453485
2011-04-04,4,5,0,4,2011,2,4,0,39.92689249840114
2011-04-06,4,5,0,4,2011,2,6,2,35.72016937380085
2011-04-07,4,5,0,4,2011,2,7,3,30.91512703035064
2011-04-08,4,5,0,4,2011,2,8,4,27.311345272762978
2011-04-10,4,5,0,4,2011,2,10,6,24.608508954572233
2011-04-13,4,5,0,4,2011,2,13,2,20.106381715929174
2011-04-14,4,5,0,4,2011,2,14,3,17.55478628694688
2011-04-15,4,5,0,4,2011,2,15,4,17.29108971521016
2011-04-17,4,5,0,4,2011,2,17,6,13.793317286407618
2011-04-18,4,5,0,4,2011,2,18,0,11.169987964805713
2011-04-26,4,5,0,4,2011,2,26,1,12.502490973604285
2011-04-28,4,5,0,4,2011,2,28,3,13.501868230203215
2011-05-01,4,5,0,4,2011,2,1,6,14.251401172652411
2011-05-11,4,5,0,4,2011,2,11,2,46.93855087948931
2011-05-13,4,5,0,4,2011,2,13,4,44.691413159616985
2011-05-15,4,5,0,4,2011,2,15,6,35.16855986971274
2011-05-17,4,5,0,4,2011,2,17,1,47.00141990228455
2011-05-19,4,5,0,4,2011,2,19,3,40.201064926713414
2011-05-22,4,5,0,4,2011,2,22,6,35.51329869503506
2011-05-23,4,5,0,4,2011,2,23,0,30.759974021276296
2011-05-25,4,5,0,4,2011,2,25,2,24.71998051595722
2011-05-26,4,5,0,4,2011,2,26,3,30.914985386967917
2011-05-27,4,5,0,4,2011,2,27,4,31.43623904022594
2011-06-01,4,5,0,4,2011,2,1,2,24.402179280169452
2011-06-02,4,5,0,4,2011,2,2,3,19.53913446012709
2011-06-03,4,5,0,4,2011,2,3,4,18.77935084509532
2011-06-05,4,5,0,4,2011,2,5,6,18.20951313382149
2011-06-07,4,5,0,4,2011,2,7,1,23.144634850366117
2011-06-08,4,5,0,4,2011,2,8,2,18.183476137774587
2011-06-16,4,5,0,4,2011,2,16,3,14.050107103330939
2011-06-17,4,5,0,4,2011,2,17,4,22.912580327498205
2011-06-19,4,5,0,4,2011,2,19,6,22.546935245623654
2011-06-20,4,5,0,4,2011,2,20,0,21.03520143421774
2011-06-21,4,5,0,4,2011,2,21,1,19.901401075663305
2011-06-22,4,5,0,4,2011,2,22,2,19.87605080674748
2011-06-23,4,5,0,4,2011,2,23,3,23.157038105060607
2011-06-24,4,5,0,4,2011,2,24,4,26.030278578795453
2011-06-27,4,5,0,4,2011,2,27,0,23.647708934096592
2011-06-30,4,5,0,4,2011,2,30,3,30.110781700572446
2011-07-01,4,5,0,4,2011,3,1,4,23.408086275429334
2011-07-04,4,5,0,4,2011,3,4,0,23.743564706572002
2011-07-06,4,5,0,4,2011,3,6,2,19.870173529929
2011-07-07,4,5,0,4,2011,3,7,3,19.02763014744675
2011-07-08,4,5,0,4,2011,3,8,4,22.52072261058506
2011-07-11,4,5,0,4,2011,3,11,0,21.015541957938794
2011-07-14,4,5,0,4,2011,3,14,3,24.011656468454095
2011-07-17,4,5,0,4,2011,3,17,6,20.483742351340574
2011-07-18,4,5,0,4,2011,3,18,0,19.487806763505432
2011-07-19,4,5,0,4,2011,3,19,1,22.865855072629074
2011-07-20,4,5,0,4,2011,3,20,2,18.799391304471804
2011-07-21,4,5,0,4,2011,3,21,3,18.22454347835385
2011-07-22,4,5,0,4,2011,3,22,4,17.79340760876539
2011-07-28,4,5,0,4,2011,3,28,3,17.47005570657404
2011-08-02,4,5,0,4,2011,3,2,1,75.72754177993053
2011-08-04,4,5,0,4,2011,3,4,3,65.04565633494789
2011-08-07,4,5,0,4,2011,3,7,6,50.02174225121092
2011-08-09,4,5,0,4,2011,3,9,1,62.266306688408186
2011-08-10,4,5,0,4,2011,3,10,2,50.82473001630614
2011-08-11,4,5,0,4,2011,3,11,3,39.7685475122296
2011-08-12,4,5,0,4,2011,3,12,4,33.951410634172206
2011-08-17,4,5,0,4,2011,3,17,2,42.78855797562915
2011-08-18,4,5,0,4,2011,3,18,3,33.741418481721865
2011-08-23,4,5,0,4,2011,3,23,1,29.4310638612914
2011-08-25,4,5,0,4,2011,3,25,3,26.19829789596855
2011-08-28,4,5,0,4,2011,3,28,6,23.361223421976412
2011-09-01,4,5,0,4,2011,3,1,3,22.47091756648231
2011-09-02,4,5,0,4,2011,3,2,4,17.265688174861733
2011-09-04,4,5,0,4,2011,3,4,6,13.774266131146298
2011-09-06,4,5,0,4,2011,3,6,1,12.393199598359724
2011-09-07,4,5,0,4,2011,3,7,2,13.419899698769793
2011-09-09,4,5,0,4,2011,3,9,4,14.189924774077344
2011-09-12,4,5,0,4,2011,3,12,0,14.767443580558009
2011-09-13,4,5,0,4,2011,3,13,1,16.85058268541851
2011-09-14,4,5,0,4,2011,3,14,2,16.76293701406388
2011-09-15,4,5,0,4,2011,3,15,3,16.69720276054791
2011-09-18,4,5,0,4,2011,3,18,6,13.347902070410932
2011-09-20,4,5,0,4,2011,3,20,1,10.423426552808198
2011-09-21,4,5,0,4,2011,3,21,2,9.055069914606149
2011-09-22,4,5,0,4,2011,3,22,3,9.26630243595461
2011-09-29,4,5,0,4,2011,3,29,3,8.599726826965957
2011-09-30,4,5,0,4,2011,3,30,4,10.574795120224469
2011-10-06,4,5,0,4,2011,4,6,3,24.431096340168352
2011-10-11,4,5,0,4,2011,4,11,1,23.273322255126264
2011-10-14,4,5,0,4,2011,4,14,4,53.7049916913447
2011-10-25,4,5,0,4,2011,4,25,1,44.40374376850853
2011-10-27,4,5,0,4,2011,4,27,3,37.4278078263814
2011-11-02,4,5,0,4,2011,4,2,2,32.195855869786044
2011-11-06,4,5,0,4,2011,4,6,6,24.559391902339534
2011-11-07,4,5,0,4,2011,4,7,0,22.54454392675465
2011-11-10,4,5,0,4,2011,4,10,3,27.22090794506599
2011-11-11,4,5,0,4,2011,4,11,4,24.54068095879949
2011-11-17,4,5,0,4,2011,4,17,3,20.880510719099618
2011-11-18,4,5,0,4,2011,4,18,4,23.910383039324714
2011-11-20,4,5,0,4,2011,4,20,6,23.295287279493536
2011-11-21,4,5,0,4,2011,4,21,0,18.29646545962015
2011-11-23,4,5,0,4,2011,4,23,2,17.847349094715113
2011-11-25,4,5,0,4,2011,4,25,4,17.510511821036335
2011-11-28,4,5,0,4,2011,4,28,0,22.620383865777253
2011-12-01,4,5,0,4,2011,4,1,3,18.615287899332937
2011-12-05,4,5,0,4,2011,4,5,0,22.211465924499702
2011-12-06,4,5,0,4,2011,4,6,1,24.908599443374776
2011-12-07,4,5,0,4,2011,4,7,2,22.80644958253108
2011-03-15,4,6,1,4,2011,1,15,1,14.079439130857484
2011-03-25,4,6,1,4,2011,1,25,4,24.172079348143114
2011-03-28,4,6,1,4,2011,1,28,0,18.954059511107335
2011-03-30,4,6,1,4,2011,1,30,2,63.665544633330505
2011-03-31,4,6,1,4,2011,1,31,3,61.774158474997876
2011-04-01,4,6,1,4,2011,2,1,4,47.980618856248405
2011-04-03,4,6,1,4,2011,2,3,6,37.2229641421863
2011-04-06,4,6,1,4,2011,2,6,2,34.104723106639725
2011-04-10,4,6,1,4,2011,2,10,6,29.703542329979793
2011-04-14,4,6,1,4,2011,2,14,3,37.12765674748484
2011-04-17,4,6,1,4,2011,2,17,6,28.67074256061363
2011-04-18,4,6,1,4,2011,2,18,0,22.32805692046022
2011-04-20,4,6,1,4,2011,2,20,2,26.646042690345162
2011-04-26,4,6,1,4,2011,2,26,1,28.234532017758873
2011-04-28,4,6,1,4,2011,2,28,3,25.300899013319153
2011-05-01,4,6,1,4,2011,2,1,6,23.100674259989365
2011-05-03,4,6,1,4,2011,2,3,1,21.450505694992025
2011-05-05,4,6,1,4,2011,2,5,3,20.21287927124402
2011-05-12,4,6,1,4,2011,2,12,3,17.634659453433017
2011-05-13,4,6,1,4,2011,2,13,4,26.42599459007476
2011-05-15,4,6,1,4,2011,2,15,6,20.64449594255607
2011-05-16,4,6,1,4,2011,2,16,0,19.608371956917054
2011-05-17,4,6,1,4,2011,2,17,1,31.20627896768779
2011-05-22,4,6,1,4,2011,2,22,6,24.642209225765843
2011-05-23,4,6,1,4,2011,2,23,0,22.606656919324383
2011-05-25,4,6,1,4,2011,2,25,2,18.604992689493287
2011-06-02,4,6,1,4,2011,2,2,3,15.191244517119966
2011-06-03,4,6,1,4,2011,2,3,4,15.518433387839973
2011-06-05,4,6,1,4,2011,2,5,6,19.88882504087998
2011-06-06,4,6,1,4,2011,2,6,0,21.104118780659984
2011-06-07,4,6,1,4,2011,2,7,1,19.953089085494987
2011-06-08,4,6,1,4,2011,2,8,2,15.78981681412124
2011-06-16,4,6,1,4,2011,2,16,3,13.07986261059093
2011-06-17,4,6,1,4,2011,2,17,4,20.534896957943197
2011-06-19,4,6,1,4,2011,2,19,6,20.3511727184574
2011-06-20,4,6,1,4,2011,2,20,0,19.388379538843047
2011-06-22,4,6,1,4,2011,2,22,2,20.728784654132284
2011-06-24,4,6,1,4,2011,2,24,4,19.671588490599213
2011-06-27,4,6,1,4,2011,2,27,0,23.003691367949408
2011-06-28,4,6,1,4,2011,2,28,1,21.377768525962054
2011-06-30,4,6,1,4,2011,2,30,3,24.28332639447154
2011-07-01,4,6,1,4,2011,3,1,4,19.037494795853654
2011-07-03,4,6,1,4,2011,3,3,6,18.40312109689024
2011-07-04,4,6,1,4,2011,3,4,0,14.214840822667679
2011-07-07,4,6,1,4,2011,3,7,3,14.786130617000758
2011-07-08,4,6,1,4,2011,3,8,4,19.339597962750567
2011-07-10,4,6,1,4,2011,3,10,6,16.154698472062925
2011-07-11,4,6,1,4,2011,3,11,0,16.241023854047192
2011-07-14,4,6,1,4,2011,3,14,3,20.430767890535392
2011-07-17,4,6,1,4,2011,3,17,6,19.448075917901544
2011-07-18,4,6,1,4,2011,3,18,0,16.648556938426157
2011-07-19,4,6,1,4,2011,3,19,1,20.73641770381962
2011-07-20,4,6,1,4,2011,3,20,2,20.914813277864713
2011-07-22,4,6,1,4,2011,3,22,4,19.811109958398536
2011-07-24,4,6,1,4,2011,3,24,6,35.483332468798906
2011-07-31,4,6,1,4,2011,3,31,6,31.97499935159918
2011-08-02,4,6,1,4,2011,3,2,1,32.23124951369938
2011-08-04,4,6,1,4,2011,3,4,3,28.298437135274536
2011-08-08,4,6,1,4,2011,3,8,0,21.636327851455903
2011-08-09,4,6,1,4,2011,3,9,1,36.85224588859192
2011-08-10,4,6,1,4,2011,3,10,2,31.764184416443943
2011-08-11,4,6,1,4,2011,3,11,3,25.06063831233296
2011-08-12,4,6,1,4,2011,3,12,4,22.92047873424972
2011-08-16,4,6,1,4,2011,3,16,1,21.31535905068729
2011-08-22,4,6,1,4,2011,3,22,0,24.23651928801547
2011-08-23,4,6,1,4,2011,3,23,1,22.3023894660116
2011-08-25,4,6,1,4,2011,3,25,3,20.8517920995087
2011-08-28,4,6,1,4,2011,3,28,6,19.763844074631525
2011-09-02,4,6,1,4,2011,3,2,4,18.947883055973644
2011-09-07,4,6,1,4,2011,3,7,2,22.460912291980232
2011-09-09,4,6,1,4,2011,3,9,4,18.083184218985174
2011-09-12,4,6,1,4,2011,3,12,0,17.687388164238882
2011-09-13,4,6,1,4,2011,3,13,1,19.453041123179162
2011-09-14,4,6,1,4,2011,3,14,2,22.83978084238437
2011-09-15,4,6,1,4,2011,3,15,3,21.25483563178828
2011-09-16,4,6,1,4,2011,3,16,4,21.716126723841207
2011-09-18,4,6,1,4,2011,3,18,6,17.112095042880906
2011-09-20,4,6,1,4,2011,3,20,1,13.246571282160678
2011-09-21,4,6,1,4,2011,3,21,2,14.059928461620508
2011-09-22,4,6,1,4,2011,3,22,3,11.78244634621538
2011-09-25,4,6,1,4,2011,3,25,6,17.086834759661535
2011-09-29,4,6,1,4,2011,3,29,3,14.877626069746151
2011-09-30,4,6,1,4,2011,3,30,4,19.408219552309614
2011-10-05,4,6,1,4,2011,4,5,2,18.68116466423221
2011-10-06,4,6,1,4,2011,4,6,3,28.035873498174155
2011-10-11,4,6,1,4,2011,4,11,1,30.101905123630615
2011-10-14,4,6,1,4,2011,4,14,4,58.82642884272296
2011-10-18,4,6,1,4,2011,4,18,1,48.24482163204222
2011-10-20,4,6,1,4,2011,4,20,3,37.421116224031664
2011-10-25,4,6,1,4,2011,4,25,1,38.79083716802375
2011-10-26,4,6,1,4,2011,4,26,2,33.21812787601781
2011-10-30,4,6,1,4,2011,4,30,6,25.32609590701336
2011-11-06,4,6,1,4,2011,4,6,6,19.81957193026002
2011-11-07,4,6,1,4,2011,4,7,0,18.989678947695015
2011-11-08,4,6,1,4,2011,4,8,1,22.492259210771262
2011-11-09,4,6,1,4,2011,4,9,2,20.994194408078446
2011-11-11,4,6,1,4,2011,4,11,4,19.870645806058835
2011-11-14,4,6,1,4,2011,4,14,0,15.727984354544127
2011-11-16,4,6,1,4,2011,4,16,2,12.208488265908095
2011-11-17,4,6,1,4,2011,4,17,3,11.218866199431071
2011-11-18,4,6,1,4,2011,4,18,4,22.851649649573304
2011-11-20,4,6,1,4,2011,4,20,6,21.263737237179978
2011-11-22,4,6,1,4,2011,4,22,1,20.072802927884982
2011-11-23,4,6,1,4,2011,4,23,2,23.304602195913738
2011-11-24,4,6,1,4,2011,4,24,3,21.603451646935305
2011-11-25,4,6,1,4,2011,4,25,4,24.45258873520148
2011-11-27,4,6,1,4,2011,4,27,6,19.164441551401108
2011-11-30,4,6,1,4,2011,4,30,2,16.02333116355083
2011-12-05,4,6,1,4,2011,4,5,0,20.26749837266312
2011-12-06,4,6,1,4,2011,4,6,1,19.32562377949734
2011-12-07,4,6,1,4,2011,4,7,2,18.619217834623008
2011-03-14,4,7,2,4,2011,1,14,0,29.226252042672346
2011-03-15,4,7,2,4,2011,1,15,1,29.34468903200426
2011-03-16,4,7,2,4,2011,1,16,2,25.721016774003196
2011-03-17,4,7,2,4,2011,1,17,3,20.528262580502396
2011-03-18,4,7,2,4,2011,1,18,4,19.1086969353768
2011-03-21,4,7,2,4,2011,1,21,0,18.044022701532597
2011-03-22,4,7,2,4,2011,1,22,1,20.95801702614945
2011-03-23,4,7,2,4,2011,1,23,2,19.43101276961209
2011-03-24,4,7,2,4,2011,1,24,3,29.423259577209066
2011-03-25,4,7,2,4,2011,1,25,4,23.3049446829068
2011-03-28,4,7,2,4,2011,1,28,0,18.7162085121801
2011-03-29,4,7,2,4,2011,1,29,1,18.987156384135073
2011-03-30,4,7,2,4,2011,1,30,2,19.190367288101303
2011-03-31,4,7,2,4,2011,1,31,3,21.81777546607598
2011-04-01,4,7,2,4,2011,2,1,4,26.263331599556984
2011-04-04,4,7,2,4,2011,2,4,0,23.40999869966774
2011-06-09,4,7,2,4,2011,2,9,3,52.20749902475081
2011-06-10,4,7,2,4,2011,2,10,4,54.00562426856311
2011-06-13,4,7,2,4,2011,2,13,0,51.641718201422336
2011-06-19,4,7,2,4,2011,2,19,6,41.20628865106675
2011-06-20,4,7,2,4,2011,2,20,0,34.61721648830006
2011-06-28,4,7,2,4,2011,2,28,1,29.675412366225046
2011-06-30,4,7,2,4,2011,2,30,3,29.681559274668786
2011-07-07,4,7,2,4,2011,3,7,3,29.68616945600159
2011-07-11,4,7,2,4,2011,3,11,0,23.502127092001192
2011-07-18,4,7,2,4,2011,3,18,0,36.1890953190009
2011-07-21,4,7,2,4,2011,3,21,3,30.854321489250673
2011-07-22,4,7,2,4,2011,3,22,4,26.853241116938
2011-07-25,4,7,2,4,2011,3,25,0,23.8524308377035
2011-07-27,4,7,2,4,2011,3,27,2,20.364323128277626
2011-07-28,4,7,2,4,2011,3,28,3,18.98574234620822
2011-07-31,4,7,2,4,2011,3,31,6,16.714306759656164
2011-08-01,4,7,2,4,2011,3,1,0,46.53573006974212
2011-08-02,4,7,2,4,2011,3,2,1,38.61429755230659
2011-08-03,4,7,2,4,2011,3,3,2,36.385723164229944
2011-08-04,4,7,2,4,2011,3,4,3,31.001792373172457
2011-08-09,4,7,2,4,2011,3,9,1,26.96384427987934
2011-08-10,4,7,2,4,2011,3,10,2,23.935383209909503
2011-08-12,4,7,2,4,2011,3,12,4,51.36403740743213
2011-08-14,4,7,2,4,2011,3,14,6,39.76052805557409
2011-08-17,4,7,2,4,2011,3,17,2,33.532896041680566
2011-08-18,4,7,2,4,2011,3,18,3,26.387172031260423
2011-08-24,4,7,2,4,2011,3,24,2,24.740379023445318
2011-08-25,4,7,2,4,2011,3,25,3,25.98028426758399
2011-08-26,4,7,2,4,2011,3,26,4,23.197713200687993
2011-08-31,4,7,2,4,2011,3,31,2,24.823284900515997
2011-09-01,4,7,2,4,2011,3,1,3,26.042463675386998
2011-09-04,4,7,2,4,2011,3,4,6,20.76934775654025
2011-09-12,4,7,2,4,2011,3,12,0,23.002010817405186
2011-09-13,4,7,2,4,2011,3,13,1,24.676508113053888
2011-09-15,4,7,2,4,2011,3,15,3,28.407381084790416
2011-09-16,4,7,2,4,2011,3,16,4,25.01803581359281
2011-09-22,4,7,2,4,2011,3,22,3,22.476026860194608
2011-09-25,4,7,2,4,2011,3,25,6,31.707020145145957
2011-09-28,4,7,2,4,2011,3,28,2,39.86776510885947
2011-09-30,4,7,2,4,2011,3,30,4,41.038323831644604
2011-10-03,4,7,2,4,2011,4,3,0,34.491242873733455
2011-10-04,4,7,2,4,2011,4,4,1,29.58093215530009
2011-10-05,4,7,2,4,2011,4,5,2,32.08569911647507
2011-10-06,4,7,2,4,2011,4,6,3,29.0142743373563
2011-10-07,4,7,2,4,2011,4,7,4,25.473205753017226
2011-10-09,4,7,2,4,2011,4,9,6,24.05490431476292
2011-10-10,4,7,2,4,2011,4,10,0,26.70367823607219
2011-10-11,4,7,2,4,2011,4,11,1,23.740258677054143
2011-10-13,4,7,2,4,2011,4,13,3,27.70519400779061
2011-10-14,4,7,2,4,2011,4,14,4,22.016395505842958
2011-10-16,4,7,2,4,2011,4,16,6,17.74979662938222
2011-10-18,4,7,2,4,2011,4,18,1,14.549847472036667
2011-10-26,4,7,2,4,2011,4,26,2,14.6248856040275
2011-10-27,4,7,2,4,2011,4,27,3,13.443664203020626
2011-10-30,4,7,2,4,2011,4,30,6,13.79524815226547
2011-10-31,4,7,2,4,2011,4,31,0,14.058936114199103
2011-11-01,4,7,2,4,2011,4,1,1,14.256702085649328
2011-11-02,4,7,2,4,2011,4,2,2,14.405026564236996
2011-11-03,4,7,2,4,2011,4,3,3,12.041269923177747
2011-11-08,4,7,2,4,2011,4,8,1,16.45595244238331
2011-11-09,4,7,2,4,2011,4,9,2,23.479464331787483
2011-11-10,4,7,2,4,2011,4,10,3,22.55959824884061
2011-11-15,4,7,2,4,2011,4,15,1,19.39469868663046
2011-11-17,4,7,2,4,2011,4,17,3,17.021024014972845
2011-11-18,4,7,2,4,2011,4,18,4,16.478268011229634
2011-11-20,4,7,2,4,2011,4,20,6,16.07120100842223
2011-11-24,4,7,2,4,2011,4,24,3,15.765900756316672
2011-11-29,4,7,2,4,2011,4,29,1,15.536925567237505
2011-12-05,4,7,2,4,2011,4,5,0,19.077694175428128
2011-12-08,4,7,2,4,2011,4,8,3,18.020770631571096
2011-05-08,4,8,3,4,2011,2,8,6,33.28
2011-05-09,4,8,3,4,2011,2,9,0,30.16
2011-05-11,4,8,3,4,2011,2,11,2,78.82000000000001
2011-05-12,4,8,3,4,2011,2,12,3,76.665
2011-05-13,4,8,3,4,2011,2,13,4,87.39875
2011-05-15,4,8,3,4,2011,2,15,6,67.10906250000001
2011-05-16,4,8,3,4,2011,2,16,0,55.53179687500001
2011-05-17,4,8,3,4,2011,2,17,1,47.56384765625001
2011-05-18,4,8,3,4,2011,2,18,2,55.17288574218751
2011-05-19,4,8,3,4,2011,2,19,3,51.45466430664064
2011-05-22,4,8,3,4,2011,2,22,6,48.665998229980474
2011-05-25,4,8,3,4,2011,2,25,2,46.89949867248536
2011-06-01,4,8,3,4,2011,2,1,2,40.37462400436402
2011-06-02,4,8,3,4,2011,2,2,3,42.65596800327302
2011-06-05,4,8,3,4,2011,2,5,6,37.191976002454766
2011-06-06,4,8,3,4,2011,2,6,0,37.96898200184107
2011-06-08,4,8,3,4,2011,2,8,2,38.876736501380805
2011-06-09,4,8,3,4,2011,2,9,3,34.357552376035606
2011-06-12,4,8,3,4,2011,2,12,6,26.288164282026703
2011-06-13,4,8,3,4,2011,2,13,0,24.591123211520028
2011-06-14,4,8,3,4,2011,2,14,1,34.04334240864002
2011-06-15,4,8,3,4,2011,2,15,2,30.732506806480014
2011-06-16,4,8,3,4,2011,2,16,3,27.20938010486001
2011-06-17,4,8,3,4,2011,2,17,4,65.67703507864502
2011-06-19,4,8,3,4,2011,2,19,6,50.297776308983764
2011-06-23,4,8,3,4,2011,2,23,3,42.923332231737824
2011-06-24,4,8,3,4,2011,2,24,4,37.06749917380337
2011-06-27,4,8,3,4,2011,2,27,0,33.00062438035253
2011-06-29,4,8,3,4,2011,2,29,2,35.150468285264395
2011-07-06,4,8,3,4,2011,3,6,2,31.562851213948296
2011-07-07,4,8,3,4,2011,3,7,3,28.872138410461222
2011-07-08,4,8,3,4,2011,3,8,4,26.854103807845917
2011-07-10,4,8,3,4,2011,3,10,6,22.220577855884436
2011-07-11,4,8,3,4,2011,3,11,0,21.865433391913324
2011-07-17,4,8,3,4,2011,3,17,6,21.59907504393499
2011-07-18,4,8,3,4,2011,3,18,0,16.719306282951244
2011-07-19,4,8,3,4,2011,3,19,1,17.739479712213434
2011-07-20,4,8,3,4,2011,3,20,2,59.09460978416007
2011-07-22,4,8,3,4,2011,3,22,4,49.520957338120056
2011-07-25,4,8,3,4,2011,3,25,0,52.74071800359004
2011-07-26,4,8,3,4,2011,3,26,1,44.75553850269253
2011-07-28,4,8,3,4,2011,3,28,3,38.7666538770194
2011-07-31,4,8,3,4,2011,3,31,6,31.15499040776455
2011-08-02,4,8,3,4,2011,3,2,1,33.76624280582341
2011-08-04,4,8,3,4,2011,3,4,3,75.27468210436756
2011-08-07,4,8,3,4,2011,3,7,6,58.016011578275666
2011-08-09,4,8,3,4,2011,3,9,1,53.91200868370675
2011-08-15,4,8,3,4,2011,3,15,0,53.434006512780066
2011-08-17,4,8,3,4,2011,3,17,2,45.275504884585054
2011-08-18,4,8,3,4,2011,3,18,3,40.71662866343879
2011-08-22,4,8,3,4,2011,3,22,0,35.737471497579094
2011-08-23,4,8,3,4,2011,3,23,1,37.20310362318432
2011-08-25,4,8,3,4,2011,3,25,3,33.10232771738824
2011-08-26,4,8,3,4,2011,3,26,4,26.906745788041178
2011-08-28,4,8,3,4,2011,3,28,6,25.380059341030883
2011-08-31,4,8,3,4,2011,3,31,2,63.78504450577316
2011-09-01,4,8,3,4,2011,3,1,3,64.47878337932987
2011-09-04,4,8,3,4,2011,3,4,6,49.91908753449741
2011-09-06,4,8,3,4,2011,3,6,1,55.119315650873055
2011-09-07,4,8,3,4,2011,3,7,2,52.77948673815479
2011-09-09,4,8,3,4,2011,3,9,4,40.104615053616094
2011-09-12,4,8,3,4,2011,3,12,0,40.47846129021207
2011-09-13,4,8,3,4,2011,3,13,1,40.75884596765905
2011-09-15,4,8,3,4,2011,3,15,3,36.80913447574429
2011-09-18,4,8,3,4,2011,3,18,6,72.35685085680822
2011-09-21,4,8,3,4,2011,3,21,2,61.54763814260617
2011-09-22,4,8,3,4,2011,3,22,3,57.60072860695463
2011-09-25,4,8,3,4,2011,3,25,6,49.44054645521597
2011-09-26,4,8,3,4,2011,3,26,0,52.68040984141198
2011-09-27,4,8,3,4,2011,3,27,1,44.71030738105899
2011-09-28,4,8,3,4,2011,3,28,2,42.482730535794246
2011-09-29,4,8,3,4,2011,3,29,3,33.94204790184568
2011-09-30,4,8,3,4,2011,3,30,4,35.85653592638426
2011-10-04,4,8,3,4,2011,4,4,1,32.0924019447882
2011-10-05,4,8,3,4,2011,4,5,2,29.269301458591148
2011-10-09,4,8,3,4,2011,4,9,6,34.95197609394336
2011-10-11,4,8,3,4,2011,4,11,1,36.61398207045752
2011-10-14,4,8,3,4,2011,4,14,4,72.21048655284314
2011-10-18,4,8,3,4,2011,4,18,1,54.67786491463236
2011-10-20,4,8,3,4,2011,4,20,3,42.56839868597427
2011-10-23,4,8,3,4,2011,4,23,6,32.44629901448071
2011-10-30,4,8,3,4,2011,4,30,6,29.534724260860532
2011-10-31,4,8,3,4,2011,4,31,0,27.3510431956454
2011-11-01,4,8,3,4,2011,4,1,1,36.11328239673405
2011-11-02,4,8,3,4,2011,4,2,2,28.644961797550536
2011-11-06,4,8,3,4,2011,4,6,6,23.0437213481629
2011-11-08,4,8,3,4,2011,4,8,1,24.042791011122176
2011-11-09,4,8,3,4,2011,4,9,2,20.11209325834163
2011-11-11,4,8,3,4,2011,4,11,4,60.874069943756226
2011-11-13,4,8,3,4,2011,4,13,6,46.17555245781717
2011-11-14,4,8,3,4,2011,4,14,0,35.15166434336288
2011-11-16,4,8,3,4,2011,4,16,2,28.963748257522163
2011-11-17,4,8,3,4,2011,4,17,3,22.242811193141623
2011-11-18,4,8,3,4,2011,4,18,4,21.882108394856218
2011-11-20,4,8,3,4,2011,4,20,6,26.811581296142165
2011-11-24,4,8,3,4,2011,4,24,3,22.188685972106626
2011-11-25,4,8,3,4,2011,4,25,4,21.84151447907997
2011-11-28,4,8,3,4,2011,4,28,0,21.581135859309978
2011-11-29,4,8,3,4,2011,4,29,1,21.38585189448248
2011-12-01,4,8,3,4,2011,4,1,3,26.43938892086186
2011-12-05,4,8,3,4,2011,4,5,0,30.229541690646393
2011-12-06,4,8,3,4,2011,4,6,1,33.072156267984795
2011-12-07,4,8,3,4,2011,4,7,2,30.004117200988595
2011-03-20,4,9,4,4,2011,1,20,6,20.752569586575596
2011-03-24,4,9,4,4,2011,1,24,3,23.8144271899317
2011-03-25,4,9,4,4,2011,1,25,4,30.235820392448773
2011-03-28,4,9,4,4,2011,1,28,0,23.91436529433658
2011-03-30,4,9,4,4,2011,1,30,2,35.26077397075244
2011-03-31,4,9,4,4,2011,1,31,3,38.82058047806433
2011-04-01,4,9,4,4,2011,2,1,4,33.24043535854825
2011-04-04,4,9,4,4,2011,2,4,0,29.055326518911187
2011-04-06,4,9,4,4,2011,2,6,2,25.91649488918339
2011-04-07,4,9,4,4,2011,2,7,3,24.799871166887545
2011-04-10,4,9,4,4,2011,2,10,6,20.24990337516566
2011-04-13,4,9,4,4,2011,2,13,2,20.962427531374246
2011-04-14,4,9,4,4,2011,2,14,3,19.846820648530684
2011-04-15,4,9,4,4,2011,2,15,4,19.010115486398014
2011-04-17,4,9,4,4,2011,2,17,6,15.49508661479851
2011-04-18,4,9,4,4,2011,2,18,0,12.858814961098883
2011-04-20,4,9,4,4,2011,2,20,2,22.84411122082416
2011-04-21,4,9,4,4,2011,2,21,3,17.95808341561812
2011-04-26,4,9,4,4,2011,2,26,1,17.59356256171359
2011-05-01,4,9,4,4,2011,2,1,6,17.320171921285194
2011-05-05,4,9,4,4,2011,2,5,3,18.765128940963898
2011-05-08,4,9,4,4,2011,2,8,6,15.723846705722924
2011-05-10,4,9,4,4,2011,2,10,1,15.917885029292194
2011-05-11,4,9,4,4,2011,2,11,2,18.538413771969147
2011-05-13,4,9,4,4,2011,2,13,4,22.15381032897686
2011-05-15,4,9,4,4,2011,2,15,6,22.390357746732647
2011-05-16,4,9,4,4,2011,2,16,0,19.267768310049483
2011-05-17,4,9,4,4,2011,2,17,1,39.20082623253711
2011-05-22,4,9,4,4,2011,2,22,6,31.463119674402833
2011-05-23,4,9,4,4,2011,2,23,0,28.547339755802124
2011-05-25,4,9,4,4,2011,2,25,2,23.06050481685159
2011-05-26,4,9,4,4,2011,2,26,3,21.420378612638693
2011-05-27,4,9,4,4,2011,2,27,4,20.190283959479018
2011-06-02,4,9,4,4,2011,2,2,3,16.380212969609264
2011-06-05,4,9,4,4,2011,2,5,6,20.53515972720695
2011-06-06,4,9,4,4,2011,2,6,0,19.526369795405213
2011-06-08,4,9,4,4,2011,2,8,2,19.18227734655391
2011-06-09,4,9,4,4,2011,2,9,3,18.51170800991543
2011-06-16,4,9,4,4,2011,2,16,3,15.121281007436572
2011-06-17,4,9,4,4,2011,2,17,4,19.590960755577427
2011-06-21,4,9,4,4,2011,2,21,1,22.94322056668307
2011-06-22,4,9,4,4,2011,2,22,2,18.444915425012304
2011-06-24,4,9,4,4,2011,2,24,4,18.371186568759228
2011-06-27,4,9,4,4,2011,2,27,0,22.02838992656942
2011-06-29,4,9,4,4,2011,2,29,2,17.758792444927067
2011-06-30,4,9,4,4,2011,2,30,3,21.5690943336953
2011-07-01,4,9,4,4,2011,3,1,4,17.414320750271475
2011-07-03,4,9,4,4,2011,3,3,6,17.185740562703607
2011-07-04,4,9,4,4,2011,3,4,0,18.664305422027706
2011-07-05,4,9,4,4,2011,3,5,1,18.12322906652078
2011-07-06,4,9,4,4,2011,3,6,2,14.417421799890583
2011-07-07,4,9,4,4,2011,3,7,3,14.938066349917937
2011-07-08,4,9,4,4,2011,3,8,4,73.82854976243846
2011-07-10,4,9,4,4,2011,3,10,6,57.02141232182884
2011-07-17,4,9,4,4,2011,3,17,6,43.59105924137163
2011-07-19,4,9,4,4,2011,3,19,1,40.943294431028725
2011-07-20,4,9,4,4,2011,3,20,2,32.35747082327154
2011-07-22,4,9,4,4,2011,3,22,4,28.393103117453656
2011-07-24,4,9,4,4,2011,3,24,6,37.79482733809024
2011-07-31,4,9,4,4,2011,3,31,6,32.47112050356768
2011-08-02,4,9,4,4,2011,3,2,1,78.72834037767576
2011-08-04,4,9,4,4,2011,3,4,3,63.171255283256826
2011-08-08,4,9,4,4,2011,3,8,0,47.790941462442625
2011-08-09,4,9,4,4,2011,3,9,1,56.46820609683197
2011-08-10,4,9,4,4,2011,3,10,2,46.476154572623976
2011-08-11,4,9,4,4,2011,3,11,3,38.98211592946798
2011-08-12,4,9,4,4,2011,3,12,4,33.36158694710099
2011-08-14,4,9,4,4,2011,3,14,6,26.67119021032574
2011-08-18,4,9,4,4,2011,3,18,3,20.41589265774431
2011-08-22,4,9,4,4,2011,3,22,0,23.56191949330823
2011-08-23,4,9,4,4,2011,3,23,1,21.79643961998117
2011-08-25,4,9,4,4,2011,3,25,3,24.59732971498588
2011-08-26,4,9,4,4,2011,3,26,4,22.57299728623941
2011-08-28,4,9,4,4,2011,3,28,6,19.817247964679556
2011-08-31,4,9,4,4,2011,3,31,2,55.237935973509664
2011-09-06,4,9,4,4,2011,3,6,1,42.253451980132255
2011-09-07,4,9,4,4,2011,3,7,2,39.940088985099194
2011-09-09,4,9,4,4,2011,3,9,4,30.780066738824395
2011-09-12,4,9,4,4,2011,3,12,0,27.210050054118298
2011-09-13,4,9,4,4,2011,3,13,1,22.057537540588722
2011-09-14,4,9,4,4,2011,3,14,2,24.79315315544154
2011-09-15,4,9,4,4,2011,3,15,3,23.544864866581154
2011-09-16,4,9,4,4,2011,3,16,4,35.80864864993586
2011-09-18,4,9,4,4,2011,3,18,6,28.093986487451897
2011-09-20,4,9,4,4,2011,3,20,1,21.482989865588923
2011-09-21,4,9,4,4,2011,3,21,2,17.349742399191694
2011-09-22,4,9,4,4,2011,3,22,3,18.37480679939377
2011-09-25,4,9,4,4,2011,3,25,6,17.90610509954533
2011-09-28,4,9,4,4,2011,3,28,2,14.254578824658996
2011-10-05,4,9,4,4,2011,4,5,2,11.103434118494247
2011-10-06,4,9,4,4,2011,4,6,3,26.065075588870684
2011-10-07,4,9,4,4,2011,4,7,4,24.498806691653012
2011-10-18,4,9,4,4,2011,4,18,1,20.43660501873976
2011-10-23,4,9,4,4,2011,4,23,6,15.73995376405482
2011-10-25,4,9,4,4,2011,4,25,1,20.879965323041112
2011-10-26,4,9,4,4,2011,4,26,2,19.784973992280833
2011-10-27,4,9,4,4,2011,4,27,3,18.963730494210623
2011-10-30,4,9,4,4,2011,4,30,6,16.285297870657967
2011-10-31,4,9,4,4,2011,4,31,0,16.338973402993474
2011-11-02,4,9,4,4,2011,4,2,2,20.504230052245106
2011-11-06,4,9,4,4,2011,4,6,6,20.74067253918383
2011-11-07,4,9,4,4,2011,4,7,0,19.68050440438787
2011-11-08,4,9,4,4,2011,4,8,1,18.885378303290903
2011-11-10,4,9,4,4,2011,4,10,3,26.539033727468176
2011-11-11,4,9,4,4,2011,4,11,4,24.02927529560113
2011-11-14,4,9,4,4,2011,4,14,0,19.671956471700845
2011-11-17,4,9,4,4,2011,4,17,3,18.053967353775633
2011-11-18,4,9,4,4,2011,4,18,4,21.790475515331725
2011-11-22,4,9,4,4,2011,4,22,1,16.755356636498796
2011-11-23,4,9,4,4,2011,4,23,2,16.6915174773741
2011-11-27,4,9,4,4,2011,4,27,6,13.756138108030573
2011-11-28,4,9,4,4,2011,4,28,0,11.14210358102293
2011-11-30,4,9,4,4,2011,4,30,2,10.831577685767197
2011-12-02,4,9,4,4,2011,4,2,4,12.248683264325397
2011-12-06,4,9,4,4,2011,4,6,1,13.311512448244049
2011-12-07,4,9,4,4,2011,4,7,2,10.808634336183037
2011-12-08,4,9,4,4,2011,4,8,3,12.231475752137278
2011-04-03,4,10,0,4,2011,2,3,6,59.66977625638248
2011-04-07,4,10,0,4,2011,2,7,3,49.177332192286855
2011-05-10,4,10,0,4,2011,2,10,1,45.73299914421514
2011-06-28,4,10,0,4,2011,2,28,1,238.29974935816136
2011-07-26,4,10,0,4,2011,3,26,1,187.57481201862103
2011-07-28,4,10,0,4,2011,3,28,3,158.38110901396578
2011-07-31,4,10,0,4,2011,3,31,6,126.16083176047434
2011-08-17,4,10,0,4,2011,3,17,2,97.57062382035575
2011-08-21,4,10,0,4,2011,3,21,6,78.3404678652668
2011-08-23,4,10,0,4,2011,3,23,1,59.492850898950095
2011-08-26,4,10,0,4,2011,3,26,4,49.044638174212565
2011-09-01,4,10,0,4,2011,3,1,3,62.283478630659424
2011-09-02,4,10,0,4,2011,3,2,4,48.18760897299457
2011-09-05,4,10,0,4,2011,3,5,0,87.14070672974593
2011-09-12,4,10,0,4,2011,3,12,0,69.78053004730944
2011-09-14,4,10,0,4,2011,3,14,2,57.49789753548208
2011-09-15,4,10,0,4,2011,3,15,3,47.54842315161156
2011-09-16,4,10,0,4,2011,3,16,4,57.786317363708676
2011-09-19,4,10,0,4,2011,3,19,0,68.8397380227815
2011-09-20,4,10,0,4,2011,3,20,1,79.34230351708612
2011-09-21,4,10,0,4,2011,3,21,2,63.93172763781459
2011-09-22,4,10,0,4,2011,3,22,3,82.29879572836094
2011-09-23,4,10,0,4,2011,3,23,4,66.14909679627071
2011-09-25,4,10,0,4,2011,3,25,6,74.68682259720303
2011-09-29,4,10,0,4,2011,3,29,3,73.71511694790227
2011-10-04,4,10,0,4,2011,4,4,1,458.71133771092667
2011-10-05,4,10,0,4,2011,4,5,2,348.458503283195
2011-10-06,4,10,0,4,2011,4,6,3,275.3563774623962
2011-10-09,4,10,0,4,2011,4,9,6,215.36728309679714
2011-10-10,4,10,0,4,2011,4,10,0,193.66296232259788
2011-10-11,4,10,0,4,2011,4,11,1,158.5222217419484
2011-10-14,4,10,0,4,2011,4,14,4,126.2666663064613
2011-10-17,4,10,0,4,2011,4,17,0,99.12499972984598
2011-10-18,4,10,0,4,2011,4,18,1,75.08124979738449
2011-10-20,4,10,0,4,2011,4,20,3,57.04843734803836
2011-10-21,4,10,0,4,2011,4,21,4,56.06132801102878
2011-10-25,4,10,0,4,2011,4,25,1,50.89599600827159
2011-10-27,4,10,0,4,2011,4,27,3,44.80949700620369
2011-10-28,4,10,0,4,2011,4,28,4,38.032122754652775
2011-10-31,4,10,0,4,2011,4,31,0,29.999092065989583
2011-11-01,4,10,0,4,2011,4,1,1,56.84931904949219
2011-11-02,4,10,0,4,2011,4,2,2,47.06198928711915
2011-11-03,4,10,0,4,2011,4,3,3,689.9714919653393
2011-11-04,4,10,0,4,2011,4,4,4,526.3286189740045
2011-11-06,4,10,0,4,2011,4,6,6,425.4089642305034
2011-11-07,4,10,0,4,2011,4,7,0,325.6942231728775
2011-11-08,4,10,0,4,2011,4,8,1,263.4456673796581
2011-11-09,4,10,0,4,2011,4,9,2,227.50925053474361
2011-11-10,4,10,0,4,2011,4,10,3,197.18193790105772
2011-11-11,4,10,0,4,2011,4,11,4,156.7364534257933
2011-11-14,4,10,0,4,2011,4,14,0,143.05234006934495
2011-11-15,4,10,0,4,2011,4,15,1,134.5767550520087
2011-11-16,4,10,0,4,2011,4,16,2,113.47006628900652
2011-11-17,4,10,0,4,2011,4,17,3,89.52754971675489
2011-11-18,4,10,0,4,2011,4,18,4,75.99566228756618
2011-11-20,4,10,0,4,2011,4,20,6,156.35924671567463
2011-11-21,4,10,0,4,2011,4,21,0,137.18193503675596
2011-11-22,4,10,0,4,2011,4,22,1,154.62395127756696
2011-11-23,4,10,0,4,2011,4,23,2,121.13046345817521
2011-11-24,4,10,0,4,2011,4,24,3,100.43534759363142
2011-11-25,4,10,0,4,2011,4,25,4,100.82651069522356
2011-11-27,4,10,0,4,2011,4,27,6,77.83238302141768
2011-11-28,4,10,0,4,2011,4,28,0,127.07428726606327
2011-11-29,4,10,0,4,2011,4,29,1,150.73071544954746
2011-11-30,4,10,0,4,2011,4,30,2,151.8230365871606
2011-12-01,4,10,0,4,2011,4,1,3,133.04227744037047
2011-12-02,4,10,0,4,2011,4,2,4,100.51920808027785
2011-12-04,4,10,0,4,2011,4,4,6,76.12690606020838
2011-12-05,4,10,0,4,2011,4,5,0,119.15767954515628
2011-12-06,4,10,0,4,2011,4,6,1,93.79325965886721
2011-12-08,4,10,0,4,2011,4,8,3,73.29494474415041
2011-03-17,4,11,1,4,2011,1,17,3,116.86011107231269
2011-03-18,4,11,1,4,2011,1,18,4,90.83258330423452
2011-03-20,4,11,1,4,2011,1,20,6,68.7619374781759
2011-03-28,4,11,1,4,2011,1,28,0,52.42145310863192
2011-03-30,4,11,1,4,2011,1,30,2,41.86608983147394
2011-03-31,4,11,1,4,2011,1,31,3,49.39956737360546
2011-04-07,4,11,1,4,2011,2,7,3,37.89967553020409
2011-04-14,4,11,1,4,2011,2,14,3,29.27475664765307
2011-04-21,4,11,1,4,2011,2,21,3,24.506067485739802
2011-04-27,4,11,1,4,2011,2,27,2,23.974550614304853
2011-05-01,4,11,1,4,2011,2,1,6,53.98091296072864
2011-05-05,4,11,1,4,2011,2,5,3,40.69818472054648
2011-05-09,4,11,1,4,2011,2,9,0,33.07363854040986
2011-05-11,4,11,1,4,2011,2,11,2,36.280228905307396
2011-05-13,4,11,1,4,2011,2,13,4,45.210171678980544
2011-05-17,4,11,1,4,2011,2,17,1,111.4576287592354
2011-05-19,4,11,1,4,2011,2,19,3,89.11822156942657
2011-05-22,4,11,1,4,2011,2,22,6,69.38866617706992
2011-05-24,4,11,1,4,2011,2,24,1,54.59149963280244
2011-06-03,4,11,1,4,2011,2,3,4,106.16862472460183
2011-06-09,4,11,1,4,2011,2,9,3,102.72646854345138
2011-06-10,4,11,1,4,2011,2,10,4,78.10735140758854
2011-06-17,4,11,1,4,2011,2,17,4,61.1305135556914
2011-06-19,4,11,1,4,2011,2,19,6,47.12288516676855
2011-06-30,4,11,1,4,2011,2,30,3,60.99216387507641
2011-07-04,4,11,1,4,2011,3,4,0,48.2941229063073
2011-07-05,4,11,1,4,2011,3,5,1,54.220592179730474
2011-07-06,4,11,1,4,2011,3,6,2,43.21544413479785
2011-07-17,4,11,1,4,2011,3,17,6,33.26158310109839
2011-07-18,4,11,1,4,2011,3,18,0,25.796187325823794
2011-07-20,4,11,1,4,2011,3,20,2,23.384640494367844
2011-07-21,4,11,1,4,2011,3,21,3,26.56848037077588
2011-07-24,4,11,1,4,2011,3,24,6,37.92636027808191
2011-07-31,4,11,1,4,2011,3,31,6,64.44477020856144
2011-08-01,4,11,1,4,2011,3,1,0,50.883577656421075
2011-08-02,4,11,1,4,2011,3,2,1,45.812683242315806
2011-08-04,4,11,1,4,2011,3,4,3,36.90951243173685
2011-08-05,4,11,1,4,2011,3,5,4,29.807134323802636
2011-08-08,4,11,1,4,2011,3,8,0,28.835350742851976
2011-08-10,4,11,1,4,2011,3,10,2,129.626513057139
2011-08-11,4,11,1,4,2011,3,11,3,99.76988479285424
2011-08-16,4,11,1,4,2011,3,16,1,79.92741359464068
2011-08-17,4,11,1,4,2011,3,17,2,66.95806019598051
2011-08-18,4,11,1,4,2011,3,18,3,53.19354514698538
2011-08-23,4,11,1,4,2011,3,23,1,44.99515886023904
2011-08-24,4,11,1,4,2011,3,24,2,38.84636914517928
2011-08-25,4,11,1,4,2011,3,25,3,31.68477685888446
2011-08-26,4,11,1,4,2011,3,26,4,131.76358264416334
2011-08-31,4,11,1,4,2011,3,31,2,101.3726869831225
2011-09-01,4,11,1,4,2011,3,1,3,87.82201523734189
2011-09-02,4,11,1,4,2011,3,2,4,140.4165114280064
2011-09-07,4,11,1,4,2011,3,7,2,105.7373835710048
2011-09-08,4,11,1,4,2011,3,8,3,80.1530376782536
2011-09-09,4,11,1,4,2011,3,9,4,60.53977825869019
2011-09-12,4,11,1,4,2011,3,12,0,51.99233369401764
2011-09-13,4,11,1,4,2011,3,13,1,44.09425027051323
2011-09-16,4,11,1,4,2011,3,16,4,38.170687702884926
2011-09-18,4,11,1,4,2011,3,18,6,37.1280157771637
2011-09-20,4,11,1,4,2011,3,20,1,45.846011832872776
2011-09-22,4,11,1,4,2011,3,22,3,39.697008874654585
2011-09-23,4,11,1,4,2011,3,23,4,30.19775665599094
2011-09-26,4,11,1,4,2011,3,26,0,26.898317491993204
2011-09-28,4,11,1,4,2011,3,28,2,22.723738118994905
2011-09-29,4,11,1,4,2011,3,29,3,58.142803589246185
2011-09-30,4,11,1,4,2011,3,30,4,223.60710269193464
2011-10-06,4,11,1,4,2011,4,6,3,176.20532701895098
2011-10-09,4,11,1,4,2011,4,9,6,132.57899526421323
2011-10-10,4,11,1,4,2011,4,10,0,101.98424644815992
2011-10-12,4,11,1,4,2011,4,12,2,82.22568483611994
2011-10-14,4,11,1,4,2011,4,14,4,66.76926362708996
2011-10-18,4,11,1,4,2011,4,18,1,50.926947720317465
2011-10-20,4,11,1,4,2011,4,20,3,40.7452107902381
2011-10-25,4,11,1,4,2011,4,25,1,66.55890809267856
2011-10-27,4,11,1,4,2011,4,27,3,50.98168106950892
2011-10-28,4,11,1,4,2011,4,28,4,399.3462608021317
2011-10-30,4,11,1,4,2011,4,30,6,301.20969560159875
2011-11-01,4,11,1,4,2011,4,1,1,236.10727170119907
2011-11-04,4,11,1,4,2011,4,4,4,181.11795377589928
2011-11-06,4,11,1,4,2011,4,6,6,171.83846533192445
2011-11-07,4,11,1,4,2011,4,7,0,162.60384899894333
2011-11-08,4,11,1,4,2011,4,8,1,125.7778867492075
2011-11-10,4,11,1,4,2011,4,10,3,112.33341506190563
2011-11-11,4,11,1,4,2011,4,11,4,84.88756129642923
2011-11-14,4,11,1,4,2011,4,14,0,107.31567097232193
2011-11-17,4,11,1,4,2011,4,17,3,86.86175322924144
2011-11-18,4,11,1,4,2011,4,18,4,72.79631492193108
2011-11-20,4,11,1,4,2011,4,20,6,58.63473619144832
2011-11-21,4,11,1,4,2011,4,21,0,67.07605214358624
2011-11-22,4,11,1,4,2011,4,22,1,230.30703910768966
2011-11-25,4,11,1,4,2011,4,25,4,211.13027933076725
2011-11-27,4,11,1,4,2011,4,27,6,159.62270949807544
2011-11-28,4,11,1,4,2011,4,28,0,123.75453212355657
2011-11-29,4,11,1,4,2011,4,29,1,95.36589909266742
2011-11-30,4,11,1,4,2011,4,30,2,72.16192431950057
2011-12-01,4,11,1,4,2011,4,1,3,62.62144323962543
2011-12-02,4,11,1,4,2011,4,2,4,226.96608242971908
2011-12-04,4,11,1,4,2011,4,4,6,172.77456182228931
2011-12-06,4,11,1,4,2011,4,6,1,135.10592136671698
2011-12-07,4,11,1,4,2011,4,7,2,106.42944102503773
2011-12-08,4,11,1,4,2011,4,8,3,586.3720807687783
2011-05-17,4,12,2,4,2011,2,17,1,88.31746608790289
2011-05-19,4,12,2,4,2011,2,19,3,80.73809956592717
2011-05-22,4,12,2,4,2011,2,22,6,73.34107467444538
2011-05-24,4,12,2,4,2011,2,24,1,59.955806005834035
2011-05-26,4,12,2,4,2011,2,26,3,56.10435450437552
2011-05-29,4,12,2,4,2011,2,29,6,46.20326587828164
2011-06-01,4,12,2,4,2011,2,1,2,49.152449408711234
2011-06-02,4,12,2,4,2011,2,2,3,46.16433705653343
2011-06-05,4,12,2,4,2011,2,5,6,54.07325279240007
2011-06-06,4,12,2,4,2011,2,6,0,60.35493959430005
2011-06-07,4,12,2,4,2011,2,7,1,62.59120469572503
2011-06-08,4,12,2,4,2011,2,8,2,53.130903521793776
2011-06-09,4,12,2,4,2011,2,9,3,41.08567764134533
2011-06-12,4,12,2,4,2011,2,12,6,33.701758231008995
2011-06-13,4,12,2,4,2011,2,13,0,35.176318673256745
2011-06-14,4,12,2,4,2011,2,14,1,30.50723900494256
2011-06-15,4,12,2,4,2011,2,15,2,27.830429253706917
2011-06-20,4,12,2,4,2011,2,20,0,25.82282194028019
2011-06-22,4,12,2,4,2011,2,22,2,20.19211645521014
2011-06-23,4,12,2,4,2011,2,23,3,25.044087341407604
2011-06-27,4,12,2,4,2011,2,27,0,38.2330655060557
2011-06-29,4,12,2,4,2011,2,29,2,41.87479912954177
2011-06-30,4,12,2,4,2011,2,30,3,41.30609934715633
2011-07-04,4,12,2,4,2011,3,4,0,31.804574510367242
2011-07-07,4,12,2,4,2011,3,7,3,28.80343088277543
2011-07-10,4,12,2,4,2011,3,10,6,22.840073162081573
2011-07-20,4,12,2,4,2011,3,20,2,27.030054871561177
2011-07-21,4,12,2,4,2011,3,21,3,38.272541153670886
2011-07-24,4,12,2,4,2011,3,24,6,58.116905865253166
2011-08-03,4,12,2,4,2011,3,3,2,59.675179398939875
2011-08-04,4,12,2,4,2011,3,4,3,49.70638454920491
2011-08-17,4,12,2,4,2011,3,17,2,42.229788411903684
2011-08-19,4,12,2,4,2011,3,19,4,36.62234130892776
2011-08-22,4,12,2,4,2011,3,22,0,32.416755981695815
2011-08-23,4,12,2,4,2011,3,23,1,29.26256698627186
2011-08-30,4,12,2,4,2011,3,30,1,36.446925239703894
2011-09-01,4,12,2,4,2011,3,1,3,45.33519392977792
2011-09-07,4,12,2,4,2011,3,7,2,35.65139544733344
2011-09-09,4,12,2,4,2011,3,9,4,32.51354658550008
2011-09-11,4,12,2,4,2011,3,11,6,26.03515993912506
2011-09-12,4,12,2,4,2011,3,12,0,24.47636995434379
2011-09-14,4,12,2,4,2011,3,14,2,32.857277465757846
2011-09-15,4,12,2,4,2011,3,15,3,29.592958099318384
2011-09-20,4,12,2,4,2011,3,20,1,36.69471857448879
2011-09-22,4,12,2,4,2011,3,22,3,37.83353893086659
2011-09-23,4,12,2,4,2011,3,23,4,30.02515419814994
2011-09-25,4,12,2,4,2011,3,25,6,33.65636564861245
2011-09-28,4,12,2,4,2011,3,28,2,25.65477423645934
2011-09-30,4,12,2,4,2011,3,30,4,24.191080677344505
2011-10-02,4,12,2,4,2011,4,2,6,21.85581050800838
2011-10-03,4,12,2,4,2011,4,3,0,17.216857881006284
2011-10-05,4,12,2,4,2011,4,5,2,27.762643410754713
2011-10-12,4,12,2,4,2011,4,12,2,22.059482558066033
2011-10-16,4,12,2,4,2011,4,16,6,19.844611918549525
2011-10-18,4,12,2,4,2011,4,18,1,16.120958938912143
2011-10-20,4,12,2,4,2011,4,20,3,17.040719204184107
2011-10-21,4,12,2,4,2011,4,21,4,14.43053940313808
2011-10-25,4,12,2,4,2011,4,25,1,15.772904552353559
2011-10-26,4,12,2,4,2011,4,26,2,16.77967841426517
2011-10-27,4,12,2,4,2011,4,27,3,17.534758810698875
2011-10-28,4,12,2,4,2011,4,28,4,18.101069108024156
2011-10-30,4,12,2,4,2011,4,30,6,50.000801831018116
2011-10-31,4,12,2,4,2011,4,31,0,44.92560137326358
2011-11-01,4,12,2,4,2011,4,1,1,38.64420102994768
2011-11-06,4,12,2,4,2011,4,6,6,32.69565077246076
2011-11-07,4,12,2,4,2011,4,7,0,26.99673807934557
2011-11-10,4,12,2,4,2011,4,10,3,35.98505355950918
2011-11-11,4,12,2,4,2011,4,11,4,31.938790169631886
2011-11-13,4,12,2,4,2011,4,13,6,30.554092627223916
2011-11-16,4,12,2,4,2011,4,16,2,24.565569470417934
2011-11-17,4,12,2,4,2011,4,17,3,19.24917710281345
2011-11-18,4,12,2,4,2011,4,18,4,24.336882827110088
2011-11-21,4,12,2,4,2011,4,21,0,21.552662120332567
2011-11-22,4,12,2,4,2011,4,22,1,18.639496590249422
2011-11-23,4,12,2,4,2011,4,23,2,29.717122442687067
2011-11-24,4,12,2,4,2011,4,24,3,23.937841832015298
2011-11-25,4,12,2,4,2011,4,25,4,22.903381374011474
2011-11-28,4,12,2,4,2011,4,28,0,22.127536030508605
2011-11-30,4,12,2,4,2011,4,30,2,17.420652022881452
2011-12-01,4,12,2,4,2011,4,1,3,22.965489017161087
2011-12-02,4,12,2,4,2011,4,2,4,17.636616762870815
2011-12-05,4,12,2,4,2011,4,5,0,17.76496257215311
2011-12-06,4,12,2,4,2011,4,6,1,18.27372192911483
2011-12-08,4,12,2,4,2011,4,8,3,15.355291446836125
2011-03-16,4,13,3,4,2011,1,16,2,27.674976579246827
2011-03-22,4,13,3,4,2011,1,22,1,25.91873243443512
2011-03-25,4,13,3,4,2011,1,25,4,20.91404932582634
2011-03-30,4,13,3,4,2011,1,30,2,23.798036994369756
2011-03-31,4,13,3,4,2011,1,31,3,26.69852774577732
2011-04-01,4,13,3,4,2011,2,1,4,28.873895809332993
2011-04-08,4,13,3,4,2011,2,8,4,26.080421856999745
2011-04-11,4,13,3,4,2011,2,11,0,50.160316392749806
2011-04-14,4,13,3,4,2011,2,14,3,46.47023729456236
2011-04-15,4,13,3,4,2011,2,15,4,43.70267797092177
2011-04-17,4,13,3,4,2011,2,17,6,50.47700847819133
2011-04-28,4,13,3,4,2011,2,28,3,46.7077563586435
2011-05-12,4,13,3,4,2011,2,12,3,39.45581726898263
2011-05-15,4,13,3,4,2011,2,15,6,31.80436295173697
2011-05-17,4,13,3,4,2011,2,17,1,32.70327221380273
2011-05-19,4,13,3,4,2011,2,19,3,34.852454160352046
2011-05-20,4,13,3,4,2011,2,20,4,30.564340620264037
2011-05-25,4,13,3,4,2011,2,25,2,24.39825546519803
2011-05-31,4,13,3,4,2011,2,31,1,22.723691598898522
2011-06-01,4,13,3,4,2011,2,1,2,21.46776869917389
2011-06-03,4,13,3,4,2011,2,3,4,20.52582652438042
2011-06-05,4,13,3,4,2011,2,5,6,41.94436989328531
2011-06-06,4,13,3,4,2011,2,6,0,35.88327741996399
2011-06-08,4,13,3,4,2011,2,8,2,31.337458064972992
2011-06-14,4,13,3,4,2011,2,14,1,27.928093548729745
2011-06-22,4,13,3,4,2011,2,22,2,25.37107016154731
2011-06-23,4,13,3,4,2011,2,23,3,23.453302621160482
2011-06-24,4,13,3,4,2011,2,24,4,22.014976965870364
2011-06-26,4,13,3,4,2011,2,26,6,17.986232724402775
2011-06-30,4,13,3,4,2011,2,30,3,17.914674543302084
2011-07-06,4,13,3,4,2011,3,6,2,20.073505907476562
2011-07-21,4,13,3,4,2011,3,21,3,27.730129430607423
2011-07-22,4,13,3,4,2011,3,22,4,25.22259707295557
2011-07-26,4,13,3,4,2011,3,26,1,49.51694780471668
2011-07-29,4,13,3,4,2011,3,29,4,41.56271085353751
2011-08-02,4,13,3,4,2011,3,2,1,40.022033140153134
2011-08-09,4,13,3,4,2011,3,9,1,34.44152485511485
2011-08-11,4,13,3,4,2011,3,11,3,30.256143641336138
2011-08-14,4,13,3,4,2011,3,14,6,33.017107731002106
2011-08-15,4,13,3,4,2011,3,15,0,33.61283079825158
2011-08-22,4,13,3,4,2011,3,22,0,29.634623098688685
2011-08-25,4,13,3,4,2011,3,25,3,26.650967324016516
2011-08-26,4,13,3,4,2011,3,26,4,28.838225493012388
2011-08-31,4,13,3,4,2011,3,31,2,25.31616911975929
2011-09-01,4,13,3,4,2011,3,1,3,31.662126839819468
2011-09-09,4,13,3,4,2011,3,9,4,25.221595129864603
2011-09-11,4,13,3,4,2011,3,11,6,27.766196347398456
2011-09-19,4,13,3,4,2011,3,19,0,25.249647260548844
2011-09-20,4,13,3,4,2011,3,20,1,64.83723544541164
2011-09-22,4,13,3,4,2011,3,22,3,49.365426584058724
2011-09-25,4,13,3,4,2011,3,25,6,37.76156993804404
2011-09-26,4,13,3,4,2011,3,26,0,32.746177453533036
2011-09-27,4,13,3,4,2011,3,27,1,25.297133090149778
2011-09-29,4,13,3,4,2011,3,29,3,23.397849817612336
2011-10-03,4,13,3,4,2011,4,3,0,24.185887363209254
2011-10-04,4,13,3,4,2011,4,4,1,26.989415522406944
2011-10-06,4,13,3,4,2011,4,6,3,37.94206164180521
2011-10-10,4,13,3,4,2011,4,10,0,32.88154623135391
2011-10-17,4,13,3,4,2011,4,17,0,37.936159673515434
2011-10-18,4,13,3,4,2011,4,18,1,38.03961975513658
2011-10-19,4,13,3,4,2011,4,19,2,32.954714816352435
2011-10-20,4,13,3,4,2011,4,20,3,29.141036112264327
2011-10-30,4,13,3,4,2011,4,30,6,23.330777084198246
2011-11-08,4,13,3,4,2011,4,8,1,18.973082813148686
2011-11-10,4,13,3,4,2011,4,10,3,23.079812109861514
2011-11-13,4,13,3,4,2011,4,13,6,20.259859082396137
2011-11-14,4,13,3,4,2011,4,14,0,19.619894311797104
2011-11-17,4,13,3,4,2011,4,17,3,19.13992073384783
2011-11-18,4,13,3,4,2011,4,18,4,18.779940550385874
2011-11-24,4,13,3,4,2011,4,24,3,18.509955412789406
2011-11-27,4,13,3,4,2011,4,27,6,22.732466559592055
2011-12-01,4,13,3,4,2011,4,1,3,34.74934991969404
2011-12-05,4,13,3,4,2011,4,5,0,39.33701243977053
2011-12-06,4,13,3,4,2011,4,6,1,34.6652593298279
2011-12-07,4,13,3,4,2011,4,7,2,30.423944497370922
2011-03-17,4,14,4,4,2011,1,17,3,1.6177646479946006
2011-03-21,4,14,4,4,2011,1,21,0,1.4508234859959506
2011-03-25,4,14,4,4,2011,1,25,4,1.325617614496963
2011-03-27,4,14,4,4,2011,1,27,6,1.2317132108727222
2011-04-14,4,14,4,4,2011,2,14,3,1.3987849081545418
2011-04-20,4,14,4,4,2011,2,20,2,1.5240886811159062
2011-04-28,4,14,4,4,2011,2,28,3,1.8555665108369297
2011-05-06,4,14,4,4,2011,2,6,4,2.104174883127697
2011-05-08,4,14,4,4,2011,2,8,6,2.053131162345773
2011-05-11,4,14,4,4,2011,2,11,2,1.7773483717593297
2011-05-12,4,14,4,4,2011,2,12,3,1.5705112788194973
2011-05-17,4,14,4,4,2011,2,17,1,1.890383459114623
2011-06-01,4,14,4,4,2011,2,1,2,2.6052875943359672
2011-06-02,4,14,4,4,2011,2,2,3,2.191465695751975
2011-06-06,4,14,4,4,2011,2,6,0,2.3560992718139815
2011-06-07,4,14,4,4,2011,2,7,1,2.004574453860486
2011-06-09,4,14,4,4,2011,2,9,3,1.7409308403953645
2011-06-10,4,14,4,4,2011,2,10,4,1.5431981302965234
2011-06-12,4,14,4,4,2011,2,12,6,1.3948985977223927
2011-06-14,4,14,4,4,2011,2,14,1,1.2836739482917945
2011-06-16,4,14,4,4,2011,2,16,3,1.437755461218846
2011-06-19,4,14,4,4,2011,2,19,6,1.5533165959141346
2011-06-20,4,14,4,4,2011,2,20,0,1.402487446935601
2011-06-21,4,14,4,4,2011,2,21,1,1.5268655852017008
2011-06-24,4,14,4,4,2011,2,24,4,1.3826491889012755
2011-07-03,4,14,4,4,2011,3,3,6,1.5119868916759565
2011-07-04,4,14,4,4,2011,3,4,0,2.0839901687569675
2011-07-06,4,14,4,4,2011,3,6,2,2.0379926265677257
2011-07-07,4,14,4,4,2011,3,7,3,2.003494469925794
2011-07-10,4,14,4,4,2011,3,10,6,2.2151208524443455
2011-07-17,4,14,4,4,2011,3,17,6,2.1363406393332594
2011-07-22,4,14,4,4,2011,3,22,4,2.0772554794999447
2011-07-25,4,14,4,4,2011,3,25,0,2.9829416096249584
2011-07-26,4,14,4,4,2011,3,26,1,2.7122062072187187
2011-08-11,4,14,4,4,2011,3,11,3,2.984154655414039
2011-08-15,4,14,4,4,2011,3,15,0,2.7131159915605294
2011-08-30,4,14,4,4,2011,3,30,1,2.509836993670397
2011-09-02,4,14,4,4,2011,3,2,4,2.1198777452527975
2011-09-06,4,14,4,4,2011,3,6,1,3.2524083089395983
2011-09-07,4,14,4,4,2011,3,7,2,2.914306231704699
2011-09-09,4,14,4,4,2011,3,9,4,2.660729673778524
2011-09-11,4,14,4,4,2011,3,11,6,2.2330472553338927
2011-09-12,4,14,4,4,2011,3,12,0,2.3872854415004197
2011-09-14,4,14,4,4,2011,3,14,2,2.2654640811253146
2011-09-15,4,14,4,4,2011,3,15,3,3.3615980608439857
2011-09-16,4,14,4,4,2011,3,16,4,4.8961985456329895
2011-09-18,4,14,4,4,2011,3,18,6,4.147148909224742
2011-09-21,4,14,4,4,2011,3,21,2,3.3478616819185563
2011-09-22,4,14,4,4,2011,3,22,3,2.7483962614389172
2011-09-23,4,14,4,4,2011,3,23,4,2.5362971960791882
2011-09-25,4,14,4,4,2011,3,25,6,3.564722897059391
2011-09-26,4,14,4,4,2011,3,26,0,3.1485421727945435
2011-10-03,4,14,4,4,2011,4,3,0,2.8364066295959076
2011-10-04,4,14,4,4,2011,4,4,1,2.6023049721969307
2011-10-06,4,14,4,4,2011,4,6,3,2.901728729147698
2011-10-09,4,14,4,4,2011,4,9,6,2.6512965468607734
2011-10-10,4,14,4,4,2011,4,10,0,2.22597241014558
2011-10-12,4,14,4,4,2011,4,12,2,2.8569793076091847
2011-10-13,4,14,4,4,2011,4,13,3,2.3802344807068883
2011-10-18,4,14,4,4,2011,4,18,1,3.210175860530166
2011-10-19,4,14,4,4,2011,4,19,2,4.307631895397624
2011-10-20,4,14,4,4,2011,4,20,3,3.4682239215482182
2011-10-23,4,14,4,4,2011,4,23,6,3.0761679411611635
2011-10-24,4,14,4,4,2011,4,24,0,3.2571259558708725
2011-10-26,4,14,4,4,2011,4,26,2,2.9178444669031545
2011-10-30,4,14,4,4,2011,4,30,6,3.6133833501773656
2011-10-31,4,14,4,4,2011,4,31,0,3.1850375126330244
2011-11-02,4,14,4,4,2011,4,2,2,2.8637781344747686
2011-11-03,4,14,4,4,2011,4,3,3,3.0978336008560765
2011-11-06,4,14,4,4,2011,4,6,6,4.223375200642057
2011-11-07,4,14,4,4,2011,4,7,0,3.6425314004815426
2011-11-08,4,14,4,4,2011,4,8,1,3.4443985503611567
2011-11-09,4,14,4,4,2011,4,9,2,5.4332989127708675
2011-11-10,4,14,4,4,2011,4,10,3,4.549974184578151
2011-11-11,4,14,4,4,2011,4,11,4,5.074980638433613
2011-11-13,4,14,4,4,2011,4,13,6,4.51873547882521
2011-11-14,4,14,4,4,2011,4,14,0,3.8640516091189077
2011-11-16,4,14,4,4,2011,4,16,2,3.3730387068391807
2011-11-20,4,14,4,4,2011,4,20,6,3.0047790301293857
2011-11-21,4,14,4,4,2011,4,21,0,4.391084272597039
2011-11-23,4,14,4,4,2011,4,23,2,3.5308132044477794
2011-11-24,4,14,4,4,2011,4,24,3,3.5981099033358346
2011-11-25,4,14,4,4,2011,4,25,4,5.073582427501876
2011-11-27,4,14,4,4,2011,4,27,6,4.755186820626407
2011-11-28,4,14,4,4,2011,4,28,0,4.991390115469805
2011-11-29,4,14,4,4,2011,4,29,1,3.9810425866023538
2011-11-30,4,14,4,4,2011,4,30,2,3.2232819399517654
2011-12-01,4,14,4,4,2011,4,1,3,2.654961454963824
2011-12-05,4,14,4,4,2011,4,5,0,2.228721091222868
2011-12-06,4,14,4,4,2011,4,6,1,2.1465408184171513
2011-12-07,4,14,4,4,2011,4,7,2,1.8474056138128636
2011-12-08,4,14,4,4,2011,4,8,3,2.0980542103596473
2011-05-05,4,15,0,4,2011,2,5,3,9.9
2011-05-06,4,15,0,4,2011,2,6,4,21.0375
2011-05-08,4,15,0,4,2011,2,8,6,17.015625
2011-05-11,4,15,0,4,2011,2,11,2,68.34921875
2011-05-12,4,15,0,4,2011,2,12,3,110.56191406250002
2011-05-13,4,15,0,4,2011,2,13,4,101.48393554687502
2011-05-15,4,15,0,4,2011,2,15,6,82.30045166015626
2011-05-16,4,15,0,4,2011,2,16,0,76.5753387451172
2011-05-17,4,15,0,4,2011,2,17,1,78.4690040588379
2011-05-18,4,15,0,4,2011,2,18,2,66.27675304412843
2011-05-19,4,15,0,4,2011,2,19,3,64.55756478309632
2011-05-20,4,15,0,4,2011,2,20,4,53.36817358732225
2011-05-22,4,15,0,4,2011,2,22,6,58.588630190491685
2011-05-24,4,15,0,4,2011,2,24,1,58.79147264286876
2011-05-25,4,15,0,4,2011,2,25,2,46.56860448215157
2011-05-26,4,15,0,4,2011,2,26,3,46.063953361613684
2011-05-27,4,15,0,4,2011,2,27,4,38.26046502121026
2011-05-31,4,15,0,4,2011,2,31,1,32.407848765907694
2011-06-02,4,15,0,4,2011,2,2,3,25.543386574430773
2011-06-03,4,15,0,4,2011,2,3,4,26.58253993082308
2011-06-06,4,15,0,4,2011,2,6,0,31.074404948117312
2011-06-08,4,15,0,4,2011,2,8,2,27.01830371108798
2011-06-12,4,15,0,4,2011,2,12,6,25.213727783315985
2011-06-14,4,15,0,4,2011,2,14,1,38.71029583748699
2011-06-17,4,15,0,4,2011,2,17,4,31.50772187811524
2011-06-19,4,15,0,4,2011,2,19,6,47.143291408586435
2011-06-21,4,15,0,4,2011,2,21,1,37.83246855643983
2011-06-23,4,15,0,4,2011,2,23,3,43.22435141732987
2011-06-26,4,15,0,4,2011,2,26,6,36.1307635629974
2011-06-27,4,15,0,4,2011,2,27,0,30.81057267224805
2011-06-30,4,15,0,4,2011,2,30,3,30.53292950418604
2011-07-01,4,15,0,4,2011,3,1,4,26.612197128139528
2011-07-06,4,15,0,4,2011,3,6,2,34.80914784610465
2011-07-10,4,15,0,4,2011,3,10,6,28.58186088457849
2011-07-11,4,15,0,4,2011,3,11,0,77.02389566343388
2011-07-14,4,15,0,4,2011,3,14,3,80.0429217475754
2011-07-19,4,15,0,4,2011,3,19,1,69.93219131068156
2011-07-20,4,15,0,4,2011,3,20,2,59.87414348301117
2011-07-21,4,15,0,4,2011,3,21,3,48.61810761225838
2011-07-22,4,15,0,4,2011,3,22,4,38.938580709193786
2011-07-24,4,15,0,4,2011,3,24,6,46.52893553189534
2011-07-25,4,15,0,4,2011,3,25,0,53.45920164892151
2011-08-01,4,15,0,4,2011,3,1,0,46.28190123669113
2011-08-02,4,15,0,4,2011,3,2,1,61.93642592751835
2011-08-03,4,15,0,4,2011,3,3,2,50.16481944563876
2011-08-04,4,15,0,4,2011,3,4,3,41.33611458422907
2011-08-08,4,15,0,4,2011,3,8,0,33.477085938171804
2011-08-09,4,15,0,4,2011,3,9,1,41.19531445362885
2011-08-10,4,15,0,4,2011,3,10,2,34.60898584022164
2011-08-11,4,15,0,4,2011,3,11,3,33.38173938016624
2011-08-14,4,15,0,4,2011,3,14,6,33.69880453512468
2011-08-15,4,15,0,4,2011,3,15,0,45.07410340134351
2011-08-17,4,15,0,4,2011,3,17,2,48.65557755100763
2011-08-18,4,15,0,4,2011,3,18,3,43.916683163255726
2011-08-23,4,15,0,4,2011,3,23,1,88.52501237244181
2011-08-25,4,15,0,4,2011,3,25,3,81.24375927933136
2011-08-26,4,15,0,4,2011,3,26,4,74.54531945949851
2011-08-31,4,15,0,4,2011,3,31,2,81.89648959462389
2011-09-01,4,15,0,4,2011,3,1,3,76.27236719596792
2011-09-05,4,15,0,4,2011,3,5,0,67.10427539697594
2011-09-06,4,15,0,4,2011,3,6,1,52.80320654773195
2011-09-07,4,15,0,4,2011,3,7,2,44.55240491079897
2011-09-09,4,15,0,4,2011,3,9,4,44.55180368309923
2011-09-11,4,15,0,4,2011,3,11,6,35.888852762324426
2011-09-13,4,15,0,4,2011,3,13,1,43.00413957174332
2011-09-18,4,15,0,4,2011,3,18,6,34.72810467880749
2011-09-20,4,15,0,4,2011,3,20,1,48.32107850910562
2011-09-22,4,15,0,4,2011,3,22,3,54.80330888182921
2011-09-23,4,15,0,4,2011,3,23,4,51.00248166137191
2011-09-25,4,15,0,4,2011,3,25,6,45.676861246028935
2011-09-26,4,15,0,4,2011,3,26,0,51.58264593452171
2011-09-27,4,15,0,4,2011,3,27,1,43.63698445089128
2011-09-28,4,15,0,4,2011,3,28,2,43.86523833816847
2011-09-29,4,15,0,4,2011,3,29,3,36.61142875362635
2011-09-30,4,15,0,4,2011,3,30,4,37.35857156521976
2011-10-02,4,15,0,4,2011,4,2,6,35.443928673914826
2011-10-04,4,15,0,4,2011,4,4,1,35.24544650543612
2011-10-05,4,15,0,4,2011,4,5,2,37.57158487907709
2011-10-06,4,15,0,4,2011,4,6,3,33.12868865930782
2011-10-10,4,15,0,4,2011,4,10,0,47.12151649448087
2011-10-16,4,15,0,4,2011,4,16,6,36.57863737086065
2011-10-18,4,15,0,4,2011,4,18,1,29.908978028145487
2011-10-19,4,15,0,4,2011,4,19,2,26.144233521109115
2011-10-27,4,15,0,4,2011,4,27,3,27.033175140831837
2011-10-28,4,15,0,4,2011,4,28,4,35.12488135562388
2011-11-03,4,15,0,4,2011,4,3,3,28.81866101671791
2011-11-06,4,15,0,4,2011,4,6,6,24.088995762538435
2011-11-08,4,15,0,4,2011,4,8,1,21.779246821903826
2011-11-10,4,15,0,4,2011,4,10,3,31.18443511642787
2011-11-14,4,15,0,4,2011,4,14,0,30.813326337320905
2011-11-15,4,15,0,4,2011,4,15,1,30.53499475299068
2011-11-16,4,15,0,4,2011,4,16,2,26.61374606474301
2011-11-23,4,15,0,4,2011,4,23,2,21.19780954855726
2011-11-29,4,15,0,4,2011,4,29,1,19.610857161417947
2011-11-30,4,15,0,4,2011,4,30,2,18.42064287106346
2011-12-01,4,15,0,4,2011,4,1,3,24.952982153297597
2011-12-05,4,15,0,4,2011,4,5,0,37.2772366149732
2011-12-06,4,15,0,4,2011,4,6,1,31.6704274612299
2011-05-08,4,16,1,4,2011,2,8,6,16.5
2011-05-10,4,16,1,4,2011,2,10,1,20.625
2011-05-11,4,16,1,4,2011,2,11,2,54.60625
2011-05-12,4,16,1,4,2011,2,12,3,45.079687500000006
2011-05-13,4,16,1,4,2011,2,13,4,52.784765625000006
2011-05-15,4,16,1,4,2011,2,15,6,41.23857421875
2011-05-16,4,16,1,4,2011,2,16,0,36.703930664062504
2011-05-17,4,16,1,4,2011,2,17,1,44.027947998046876
2011-05-18,4,16,1,4,2011,2,18,2,45.39596099853516
2011-05-19,4,16,1,4,2011,2,19,3,38.17197074890137
2011-05-22,4,16,1,4,2011,2,22,6,34.81647806167603
2011-05-25,4,16,1,4,2011,2,25,2,27.76235854625702
2011-06-02,4,16,1,4,2011,2,2,3,29.721768909692763
2011-06-05,4,16,1,4,2011,2,5,6,30.54132668226957
2011-06-06,4,16,1,4,2011,2,6,0,31.155995011702178
2011-06-07,4,16,1,4,2011,2,7,1,27.491996258776634
2011-06-08,4,16,1,4,2011,2,8,2,33.81899719408247
2011-06-12,4,16,1,4,2011,2,12,6,29.489247895561853
2011-06-13,4,16,1,4,2011,2,13,0,26.24193592167139
2011-06-17,4,16,1,4,2011,2,17,4,37.41895194125354
2011-06-22,4,16,1,4,2011,2,22,2,33.01421395594015
2011-06-23,4,16,1,4,2011,2,23,3,33.010660466955116
2011-06-27,4,16,1,4,2011,2,27,0,37.13299535021633
2011-06-30,4,16,1,4,2011,2,30,3,31.97474651266225
2011-07-04,4,16,1,4,2011,3,4,0,25.631059884496686
2011-07-06,4,16,1,4,2011,3,6,2,21.285794913372513
2011-07-07,4,16,1,4,2011,3,7,3,21.739346185029383
2011-07-08,4,16,1,4,2011,3,8,4,24.55450963877204
2011-07-10,4,16,1,4,2011,3,10,6,20.47838222907903
2011-07-11,4,16,1,4,2011,3,11,0,19.483786671809273
2011-07-14,4,16,1,4,2011,3,14,3,22.862840003856956
2011-07-17,4,16,1,4,2011,3,17,6,21.272130002892716
2011-07-19,4,16,1,4,2011,3,19,1,28.32909750216954
2011-07-20,4,16,1,4,2011,3,20,2,57.496823126627156
2011-07-21,4,16,1,4,2011,3,21,3,51.372617344970365
2011-07-22,4,16,1,4,2011,3,22,4,42.654463008727774
2011-07-24,4,16,1,4,2011,3,24,6,48.490847256545834
2011-07-25,4,16,1,4,2011,3,25,0,40.493135442409375
2011-07-26,4,16,1,4,2011,3,26,1,34.49485158180703
2011-07-28,4,16,1,4,2011,3,28,3,54.74613868635527
2011-07-31,4,16,1,4,2011,3,31,6,46.422104014766454
2011-08-01,4,16,1,4,2011,3,1,0,38.94157801107484
2011-08-02,4,16,1,4,2011,3,2,1,37.456183508306125
2011-08-04,4,16,1,4,2011,3,4,3,32.21713763122959
2011-08-07,4,16,1,4,2011,3,7,6,25.400353223422194
2011-08-09,4,16,1,4,2011,3,9,1,39.67526491756664
2011-08-10,4,16,1,4,2011,3,10,2,33.881448688174984
2011-08-18,4,16,1,4,2011,3,18,3,30.361086516131238
2011-08-22,4,16,1,4,2011,3,22,0,26.895814887098428
2011-08-23,4,16,1,4,2011,3,23,1,28.421861165323822
2011-08-25,4,16,1,4,2011,3,25,3,25.441395873992867
2011-08-26,4,16,1,4,2011,3,26,4,20.73104690549465
2011-08-28,4,16,1,4,2011,3,28,6,19.673285179120988
2011-08-31,4,16,1,4,2011,3,31,2,51.00496388434074
2011-09-01,4,16,1,4,2011,3,1,3,43.20372291325556
2011-09-06,4,16,1,4,2011,3,6,1,44.36529218494167
2011-09-07,4,16,1,4,2011,3,7,2,45.648969138706256
2011-09-09,4,16,1,4,2011,3,9,4,38.36172685402969
2011-09-12,4,16,1,4,2011,3,12,0,32.89629514052227
2011-09-13,4,16,1,4,2011,3,13,1,31.6847213553917
2011-09-14,4,16,1,4,2011,3,14,2,27.888541016543776
2011-09-15,4,16,1,4,2011,3,15,3,25.041405762407834
2011-09-16,4,16,1,4,2011,3,16,4,22.906054321805875
2011-09-18,4,16,1,4,2011,3,18,6,25.42954074135441
2011-09-21,4,16,1,4,2011,3,21,2,27.322155556015808
2011-09-22,4,16,1,4,2011,3,22,3,32.04161666701185
2011-09-23,4,16,1,4,2011,3,23,4,28.15621250025889
2011-09-27,4,16,1,4,2011,3,27,1,25.242159375194166
2011-09-29,4,16,1,4,2011,3,29,3,21.406619531395627
2011-09-30,4,16,1,4,2011,3,30,4,20.179964648546722
2011-10-02,4,16,1,4,2011,4,2,6,16.37247348641004
2011-10-04,4,16,1,4,2011,4,4,1,16.40435511480753
2011-10-05,4,16,1,4,2011,4,5,2,16.840766336105645
2011-10-06,4,16,1,4,2011,4,6,3,22.118074752079234
2011-10-09,4,16,1,4,2011,4,9,6,24.838556064059425
2011-10-10,4,16,1,4,2011,4,10,0,22.75391704804457
2011-10-11,4,16,1,4,2011,4,11,1,31.090437786033426
2011-10-20,4,16,1,4,2011,4,20,3,32.805328339525076
2011-10-23,4,16,1,4,2011,4,23,6,25.01649625464381
2011-10-25,4,16,1,4,2011,4,25,1,27.012372190982855
2011-10-26,4,16,1,4,2011,4,26,2,22.32177914323714
2011-10-30,4,16,1,4,2011,4,30,6,22.516334357427855
2011-11-02,4,16,1,4,2011,4,2,2,25.137250768070892
2011-11-06,4,16,1,4,2011,4,6,6,20.50293807605317
2011-11-08,4,16,1,4,2011,4,8,1,16.202203557039876
2011-11-09,4,16,1,4,2011,4,9,2,16.276652667779906
2011-11-10,4,16,1,4,2011,4,10,3,28.70748950083493
2011-11-11,4,16,1,4,2011,4,11,4,57.7806171256262
2011-11-14,4,16,1,4,2011,4,14,0,48.28546284421965
2011-11-17,4,16,1,4,2011,4,17,3,37.45159713316474
2011-11-18,4,16,1,4,2011,4,18,4,36.338697849873554
2011-11-20,4,16,1,4,2011,4,20,6,28.904023387405164
2011-11-23,4,16,1,4,2011,4,23,2,29.928017540553874
2011-11-24,4,16,1,4,2011,4,24,3,30.696013155415407
2011-11-25,4,16,1,4,2011,4,25,4,27.147009866561554
2011-11-27,4,16,1,4,2011,4,27,6,21.597757399921168
2011-11-28,4,16,1,4,2011,4,28,0,20.323318049940877
2011-12-01,4,16,1,4,2011,4,1,3,19.367488537455657
2011-12-05,4,16,1,4,2011,4,5,0,24.42561640309174
2011-12-06,4,16,1,4,2011,4,6,1,22.444212302318807
2011-12-07,4,16,1,4,2011,4,7,2,20.958159226739106
2011-12-08,4,16,1,4,2011,4,8,3,19.84361942005433
2011-03-25,4,17,2,4,2011,1,25,4,16.374228754710927
2011-03-27,4,17,2,4,2011,1,27,6,12.693171566033195
2011-03-30,4,17,2,4,2011,1,30,2,62.2698786745249
2011-03-31,4,17,2,4,2011,1,31,3,50.82740900589367
2011-04-01,4,17,2,4,2011,2,1,4,50.49555675442025
2011-04-06,4,17,2,4,2011,2,6,2,42.82166756581519
2011-04-10,4,17,2,4,2011,2,10,6,34.5912506743614
2011-04-13,4,17,2,4,2011,2,13,2,30.06843800577105
2011-04-20,4,17,2,4,2011,2,20,2,24.201328504328288
2011-04-21,4,17,2,4,2011,2,21,3,22.275996378246216
2011-04-26,4,17,2,4,2011,2,26,1,20.83199728368466
2011-05-01,4,17,2,4,2011,2,1,6,19.748997962763497
2011-05-05,4,17,2,4,2011,2,5,3,18.936748472072622
2011-05-06,4,17,2,4,2011,2,6,4,18.327561354054467
2011-05-08,4,17,2,4,2011,2,8,6,14.98317101554085
2011-05-10,4,17,2,4,2011,2,10,1,12.062378261655638
2011-05-11,4,17,2,4,2011,2,11,2,13.171783696241729
2011-05-12,4,17,2,4,2011,2,12,3,14.003837772181296
2011-05-13,4,17,2,4,2011,2,13,4,14.62787832913597
2011-05-16,4,17,2,4,2011,2,16,0,12.62090874685198
2011-05-17,4,17,2,4,2011,2,17,1,30.090681560138982
2011-05-22,4,17,2,4,2011,2,22,6,23.393011170104234
2011-05-23,4,17,2,4,2011,2,23,0,21.669758377578177
2011-05-25,4,17,2,4,2011,2,25,2,17.489818783183633
2011-05-26,4,17,2,4,2011,2,26,3,17.242364087387724
2011-06-05,4,17,2,4,2011,2,5,6,21.181773065540792
2011-06-06,4,17,2,4,2011,2,6,0,20.836329799155592
2011-06-08,4,17,2,4,2011,2,8,2,16.452247349366694
2011-06-15,4,17,2,4,2011,2,15,2,16.46418551202502
2011-06-17,4,17,2,4,2011,2,17,4,18.123139134018764
2011-06-19,4,17,2,4,2011,2,19,6,14.417354350514072
2011-06-21,4,17,2,4,2011,2,21,1,19.063015762885556
2011-06-23,4,17,2,4,2011,2,23,3,18.422261822164167
2011-06-24,4,17,2,4,2011,2,24,4,17.941696366623127
2011-06-27,4,17,2,4,2011,2,27,0,17.581272274967347
2011-06-30,4,17,2,4,2011,2,30,3,21.43595420622551
2011-07-01,4,17,2,4,2011,3,1,4,16.90196565466913
2011-07-04,4,17,2,4,2011,3,4,0,15.151474241001848
2011-07-06,4,17,2,4,2011,3,6,2,13.426105680751386
2011-07-08,4,17,2,4,2011,3,8,4,76.81957926056354
2011-07-11,4,17,2,4,2011,3,11,0,61.739684445422654
2011-07-13,4,17,2,4,2011,3,13,2,54.55476333406699
2011-07-17,4,17,2,4,2011,3,17,6,45.04107250055024
2011-07-18,4,17,2,4,2011,3,18,0,35.843304375412686
2011-07-19,4,17,2,4,2011,3,19,1,35.132478281559514
2011-07-20,4,17,2,4,2011,3,20,2,32.536858711169636
2011-07-24,4,17,2,4,2011,3,24,6,40.90264403337723
2011-07-31,4,17,2,4,2011,3,31,6,36.45198302503292
2011-08-08,4,17,2,4,2011,3,8,0,27.751487268774696
2011-08-09,4,17,2,4,2011,3,9,1,24.938615451581022
2011-08-11,4,17,2,4,2011,3,11,3,19.941461588685765
2011-08-22,4,17,2,4,2011,3,22,0,19.081096191514323
2011-08-23,4,17,2,4,2011,3,23,1,22.560822143635743
2011-08-25,4,17,2,4,2011,3,25,3,21.045616607726807
2011-08-26,4,17,2,4,2011,3,26,4,21.559212455795105
2011-08-28,4,17,2,4,2011,3,28,6,22.35690934184633
2011-08-31,4,17,2,4,2011,3,31,2,61.267682006384746
2011-09-04,4,17,2,4,2011,3,4,6,46.77576150478856
2011-09-12,4,17,2,4,2011,3,12,0,39.20682112859142
2011-09-13,4,17,2,4,2011,3,13,1,31.880115846443566
2011-09-14,4,17,2,4,2011,3,14,2,28.035086884832673
2011-09-15,4,17,2,4,2011,3,15,3,29.276315163624503
2011-09-16,4,17,2,4,2011,3,16,4,26.082236372718377
2011-09-18,4,17,2,4,2011,3,18,6,20.386677279538784
2011-09-21,4,17,2,4,2011,3,21,2,21.890007959654085
2011-09-22,4,17,2,4,2011,3,22,3,17.242505969740563
2011-09-28,4,17,2,4,2011,3,28,2,14.169379477305423
2011-09-30,4,17,2,4,2011,3,30,4,14.752034607979066
2011-10-02,4,17,2,4,2011,4,2,6,11.476525955984298
2011-10-04,4,17,2,4,2011,4,4,1,11.082394466988223
2011-10-05,4,17,2,4,2011,4,5,2,8.724295850241168
2011-10-06,4,17,2,4,2011,4,6,3,10.668221887680875
2011-10-07,4,17,2,4,2011,4,7,4,8.826166415760657
2011-10-10,4,17,2,4,2011,4,10,0,7.444624811820493
2011-10-11,4,17,2,4,2011,4,11,1,9.70846860886537
2011-10-14,4,17,2,4,2011,4,14,4,11.406351456649027
2011-10-18,4,17,2,4,2011,4,18,1,10.61726359248677
2011-10-20,4,17,2,4,2011,4,20,3,16.212947694365077
2011-10-25,4,17,2,4,2011,4,25,1,12.984710770773807
2011-10-26,4,17,2,4,2011,4,26,2,13.863533078080355
2011-10-27,4,17,2,4,2011,4,27,3,14.522649808560267
2011-11-06,4,17,2,4,2011,4,6,6,11.7169873564202
2011-11-08,4,17,2,4,2011,4,8,1,12.91274051731515
2011-11-17,4,17,2,4,2011,4,17,3,12.159555387986362
2011-11-18,4,17,2,4,2011,4,18,4,17.369666540989773
2011-11-20,4,17,2,4,2011,4,20,6,21.27724990574233
2011-11-21,4,17,2,4,2011,4,21,0,16.370437429306747
2011-11-23,4,17,2,4,2011,4,23,2,20.52782807198006
2011-11-25,4,17,2,4,2011,4,25,4,23.645871053985047
2011-11-27,4,17,2,4,2011,4,27,6,18.971903290488786
2011-11-28,4,17,2,4,2011,4,28,0,22.47892746786659
2011-12-01,4,17,2,4,2011,4,1,3,18.509195600899943
2011-12-07,4,17,2,4,2011,4,7,2,18.006896700674957
2011-03-20,4,18,3,4,2011,1,20,6,13.383416413321248
2011-03-24,4,18,3,4,2011,1,24,3,14.162562309990935
2011-03-25,4,18,3,4,2011,1,25,4,22.996921732493202
2011-03-28,4,18,3,4,2011,1,28,0,17.660191299369902
2011-03-30,4,18,3,4,2011,1,30,2,26.445143474527427
2011-03-31,4,18,3,4,2011,1,31,3,20.65885760589557
2011-04-01,4,18,3,4,2011,2,1,4,21.681643204421675
2011-04-04,4,18,3,4,2011,2,4,0,20.386232403316257
2011-04-06,4,18,3,4,2011,2,6,2,19.414674302487192
2011-04-07,4,18,3,4,2011,2,7,3,19.511005726865395
2011-04-10,4,18,3,4,2011,2,10,6,16.283254295149046
2011-04-14,4,18,3,4,2011,2,14,3,16.337440721361784
2011-04-17,4,18,3,4,2011,2,17,6,13.078080541021336
2011-04-18,4,18,3,4,2011,2,18,0,11.046060405766003
2011-04-21,4,18,3,4,2011,2,21,3,9.109545304324502
2011-04-26,4,18,3,4,2011,2,26,1,10.957158978243378
2011-05-03,4,18,3,4,2011,2,3,1,12.342869233682533
2011-05-05,4,18,3,4,2011,2,5,3,13.3821519252619
2011-05-08,4,18,3,4,2011,2,8,6,10.449113943946424
2011-05-09,4,18,3,4,2011,2,9,0,11.961835457959818
2011-05-11,4,18,3,4,2011,2,11,2,11.446376593469862
2011-05-12,4,18,3,4,2011,2,12,3,12.709782445102396
2011-05-13,4,18,3,4,2011,2,13,4,13.657336833826797
2011-05-15,4,18,3,4,2011,2,15,6,11.068002625370097
2011-05-16,4,18,3,4,2011,2,16,0,9.951001969027573
2011-05-17,4,18,3,4,2011,2,17,1,8.70075147677068
2011-05-22,4,18,3,4,2011,2,22,6,7.76306360757801
2011-05-23,4,18,3,4,2011,2,23,0,9.947297705683507
2011-05-25,4,18,3,4,2011,2,25,2,8.69797327926263
2011-06-02,4,18,3,4,2011,2,2,3,8.173479959446972
2011-06-07,4,18,3,4,2011,2,7,1,6.955109969585229
2011-06-08,4,18,3,4,2011,2,8,2,6.041332477188922
2011-06-09,4,18,3,4,2011,2,9,3,4.943499357891691
2011-06-15,4,18,3,4,2011,2,15,2,7.832624518418768
2011-06-17,4,18,3,4,2011,2,17,4,14.124468388814076
2011-06-19,4,18,3,4,2011,2,19,6,15.543351291610556
2011-06-23,4,18,3,4,2011,2,23,3,19.90751346870792
2011-06-24,4,18,3,4,2011,2,24,4,19.05563510153094
2011-06-27,4,18,3,4,2011,2,27,0,18.416726326148204
2011-06-29,4,18,3,4,2011,2,29,2,15.462544744611153
2011-07-04,4,18,3,4,2011,3,4,0,18.196908558458365
2011-07-06,4,18,3,4,2011,3,6,2,15.710181418843774
2011-07-07,4,18,3,4,2011,3,7,3,13.432636064132831
2011-07-08,4,18,3,4,2011,3,8,4,72.69947704809962
2011-07-17,4,18,3,4,2011,3,17,6,56.58710778607472
2011-07-19,4,18,3,4,2011,3,19,1,50.69033083955604
2011-07-20,4,18,3,4,2011,3,20,2,40.08024812966703
2011-07-22,4,18,3,4,2011,3,22,4,34.185186097250266
2011-07-31,4,18,3,4,2011,3,31,6,26.8763895729377
2011-08-01,4,18,3,4,2011,3,1,0,20.569792179703278
2011-08-02,4,18,3,4,2011,3,2,1,78.05234413477746
2011-08-04,4,18,3,4,2011,3,4,3,62.66425810108309
2011-08-08,4,18,3,4,2011,3,8,0,47.410693575812324
2011-08-09,4,18,3,4,2011,3,9,1,52.05802018185924
2011-08-10,4,18,3,4,2011,3,10,2,43.16851513639443
2011-08-17,4,18,3,4,2011,3,17,2,33.20138635229583
2011-08-18,4,18,3,4,2011,3,18,3,29.02603976422187
2011-08-22,4,18,3,4,2011,3,22,0,25.8945298231664
2011-08-23,4,18,3,4,2011,3,23,1,23.5458973673748
2011-08-25,4,18,3,4,2011,3,25,3,25.909423025531098
2011-08-28,4,18,3,4,2011,3,28,6,22.319567269148322
2011-08-31,4,18,3,4,2011,3,31,2,20.864675451861242
2011-09-04,4,18,3,4,2011,3,4,6,17.29850658889593
2011-09-12,4,18,3,4,2011,3,12,0,21.223879941671946
2011-09-13,4,18,3,4,2011,3,13,1,23.34290995625396
2011-09-15,4,18,3,4,2011,3,15,3,21.632182467190468
2011-09-16,4,18,3,4,2011,3,16,4,20.349136850392853
2011-09-18,4,18,3,4,2011,3,18,6,16.08685263779464
2011-09-20,4,18,3,4,2011,3,20,1,12.47763947834598
2011-09-21,4,18,3,4,2011,3,21,2,11.008229608759486
2011-09-22,4,18,3,4,2011,3,22,3,15.268672206569615
2011-09-23,4,18,3,4,2011,3,23,4,15.57650415492721
2011-09-25,4,18,3,4,2011,3,25,6,15.807378116195409
2011-09-26,4,18,3,4,2011,3,26,0,15.980533587146557
2011-09-28,4,18,3,4,2011,3,28,2,12.397900190359918
2011-10-04,4,18,3,4,2011,4,4,1,15.898425142769938
2011-10-05,4,18,3,4,2011,4,5,2,16.46131885707745
2011-10-06,4,18,3,4,2011,4,6,3,25.54598914280809
2011-10-07,4,18,3,4,2011,4,7,4,33.18449185710607
2011-10-11,4,18,3,4,2011,4,11,1,29.83836889282955
2011-10-18,4,18,3,4,2011,4,18,1,23.20377666962216
2011-10-20,4,18,3,4,2011,4,20,3,18.640332502216623
2011-10-23,4,18,3,4,2011,4,23,6,16.455249376662465
2011-10-25,4,18,3,4,2011,4,25,1,18.116437032496847
2011-10-27,4,18,3,4,2011,4,27,3,17.712327774372636
2011-10-30,4,18,3,4,2011,4,30,6,17.409245830779476
2011-11-06,4,18,3,4,2011,4,6,6,18.419434373084606
2011-11-07,4,18,3,4,2011,4,7,0,18.352075779813454
2011-11-08,4,18,3,4,2011,4,8,1,18.71405683486009
2011-11-10,4,18,3,4,2011,4,10,3,16.09804262614507
2011-11-16,4,18,3,4,2011,4,16,2,13.311031969608802
2011-11-17,4,18,3,4,2011,4,17,3,20.2957739772066
2011-11-20,4,18,3,4,2011,4,20,6,20.17183048290495
2011-11-21,4,18,3,4,2011,4,21,0,20.078872862178713
2011-11-22,4,18,3,4,2011,4,22,1,23.309154646634035
2011-11-23,4,18,3,4,2011,4,23,2,29.856865984975528
2011-11-24,4,18,3,4,2011,4,24,3,26.517649488731646
2011-11-25,4,18,3,4,2011,4,25,4,28.138237116548733
2011-11-27,4,18,3,4,2011,4,27,6,22.34117783741155
2011-11-28,4,18,3,4,2011,4,28,0,20.880883378058662
2011-12-01,4,18,3,4,2011,4,1,3,17.310662533543997
2011-12-05,4,18,3,4,2011,4,5,0,17.932996900157995
2011-12-06,4,18,3,4,2011,4,6,1,15.924747675118496
2011-12-07,4,18,3,4,2011,4,7,2,16.068560756338872
2011-12-08,4,18,3,4,2011,4,8,3,16.176420567254155
2011-03-14,4,19,4,4,2011,1,14,0,21.244047638846187
2011-03-15,4,19,4,4,2011,1,15,1,19.23303572913464
2011-03-18,4,19,4,4,2011,1,18,4,17.724776796850982
2011-03-20,4,19,4,4,2011,1,20,6,14.118582597638236
2011-03-21,4,19,4,4,2011,1,21,0,13.888936948228677
2011-03-24,4,19,4,4,2011,1,24,3,23.016702711171508
2011-03-28,4,19,4,4,2011,1,28,0,20.562527033378633
2011-03-30,4,19,4,4,2011,1,30,2,18.721895275033976
2011-03-31,4,19,4,4,2011,1,31,3,23.941421456275485
2011-04-01,4,19,4,4,2011,2,1,4,21.256066092206613
2011-04-04,4,19,4,4,2011,2,4,0,25.84204956915496
2011-04-06,4,19,4,4,2011,2,6,2,22.819037176866217
2011-04-07,4,19,4,4,2011,2,7,3,17.38927788264966
2011-04-10,4,19,4,4,2011,2,10,6,16.341958411987246
2011-04-14,4,19,4,4,2011,2,14,3,22.156468808990432
2011-04-18,4,19,4,4,2011,2,18,0,17.167351606742823
2011-04-19,4,19,4,4,2011,2,19,1,19.475513705057118
2011-04-20,4,19,4,4,2011,2,20,2,17.906635278792837
2011-04-26,4,19,4,4,2011,2,26,1,16.72997645909463
2011-05-05,4,19,4,4,2011,2,5,3,15.847482344320973
2011-05-06,4,19,4,4,2011,2,6,4,12.16061175824073
2011-05-08,4,19,4,4,2011,2,8,6,9.670458818680547
2011-05-09,4,19,4,4,2011,2,9,0,13.852844114010411
2011-05-15,4,19,4,4,2011,2,15,6,10.664633085507809
2011-05-16,4,19,4,4,2011,2,16,0,11.298474814130858
2011-05-19,4,19,4,4,2011,2,19,3,12.048856110598145
2011-05-22,4,19,4,4,2011,2,22,6,20.586642082948607
2011-05-24,4,19,4,4,2011,2,24,1,18.739981562211455
2011-05-25,4,19,4,4,2011,2,25,2,17.35498617165859
2011-05-27,4,19,4,4,2011,2,27,4,17.691239628743944
2011-06-01,4,19,4,4,2011,2,1,2,16.56842972155796
2011-06-02,4,19,4,4,2011,2,2,3,15.726322291168469
2011-06-05,4,19,4,4,2011,2,5,6,18.394741718376352
2011-06-08,4,19,4,4,2011,2,8,2,17.233556288782264
2011-06-09,4,19,4,4,2011,2,9,3,16.225167216586698
2011-06-16,4,19,4,4,2011,2,16,3,15.468875412440024
2011-06-17,4,19,4,4,2011,2,17,4,18.20165655933002
2011-06-20,4,19,4,4,2011,2,20,0,13.926242419497514
2011-06-23,4,19,4,4,2011,2,23,3,13.744681814623137
2011-07-04,4,19,4,4,2011,3,4,0,13.608511360967354
2011-07-05,4,19,4,4,2011,3,5,1,20.106383520725515
2011-07-07,4,19,4,4,2011,3,7,3,16.729787640544135
2011-07-11,4,19,4,4,2011,3,11,0,12.822340730408103
2011-07-14,4,19,4,4,2011,3,14,3,12.916755547806078
2011-07-19,4,19,4,4,2011,3,19,1,16.28756666085456
2011-07-20,4,19,4,4,2011,3,20,2,15.51567499564092
2011-07-22,4,19,4,4,2011,3,22,4,12.049256246730689
2011-07-26,4,19,4,4,2011,3,26,1,21.636942185048014
2011-07-28,4,19,4,4,2011,3,28,3,19.52770663878601
2011-07-29,4,19,4,4,2011,3,29,4,17.945779979089508
2011-07-31,4,19,4,4,2011,3,31,6,14.28433498431713
2011-08-04,4,19,4,4,2011,3,4,3,17.31325123823785
2011-08-05,4,19,4,4,2011,3,5,4,16.284938428678387
2011-08-09,4,19,4,4,2011,3,9,1,24.81370382150879
2011-08-11,4,19,4,4,2011,3,11,3,19.02277786613159
2011-08-16,4,19,4,4,2011,3,16,1,17.567083399598694
2011-08-18,4,19,4,4,2011,3,18,3,13.31281254969902
2011-08-24,4,19,4,4,2011,3,24,2,10.534609412274266
2011-08-31,4,19,4,4,2011,3,31,2,9.6884570592057
2011-09-02,4,19,4,4,2011,3,2,4,19.866342794404275
2011-09-04,4,19,4,4,2011,3,4,6,15.174757095803207
2011-09-05,4,19,4,4,2011,3,5,0,12.481067821852404
2011-09-13,4,19,4,4,2011,3,13,1,13.073300866389303
2011-09-14,4,19,4,4,2011,3,14,2,10.629975649791977
2011-09-19,4,19,4,4,2011,3,19,0,11.272481737343982
2011-09-20,4,19,4,4,2011,3,20,1,11.754361303007988
2011-09-22,4,19,4,4,2011,3,22,3,8.95327097725599
2011-09-23,4,19,4,4,2011,3,23,4,10.014953232941993
2011-09-25,4,19,4,4,2011,3,25,6,8.886214924706495
2011-09-26,4,19,4,4,2011,3,26,0,10.102161193529872
2011-09-27,4,19,4,4,2011,3,27,1,10.876620895147404
2011-09-30,4,19,4,4,2011,3,30,4,11.457465671360554
2011-10-04,4,19,4,4,2011,4,4,1,11.893099253520417
2011-10-05,4,19,4,4,2011,4,5,2,12.219824440140313
2011-10-06,4,19,4,4,2011,4,6,3,19.064868330105234
2011-10-07,4,19,4,4,2011,4,7,4,14.848651247578927
2011-10-11,4,19,4,4,2011,4,11,1,14.436488435684195
2011-10-14,4,19,4,4,2011,4,14,4,11.102366326763146
2011-10-20,4,19,4,4,2011,4,20,3,11.62677474507236
2011-10-24,4,19,4,4,2011,4,24,0,8.99508105880427
2011-10-25,4,19,4,4,2011,4,25,1,10.871310794103202
2011-10-27,4,19,4,4,2011,4,27,3,9.115983095577402
2011-10-31,4,19,4,4,2011,4,31,0,10.136987321683051
2011-11-02,4,19,4,4,2011,4,2,2,7.877740491262289
2011-11-04,4,19,4,4,2011,4,4,4,6.183305368446717
2011-11-07,4,19,4,4,2011,4,7,0,7.937479026335039
2011-11-16,4,19,4,4,2011,4,16,2,6.090609269751279
2011-11-18,4,19,4,4,2011,4,18,4,7.86795695231346
2011-11-20,4,19,4,4,2011,4,20,6,6.175967714235095
2011-11-21,4,19,4,4,2011,4,21,0,7.931975785676322
2011-11-23,4,19,4,4,2011,4,23,2,9.248981839257242
2011-11-27,4,19,4,4,2011,4,27,6,7.211736379442932
2011-11-28,4,19,4,4,2011,4,28,0,5.6838022845822
2011-11-29,4,19,4,4,2011,4,29,1,7.56285171343665
2011-12-05,4,19,4,4,2011,4,5,0,5.809638785077488
2011-12-06,4,19,4,4,2011,4,6,1,7.657229088808116
2011-12-08,4,19,4,4,2011,4,8,3,6.017921816606087
